filename,tumor_type,split
Tr-pi_0505.jpg,pituitary,train,train/pituitary/Tr-pi_0505.jpg
Tr-pi_0263.jpg,pituitary,train,train/pituitary/Tr-pi_0263.jpg
P_712_RO_.jpg,pituitary,train,train/pituitary/P_712_RO_.jpg
Tr-pi_0277.jpg,pituitary,train,train/pituitary/Tr-pi_0277.jpg
Tr-pi_1169.jpg,pituitary,train,train/pituitary/Tr-pi_1169.jpg
Tr-pi_0511.jpg,pituitary,train,train/pituitary/Tr-pi_0511.jpg
Tr-pi_0539.jpg,pituitary,train,train/pituitary/Tr-pi_0539.jpg
P_823_SP_.jpg,pituitary,train,train/pituitary/P_823_SP_.jpg
Tr-pi_1141.jpg,pituitary,train,train/pituitary/Tr-pi_1141.jpg
Tr-pi_1155.jpg,pituitary,train,train/pituitary/Tr-pi_1155.jpg
p (498).jpg,pituitary,train,train/pituitary/p (498).jpg
p (532).jpg,pituitary,train,train/pituitary/p (532).jpg
P_833_SP_.jpg,pituitary,train,train/pituitary/P_833_SP_.jpg
P_798_HF_.jpg,pituitary,train,train/pituitary/P_798_HF_.jpg
P_788_HF_.jpg,pituitary,train,train/pituitary/P_788_HF_.jpg
P_803.jpg,pituitary,train,train/pituitary/P_803.jpg
Tr-pi_1182.jpg,pituitary,train,train/pituitary/Tr-pi_1182.jpg
Tr-pi_1196.jpg,pituitary,train,train/pituitary/Tr-pi_1196.jpg
Tr-pi_0288.jpg,pituitary,train,train/pituitary/Tr-pi_0288.jpg
P_844_HF_.jpg,pituitary,train,train/pituitary/P_844_HF_.jpg
P_817.jpg,pituitary,train,train/pituitary/P_817.jpg
Tr-pi_0707.jpg,pituitary,train,train/pituitary/Tr-pi_0707.jpg
P_721_HF_.jpg,pituitary,train,train/pituitary/P_721_HF_.jpg
1179.jpg,pituitary,train,train/pituitary/1179.jpg
Tr-pi_0713.jpg,pituitary,train,train/pituitary/Tr-pi_0713.jpg
P_731_HF_.jpg,pituitary,train,train/pituitary/P_731_HF_.jpg
Tr-pi_1343.jpg,pituitary,train,train/pituitary/Tr-pi_1343.jpg
p (565).jpg,pituitary,train,train/pituitary/p (565).jpg
Tr-pi_1357.jpg,pituitary,train,train/pituitary/Tr-pi_1357.jpg
Tr-pi_0049.jpg,pituitary,train,train/pituitary/Tr-pi_0049.jpg
P_756_SP_.jpg,pituitary,train,train/pituitary/P_756_SP_.jpg
P_746_SP_.jpg,pituitary,train,train/pituitary/P_746_SP_.jpg
Te-pi_0019.jpg,pituitary,train,train/pituitary/Te-pi_0019.jpg
Te-pi_0031.jpg,pituitary,train,train/pituitary/Te-pi_0031.jpg
1192.jpg,pituitary,train,train/pituitary/1192.jpg
1186.jpg,pituitary,train,train/pituitary/1186.jpg
Tr-pi_1394.jpg,pituitary,train,train/pituitary/Tr-pi_1394.jpg
Te-pi_0025.jpg,pituitary,train,train/pituitary/Te-pi_0025.jpg
Tr-pi_0115.jpg,pituitary,train,train/pituitary/Tr-pi_0115.jpg
Tr-pi_0673.jpg,pituitary,train,train/pituitary/Tr-pi_0673.jpg
P_805_RO_.jpg,pituitary,train,train/pituitary/P_805_RO_.jpg
Tr-pi_0667.jpg,pituitary,train,train/pituitary/Tr-pi_0667.jpg
P_815_RO_.jpg,pituitary,train,train/pituitary/P_815_RO_.jpg
Tr-pi_0101.jpg,pituitary,train,train/pituitary/Tr-pi_0101.jpg
P_7_SP_.jpg,pituitary,train,train/pituitary/P_7_SP_.jpg
Tr-pi_0129.jpg,pituitary,train,train/pituitary/Tr-pi_0129.jpg
Te-pi_0186.jpg,pituitary,train,train/pituitary/Te-pi_0186.jpg
Tr-pi_1237.jpg,pituitary,train,train/pituitary/Tr-pi_1237.jpg
P_734_SP_.jpg,pituitary,train,train/pituitary/P_734_SP_.jpg
p (573).jpg,pituitary,train,train/pituitary/p (573).jpg
P_724_SP_.jpg,pituitary,train,train/pituitary/P_724_SP_.jpg
Tr-pi_1223.jpg,pituitary,train,train/pituitary/Tr-pi_1223.jpg
Te-pi_0192.jpg,pituitary,train,train/pituitary/Te-pi_0192.jpg
Te-pi_0179.jpg,pituitary,train,train/pituitary/Te-pi_0179.jpg
Te-pi_0145.jpg,pituitary,train,train/pituitary/Te-pi_0145.jpg
P_784_BR_.jpg,pituitary,train,train/pituitary/P_784_BR_.jpg
P_743_HF_.jpg,pituitary,train,train/pituitary/P_743_HF_.jpg
Tr-pi_0698.jpg,pituitary,train,train/pituitary/Tr-pi_0698.jpg
Te-pi_0151.jpg,pituitary,train,train/pituitary/Te-pi_0151.jpg
P_753_HF_.jpg,pituitary,train,train/pituitary/P_753_HF_.jpg
P_794_BR_.jpg,pituitary,train,train/pituitary/P_794_BR_.jpg
P_750.jpg,pituitary,train,train/pituitary/P_750.jpg
Tr-pi_0471.jpg,pituitary,train,train/pituitary/Tr-pi_0471.jpg
P_719_DA_.jpg,pituitary,train,train/pituitary/P_719_DA_.jpg
Tr-pi_1009.jpg,pituitary,train,train/pituitary/Tr-pi_1009.jpg
Tr-pi_0317.jpg,pituitary,train,train/pituitary/Tr-pi_0317.jpg
P_836_HF_.jpg,pituitary,train,train/pituitary/P_836_HF_.jpg
Tr-pi_0303.jpg,pituitary,train,train/pituitary/Tr-pi_0303.jpg
Tr-pi_0465.jpg,pituitary,train,train/pituitary/Tr-pi_0465.jpg
P_826_HF_.jpg,pituitary,train,train/pituitary/P_826_HF_.jpg
P_744.jpg,pituitary,train,train/pituitary/P_744.jpg
p (524).jpg,pituitary,train,train/pituitary/p (524).jpg
Tr-pi_1035.jpg,pituitary,train,train/pituitary/Tr-pi_1035.jpg
Tr-pi_1021.jpg,pituitary,train,train/pituitary/Tr-pi_1021.jpg
P_778.jpg,pituitary,train,train/pituitary/P_778.jpg
Tr-pi_0459.jpg,pituitary,train,train/pituitary/Tr-pi_0459.jpg
P_793.jpg,pituitary,train,train/pituitary/P_793.jpg
P_841_SP_.jpg,pituitary,train,train/pituitary/P_841_SP_.jpg
P_787.jpg,pituitary,train,train/pituitary/P_787.jpg
P_71_RO_.jpg,pituitary,train,train/pituitary/P_71_RO_.jpg
P_770_RO_.jpg,pituitary,train,train/pituitary/P_770_RO_.jpg
P_760_RO_.jpg,pituitary,train,train/pituitary/P_760_RO_.jpg
P_769_SP_.jpg,pituitary,train,train/pituitary/P_769_SP_.jpg
P_794_RO_.jpg,pituitary,train,train/pituitary/P_794_RO_.jpg
P_78_SP_.jpg,pituitary,train,train/pituitary/P_78_SP_.jpg
P_784_RO_.jpg,pituitary,train,train/pituitary/P_784_RO_.jpg
P_779_SP_.jpg,pituitary,train,train/pituitary/P_779_SP_.jpg
P_786.jpg,pituitary,train,train/pituitary/P_786.jpg
P_792.jpg,pituitary,train,train/pituitary/P_792.jpg
P_723_VF_.jpg,pituitary,train,train/pituitary/P_723_VF_.jpg
Tr-pi_1020.jpg,pituitary,train,train/pituitary/Tr-pi_1020.jpg
Tr-pi_0458.jpg,pituitary,train,train/pituitary/Tr-pi_0458.jpg
P_831_DA_.jpg,pituitary,train,train/pituitary/P_831_DA_.jpg
P_779.jpg,pituitary,train,train/pituitary/P_779.jpg
P_733_VF_.jpg,pituitary,train,train/pituitary/P_733_VF_.jpg
P_821_DA_.jpg,pituitary,train,train/pituitary/P_821_DA_.jpg
Tr-pi_1034.jpg,pituitary,train,train/pituitary/Tr-pi_1034.jpg
Tr-pi_0302.jpg,pituitary,train,train/pituitary/Tr-pi_0302.jpg
P_815_BR_.jpg,pituitary,train,train/pituitary/P_815_BR_.jpg
P_745.jpg,pituitary,train,train/pituitary/P_745.jpg
Tr-pi_0464.jpg,pituitary,train,train/pituitary/Tr-pi_0464.jpg
Tr-pi_0470.jpg,pituitary,train,train/pituitary/Tr-pi_0470.jpg
P_751.jpg,pituitary,train,train/pituitary/P_751.jpg
P_805_BR_.jpg,pituitary,train,train/pituitary/P_805_BR_.jpg
Tr-pi_0316.jpg,pituitary,train,train/pituitary/Tr-pi_0316.jpg
Tr-pi_1008.jpg,pituitary,train,train/pituitary/Tr-pi_1008.jpg
Tr-pi_0699.jpg,pituitary,train,train/pituitary/Tr-pi_0699.jpg
P_760_BR_.jpg,pituitary,train,train/pituitary/P_760_BR_.jpg
Te-pi_0150.jpg,pituitary,train,train/pituitary/Te-pi_0150.jpg
Te-pi_0144.jpg,pituitary,train,train/pituitary/Te-pi_0144.jpg
P_71_BR_.jpg,pituitary,train,train/pituitary/P_71_BR_.jpg
p (508).jpg,pituitary,train,train/pituitary/p (508).jpg
P_770_BR_.jpg,pituitary,train,train/pituitary/P_770_BR_.jpg
P_744_DA_.jpg,pituitary,train,train/pituitary/P_744_DA_.jpg
Te-pi_0178.jpg,pituitary,train,train/pituitary/Te-pi_0178.jpg
P_754_DA_.jpg,pituitary,train,train/pituitary/P_754_DA_.jpg
Tr-pi_1222.jpg,pituitary,train,train/pituitary/Tr-pi_1222.jpg
Te-pi_0193.jpg,pituitary,train,train/pituitary/Te-pi_0193.jpg
Te-pi_0187.jpg,pituitary,train,train/pituitary/Te-pi_0187.jpg
Tr-pi_1236.jpg,pituitary,train,train/pituitary/Tr-pi_1236.jpg
Tr-pi_0128.jpg,pituitary,train,train/pituitary/Tr-pi_0128.jpg
Tr-pi_0666.jpg,pituitary,train,train/pituitary/Tr-pi_0666.jpg
Tr-pi_0100.jpg,pituitary,train,train/pituitary/Tr-pi_0100.jpg
Tr-pi_0114.jpg,pituitary,train,train/pituitary/Tr-pi_0114.jpg
Tr-pi_0672.jpg,pituitary,train,train/pituitary/Tr-pi_0672.jpg
1187.jpg,pituitary,train,train/pituitary/1187.jpg
Tr-pi_1395.jpg,pituitary,train,train/pituitary/Tr-pi_1395.jpg
Te-pi_0024.jpg,pituitary,train,train/pituitary/Te-pi_0024.jpg
Te-pi_0030.jpg,pituitary,train,train/pituitary/Te-pi_0030.jpg
1193.jpg,pituitary,train,train/pituitary/1193.jpg
Te-pi_0018.jpg,pituitary,train,train/pituitary/Te-pi_0018.jpg
P_84.jpg,pituitary,train,train/pituitary/P_84.jpg
P_834_VF_.jpg,pituitary,train,train/pituitary/P_834_VF_.jpg
P_726_DA_.jpg,pituitary,train,train/pituitary/P_726_DA_.jpg
Tr-pi_0048.jpg,pituitary,train,train/pituitary/Tr-pi_0048.jpg
Tr-pi_1356.jpg,pituitary,train,train/pituitary/Tr-pi_1356.jpg
P_809_HF_.jpg,pituitary,train,train/pituitary/P_809_HF_.jpg
P_824_VF_.jpg,pituitary,train,train/pituitary/P_824_VF_.jpg
Tr-pi_1342.jpg,pituitary,train,train/pituitary/Tr-pi_1342.jpg
P_819_HF_.jpg,pituitary,train,train/pituitary/P_819_HF_.jpg
P_736_DA_.jpg,pituitary,train,train/pituitary/P_736_DA_.jpg
Tr-pi_0712.jpg,pituitary,train,train/pituitary/Tr-pi_0712.jpg
1178.jpg,pituitary,train,train/pituitary/1178.jpg
P_712_BR_.jpg,pituitary,train,train/pituitary/P_712_BR_.jpg
Tr-pi_0706.jpg,pituitary,train,train/pituitary/Tr-pi_0706.jpg
Tr-pi_0289.jpg,pituitary,train,train/pituitary/Tr-pi_0289.jpg
Tr-pi_1197.jpg,pituitary,train,train/pituitary/Tr-pi_1197.jpg
P_816.jpg,pituitary,train,train/pituitary/P_816.jpg
P_802.jpg,pituitary,train,train/pituitary/P_802.jpg
p (549).jpg,pituitary,train,train/pituitary/p (549).jpg
Tr-pi_1183.jpg,pituitary,train,train/pituitary/Tr-pi_1183.jpg
P_741_VF_.jpg,pituitary,train,train/pituitary/P_741_VF_.jpg
P_751_VF_.jpg,pituitary,train,train/pituitary/P_751_VF_.jpg
P_843_DA_.jpg,pituitary,train,train/pituitary/P_843_DA_.jpg
Tr-pi_1154.jpg,pituitary,train,train/pituitary/Tr-pi_1154.jpg
Tr-pi_0538.jpg,pituitary,train,train/pituitary/Tr-pi_0538.jpg
Tr-pi_1140.jpg,pituitary,train,train/pituitary/Tr-pi_1140.jpg
Tr-pi_1168.jpg,pituitary,train,train/pituitary/Tr-pi_1168.jpg
Tr-pi_0276.jpg,pituitary,train,train/pituitary/Tr-pi_0276.jpg
Tr-pi_0510.jpg,pituitary,train,train/pituitary/Tr-pi_0510.jpg
Tr-pi_0504.jpg,pituitary,train,train/pituitary/Tr-pi_0504.jpg
Tr-pi_0262.jpg,pituitary,train,train/pituitary/Tr-pi_0262.jpg
Tr-pi_0512.jpg,pituitary,train,train/pituitary/Tr-pi_0512.jpg
Tr-pi_0274.jpg,pituitary,train,train/pituitary/Tr-pi_0274.jpg
Tr-pi_0260.jpg,pituitary,train,train/pituitary/Tr-pi_0260.jpg
Tr-pi_0506.jpg,pituitary,train,train/pituitary/Tr-pi_0506.jpg
Tr-pi_0248.jpg,pituitary,train,train/pituitary/Tr-pi_0248.jpg
Tr-pi_1156.jpg,pituitary,train,train/pituitary/Tr-pi_1156.jpg
Tr-pi_1142.jpg,pituitary,train,train/pituitary/Tr-pi_1142.jpg
P_828.jpg,pituitary,train,train/pituitary/P_828.jpg
P_841_BR_.jpg,pituitary,train,train/pituitary/P_841_BR_.jpg
P_767_VF_.jpg,pituitary,train,train/pituitary/P_767_VF_.jpg
P_814.jpg,pituitary,train,train/pituitary/P_814.jpg
p (494).jpg,pituitary,train,train/pituitary/p (494).jpg
Tr-pi_1195.jpg,pituitary,train,train/pituitary/Tr-pi_1195.jpg
Tr-pi_1181.jpg,pituitary,train,train/pituitary/Tr-pi_1181.jpg
P_777_VF_.jpg,pituitary,train,train/pituitary/P_777_VF_.jpg
P_800.jpg,pituitary,train,train/pituitary/P_800.jpg
P_76_VF_.jpg,pituitary,train,train/pituitary/P_76_VF_.jpg
P_812_VF_.jpg,pituitary,train,train/pituitary/P_812_VF_.jpg
Tr-pi_1368.jpg,pituitary,train,train/pituitary/Tr-pi_1368.jpg
P_7_BR_.jpg,pituitary,train,train/pituitary/P_7_BR_.jpg
Tr-pi_0710.jpg,pituitary,train,train/pituitary/Tr-pi_0710.jpg
Tr-pi_0704.jpg,pituitary,train,train/pituitary/Tr-pi_0704.jpg
P_802_VF_.jpg,pituitary,train,train/pituitary/P_802_VF_.jpg
P_710_DA_.jpg,pituitary,train,train/pituitary/P_710_DA_.jpg
P_79.jpg,pituitary,train,train/pituitary/P_79.jpg
Tr-pi_1354.jpg,pituitary,train,train/pituitary/Tr-pi_1354.jpg
P_724_BR_.jpg,pituitary,train,train/pituitary/P_724_BR_.jpg
Tr-pi_0738.jpg,pituitary,train,train/pituitary/Tr-pi_0738.jpg
P_734_BR_.jpg,pituitary,train,train/pituitary/P_734_BR_.jpg
Tr-pi_0089.jpg,pituitary,train,train/pituitary/Tr-pi_0089.jpg
Te-pi_0026.jpg,pituitary,train,train/pituitary/Te-pi_0026.jpg
Tr-pi_1397.jpg,pituitary,train,train/pituitary/Tr-pi_1397.jpg
1185.jpg,pituitary,train,train/pituitary/1185.jpg
P_769_RO_.jpg,pituitary,train,train/pituitary/P_769_RO_.jpg
P_794_SP_.jpg,pituitary,train,train/pituitary/P_794_SP_.jpg
1191.jpg,pituitary,train,train/pituitary/1191.jpg
P_78_RO_.jpg,pituitary,train,train/pituitary/P_78_RO_.jpg
p (569).jpg,pituitary,train,train/pituitary/p (569).jpg
P_784_SP_.jpg,pituitary,train,train/pituitary/P_784_SP_.jpg
P_779_RO_.jpg,pituitary,train,train/pituitary/P_779_RO_.jpg
Te-pi_0032.jpg,pituitary,train,train/pituitary/Te-pi_0032.jpg
Tr-pi_0102.jpg,pituitary,train,train/pituitary/Tr-pi_0102.jpg
Tr-pi_0664.jpg,pituitary,train,train/pituitary/Tr-pi_0664.jpg
Tr-pi_0670.jpg,pituitary,train,train/pituitary/Tr-pi_0670.jpg
Tr-pi_0116.jpg,pituitary,train,train/pituitary/Tr-pi_0116.jpg
Tr-pi_1208.jpg,pituitary,train,train/pituitary/Tr-pi_1208.jpg
Te-pi_0191.jpg,pituitary,train,train/pituitary/Te-pi_0191.jpg
Tr-pi_1220.jpg,pituitary,train,train/pituitary/Tr-pi_1220.jpg
Tr-pi_0658.jpg,pituitary,train,train/pituitary/Tr-pi_0658.jpg
Tr-pi_1234.jpg,pituitary,train,train/pituitary/Tr-pi_1234.jpg
Te-pi_0185.jpg,pituitary,train,train/pituitary/Te-pi_0185.jpg
P_80_HF_.jpg,pituitary,train,train/pituitary/P_80_HF_.jpg
P_781_HF_.jpg,pituitary,train,train/pituitary/P_781_HF_.jpg
P_746_BR_.jpg,pituitary,train,train/pituitary/P_746_BR_.jpg
P_756_BR_.jpg,pituitary,train,train/pituitary/P_756_BR_.jpg
p (590).jpg,pituitary,train,train/pituitary/p (590).jpg
P_791_HF_.jpg,pituitary,train,train/pituitary/P_791_HF_.jpg
Te-pi_0152.jpg,pituitary,train,train/pituitary/Te-pi_0152.jpg
P_762_DA_.jpg,pituitary,train,train/pituitary/P_762_DA_.jpg
P_73_DA_.jpg,pituitary,train,train/pituitary/P_73_DA_.jpg
Te-pi_0146.jpg,pituitary,train,train/pituitary/Te-pi_0146.jpg
P_772_DA_.jpg,pituitary,train,train/pituitary/P_772_DA_.jpg
Tr-pi_0466.jpg,pituitary,train,train/pituitary/Tr-pi_0466.jpg
P_747.jpg,pituitary,train,train/pituitary/P_747.jpg
P_705_VF_.jpg,pituitary,train,train/pituitary/P_705_VF_.jpg
P_817_DA_.jpg,pituitary,train,train/pituitary/P_817_DA_.jpg
P_738_HF_.jpg,pituitary,train,train/pituitary/P_738_HF_.jpg
Tr-pi_0300.jpg,pituitary,train,train/pituitary/Tr-pi_0300.jpg
p (601).jpg,pituitary,train,train/pituitary/p (601).jpg
Tr-pi_0314.jpg,pituitary,train,train/pituitary/Tr-pi_0314.jpg
P_715_VF_.jpg,pituitary,train,train/pituitary/P_715_VF_.jpg
P_753.jpg,pituitary,train,train/pituitary/P_753.jpg
P_728_HF_.jpg,pituitary,train,train/pituitary/P_728_HF_.jpg
Tr-pi_0472.jpg,pituitary,train,train/pituitary/Tr-pi_0472.jpg
P_807_DA_.jpg,pituitary,train,train/pituitary/P_807_DA_.jpg
Tr-pi_1022.jpg,pituitary,train,train/pituitary/Tr-pi_1022.jpg
P_833_BR_.jpg,pituitary,train,train/pituitary/P_833_BR_.jpg
Tr-pi_1036.jpg,pituitary,train,train/pituitary/Tr-pi_1036.jpg
Tr-pi_0328.jpg,pituitary,train,train/pituitary/Tr-pi_0328.jpg
P_823_BR_.jpg,pituitary,train,train/pituitary/P_823_BR_.jpg
P_784.jpg,pituitary,train,train/pituitary/P_784.jpg
P_790.jpg,pituitary,train,train/pituitary/P_790.jpg
Tr-pi_0499.jpg,pituitary,train,train/pituitary/Tr-pi_0499.jpg
p (482).jpg,pituitary,train,train/pituitary/p (482).jpg
p (528).jpg,pituitary,train,train/pituitary/p (528).jpg
Tr-pi_0498.jpg,pituitary,train,train/pituitary/Tr-pi_0498.jpg
P_791.jpg,pituitary,train,train/pituitary/P_791.jpg
P_756_RO_.jpg,pituitary,train,train/pituitary/P_756_RO_.jpg
P_785.jpg,pituitary,train,train/pituitary/P_785.jpg
P_746_RO_.jpg,pituitary,train,train/pituitary/P_746_RO_.jpg
Tr-pi_0329.jpg,pituitary,train,train/pituitary/Tr-pi_0329.jpg
Tr-pi_1037.jpg,pituitary,train,train/pituitary/Tr-pi_1037.jpg
P_810_HF_.jpg,pituitary,train,train/pituitary/P_810_HF_.jpg
p (553).jpg,pituitary,train,train/pituitary/p (553).jpg
Tr-pi_1023.jpg,pituitary,train,train/pituitary/Tr-pi_1023.jpg
P_800_HF_.jpg,pituitary,train,train/pituitary/P_800_HF_.jpg
Tr-pi_0315.jpg,pituitary,train,train/pituitary/Tr-pi_0315.jpg
Tr-pi_0473.jpg,pituitary,train,train/pituitary/Tr-pi_0473.jpg
P_752.jpg,pituitary,train,train/pituitary/P_752.jpg
P_746.jpg,pituitary,train,train/pituitary/P_746.jpg
Tr-pi_0467.jpg,pituitary,train,train/pituitary/Tr-pi_0467.jpg
Tr-pi_0301.jpg,pituitary,train,train/pituitary/Tr-pi_0301.jpg
P_786_DA_.jpg,pituitary,train,train/pituitary/P_786_DA_.jpg
Te-pi_0147.jpg,pituitary,train,train/pituitary/Te-pi_0147.jpg
Te-pi_0153.jpg,pituitary,train,train/pituitary/Te-pi_0153.jpg
P_796_DA_.jpg,pituitary,train,train/pituitary/P_796_DA_.jpg
P_758_VF_.jpg,pituitary,train,train/pituitary/P_758_VF_.jpg
P_765_HF_.jpg,pituitary,train,train/pituitary/P_765_HF_.jpg
P_74_HF_.jpg,pituitary,train,train/pituitary/P_74_HF_.jpg
P_748_VF_.jpg,pituitary,train,train/pituitary/P_748_VF_.jpg
P_775_HF_.jpg,pituitary,train,train/pituitary/P_775_HF_.jpg
p (504).jpg,pituitary,train,train/pituitary/p (504).jpg
P_823_RO_.jpg,pituitary,train,train/pituitary/P_823_RO_.jpg
Tr-pi_1235.jpg,pituitary,train,train/pituitary/Tr-pi_1235.jpg
Te-pi_0184.jpg,pituitary,train,train/pituitary/Te-pi_0184.jpg
Te-pi_0190.jpg,pituitary,train,train/pituitary/Te-pi_0190.jpg
Tr-pi_1221.jpg,pituitary,train,train/pituitary/Tr-pi_1221.jpg
P_833_RO_.jpg,pituitary,train,train/pituitary/P_833_RO_.jpg
Tr-pi_0659.jpg,pituitary,train,train/pituitary/Tr-pi_0659.jpg
Tr-pi_0671.jpg,pituitary,train,train/pituitary/Tr-pi_0671.jpg
Tr-pi_1209.jpg,pituitary,train,train/pituitary/Tr-pi_1209.jpg
Tr-pi_0117.jpg,pituitary,train,train/pituitary/Tr-pi_0117.jpg
P_712_SP_.jpg,pituitary,train,train/pituitary/P_712_SP_.jpg
Tr-pi_0103.jpg,pituitary,train,train/pituitary/Tr-pi_0103.jpg
Tr-pi_0665.jpg,pituitary,train,train/pituitary/Tr-pi_0665.jpg
1190.jpg,pituitary,train,train/pituitary/1190.jpg
P_71_SP_.jpg,pituitary,train,train/pituitary/P_71_SP_.jpg
Te-pi_0033.jpg,pituitary,train,train/pituitary/Te-pi_0033.jpg
P_770_SP_.jpg,pituitary,train,train/pituitary/P_770_SP_.jpg
Te-pi_0027.jpg,pituitary,train,train/pituitary/Te-pi_0027.jpg
Tr-pi_1396.jpg,pituitary,train,train/pituitary/Tr-pi_1396.jpg
Tr-pi_0088.jpg,pituitary,train,train/pituitary/Tr-pi_0088.jpg
P_760_SP_.jpg,pituitary,train,train/pituitary/P_760_SP_.jpg
1184.jpg,pituitary,train,train/pituitary/1184.jpg
P_841_RO_.jpg,pituitary,train,train/pituitary/P_841_RO_.jpg
Tr-pi_0739.jpg,pituitary,train,train/pituitary/Tr-pi_0739.jpg
P_828_DA_.jpg,pituitary,train,train/pituitary/P_828_DA_.jpg
Tr-pi_1355.jpg,pituitary,train,train/pituitary/Tr-pi_1355.jpg
P_78.jpg,pituitary,train,train/pituitary/P_78.jpg
P_717_HF_.jpg,pituitary,train,train/pituitary/P_717_HF_.jpg
p (512).jpg,pituitary,train,train/pituitary/p (512).jpg
P_838_DA_.jpg,pituitary,train,train/pituitary/P_838_DA_.jpg
Tr-pi_0705.jpg,pituitary,train,train/pituitary/Tr-pi_0705.jpg
Tr-pi_1369.jpg,pituitary,train,train/pituitary/Tr-pi_1369.jpg
Tr-pi_0711.jpg,pituitary,train,train/pituitary/Tr-pi_0711.jpg
P_783_VF_.jpg,pituitary,train,train/pituitary/P_783_VF_.jpg
P_78_BR_.jpg,pituitary,train,train/pituitary/P_78_BR_.jpg
Tr-pi_1180.jpg,pituitary,train,train/pituitary/Tr-pi_1180.jpg
P_82_VF_.jpg,pituitary,train,train/pituitary/P_82_VF_.jpg
P_801.jpg,pituitary,train,train/pituitary/P_801.jpg
P_779_BR_.jpg,pituitary,train,train/pituitary/P_779_BR_.jpg
P_815.jpg,pituitary,train,train/pituitary/P_815.jpg
P_793_VF_.jpg,pituitary,train,train/pituitary/P_793_VF_.jpg
P_769_BR_.jpg,pituitary,train,train/pituitary/P_769_BR_.jpg
Tr-pi_1194.jpg,pituitary,train,train/pituitary/Tr-pi_1194.jpg
P_829.jpg,pituitary,train,train/pituitary/P_829.jpg
Tr-pi_1143.jpg,pituitary,train,train/pituitary/Tr-pi_1143.jpg
p (545).jpg,pituitary,train,train/pituitary/p (545).jpg
P_734_RO_.jpg,pituitary,train,train/pituitary/P_734_RO_.jpg
P_724_RO_.jpg,pituitary,train,train/pituitary/P_724_RO_.jpg
Tr-pi_1157.jpg,pituitary,train,train/pituitary/Tr-pi_1157.jpg
Tr-pi_0249.jpg,pituitary,train,train/pituitary/Tr-pi_0249.jpg
Tr-pi_0261.jpg,pituitary,train,train/pituitary/Tr-pi_0261.jpg
Tr-pi_0507.jpg,pituitary,train,train/pituitary/Tr-pi_0507.jpg
P_805_SP_.jpg,pituitary,train,train/pituitary/P_805_SP_.jpg
Tr-pi_0513.jpg,pituitary,train,train/pituitary/Tr-pi_0513.jpg
P_815_SP_.jpg,pituitary,train,train/pituitary/P_815_SP_.jpg
Tr-pi_0275.jpg,pituitary,train,train/pituitary/Tr-pi_0275.jpg
P_7_RO_.jpg,pituitary,train,train/pituitary/P_7_RO_.jpg
Tr-pi_1153.jpg,pituitary,train,train/pituitary/Tr-pi_1153.jpg
p (544).jpg,pituitary,train,train/pituitary/p (544).jpg
P_735_BR_.jpg,pituitary,train,train/pituitary/P_735_BR_.jpg
P_725_BR_.jpg,pituitary,train,train/pituitary/P_725_BR_.jpg
Tr-pi_0259.jpg,pituitary,train,train/pituitary/Tr-pi_0259.jpg
Tr-pi_1147.jpg,pituitary,train,train/pituitary/Tr-pi_1147.jpg
P_711_DA_.jpg,pituitary,train,train/pituitary/P_711_DA_.jpg
Tr-pi_0271.jpg,pituitary,train,train/pituitary/Tr-pi_0271.jpg
Tr-pi_0517.jpg,pituitary,train,train/pituitary/Tr-pi_0517.jpg
P_803_VF_.jpg,pituitary,train,train/pituitary/P_803_VF_.jpg
Tr-pi_0503.jpg,pituitary,train,train/pituitary/Tr-pi_0503.jpg
Tr-pi_0265.jpg,pituitary,train,train/pituitary/Tr-pi_0265.jpg
P_813_VF_.jpg,pituitary,train,train/pituitary/P_813_VF_.jpg
P_785_SP_.jpg,pituitary,train,train/pituitary/P_785_SP_.jpg
P_778_RO_.jpg,pituitary,train,train/pituitary/P_778_RO_.jpg
Tr-pi_1190.jpg,pituitary,train,train/pituitary/Tr-pi_1190.jpg
P_79_RO_.jpg,pituitary,train,train/pituitary/P_79_RO_.jpg
P_811.jpg,pituitary,train,train/pituitary/P_811.jpg
P_768_RO_.jpg,pituitary,train,train/pituitary/P_768_RO_.jpg
P_805.jpg,pituitary,train,train/pituitary/P_805.jpg
P_795_SP_.jpg,pituitary,train,train/pituitary/P_795_SP_.jpg
Tr-pi_1184.jpg,pituitary,train,train/pituitary/Tr-pi_1184.jpg
P_839.jpg,pituitary,train,train/pituitary/P_839.jpg
Te-pi_0209.jpg,pituitary,train,train/pituitary/Te-pi_0209.jpg
Tr-pi_0729.jpg,pituitary,train,train/pituitary/Tr-pi_0729.jpg
Tr-pi_1351.jpg,pituitary,train,train/pituitary/Tr-pi_1351.jpg
Tr-pi_1345.jpg,pituitary,train,train/pituitary/Tr-pi_1345.jpg
p (513).jpg,pituitary,train,train/pituitary/p (513).jpg
Tr-pi_0715.jpg,pituitary,train,train/pituitary/Tr-pi_0715.jpg
Tr-pi_0701.jpg,pituitary,train,train/pituitary/Tr-pi_0701.jpg
1180.jpg,pituitary,train,train/pituitary/1180.jpg
P_77_VF_.jpg,pituitary,train,train/pituitary/P_77_VF_.jpg
Tr-pi_1392.jpg,pituitary,train,train/pituitary/Tr-pi_1392.jpg
Te-pi_0023.jpg,pituitary,train,train/pituitary/Te-pi_0023.jpg
P_776_VF_.jpg,pituitary,train,train/pituitary/P_776_VF_.jpg
Tr-pi_0098.jpg,pituitary,train,train/pituitary/Tr-pi_0098.jpg
Te-pi_0037.jpg,pituitary,train,train/pituitary/Te-pi_0037.jpg
P_766_VF_.jpg,pituitary,train,train/pituitary/P_766_VF_.jpg
1194.jpg,pituitary,train,train/pituitary/1194.jpg
P_840_BR_.jpg,pituitary,train,train/pituitary/P_840_BR_.jpg
P_83.jpg,pituitary,train,train/pituitary/P_83.jpg
P_822_BR_.jpg,pituitary,train,train/pituitary/P_822_BR_.jpg
p (505).jpg,pituitary,train,train/pituitary/p (505).jpg
Tr-pi_1225.jpg,pituitary,train,train/pituitary/Tr-pi_1225.jpg
Te-pi_0194.jpg,pituitary,train,train/pituitary/Te-pi_0194.jpg
Te-pi_0180.jpg,pituitary,train,train/pituitary/Te-pi_0180.jpg
Tr-pi_1231.jpg,pituitary,train,train/pituitary/Tr-pi_1231.jpg
P_832_BR_.jpg,pituitary,train,train/pituitary/P_832_BR_.jpg
Tr-pi_0649.jpg,pituitary,train,train/pituitary/Tr-pi_0649.jpg
P_729_HF_.jpg,pituitary,train,train/pituitary/P_729_HF_.jpg
P_806_DA_.jpg,pituitary,train,train/pituitary/P_806_DA_.jpg
Tr-pi_0661.jpg,pituitary,train,train/pituitary/Tr-pi_0661.jpg
Tr-pi_0107.jpg,pituitary,train,train/pituitary/Tr-pi_0107.jpg
P_714_VF_.jpg,pituitary,train,train/pituitary/P_714_VF_.jpg
Tr-pi_1219.jpg,pituitary,train,train/pituitary/Tr-pi_1219.jpg
P_816_DA_.jpg,pituitary,train,train/pituitary/P_816_DA_.jpg
Tr-pi_0113.jpg,pituitary,train,train/pituitary/Tr-pi_0113.jpg
P_739_HF_.jpg,pituitary,train,train/pituitary/P_739_HF_.jpg
Tr-pi_0675.jpg,pituitary,train,train/pituitary/Tr-pi_0675.jpg
Tr-pi_0846.jpg,pituitary,train,train/pituitary/Tr-pi_0846.jpg
Te-pi_0157.jpg,pituitary,train,train/pituitary/Te-pi_0157.jpg
Te-pi_0143.jpg,pituitary,train,train/pituitary/Te-pi_0143.jpg
Tr-pi_1027.jpg,pituitary,train,train/pituitary/Tr-pi_1027.jpg
Tr-pi_0339.jpg,pituitary,train,train/pituitary/Tr-pi_0339.jpg
p (552).jpg,pituitary,train,train/pituitary/p (552).jpg
Tr-pi_1033.jpg,pituitary,train,train/pituitary/Tr-pi_1033.jpg
Tr-pi_0305.jpg,pituitary,train,train/pituitary/Tr-pi_0305.jpg
Tr-pi_0463.jpg,pituitary,train,train/pituitary/Tr-pi_0463.jpg
P_742.jpg,pituitary,train,train/pituitary/P_742.jpg
P_756.jpg,pituitary,train,train/pituitary/P_756.jpg
Tr-pi_0477.jpg,pituitary,train,train/pituitary/Tr-pi_0477.jpg
Tr-pi_0311.jpg,pituitary,train,train/pituitary/Tr-pi_0311.jpg
P_773_DA_.jpg,pituitary,train,train/pituitary/P_773_DA_.jpg
P_72_DA_.jpg,pituitary,train,train/pituitary/P_72_DA_.jpg
P_763_DA_.jpg,pituitary,train,train/pituitary/P_763_DA_.jpg
Tr-pi_0488.jpg,pituitary,train,train/pituitary/Tr-pi_0488.jpg
P_757_BR_.jpg,pituitary,train,train/pituitary/P_757_BR_.jpg
P_790_HF_.jpg,pituitary,train,train/pituitary/P_790_HF_.jpg
P_781.jpg,pituitary,train,train/pituitary/P_781.jpg
P_780_HF_.jpg,pituitary,train,train/pituitary/P_780_HF_.jpg
P_747_BR_.jpg,pituitary,train,train/pituitary/P_747_BR_.jpg
P_795.jpg,pituitary,train,train/pituitary/P_795.jpg
P_81_HF_.jpg,pituitary,train,train/pituitary/P_81_HF_.jpg
P_794.jpg,pituitary,train,train/pituitary/P_794.jpg
P_774_HF_.jpg,pituitary,train,train/pituitary/P_774_HF_.jpg
P_749_VF_.jpg,pituitary,train,train/pituitary/P_749_VF_.jpg
P_75_HF_.jpg,pituitary,train,train/pituitary/P_75_HF_.jpg
P_764_HF_.jpg,pituitary,train,train/pituitary/P_764_HF_.jpg
P_759_VF_.jpg,pituitary,train,train/pituitary/P_759_VF_.jpg
P_780.jpg,pituitary,train,train/pituitary/P_780.jpg
Tr-pi_0489.jpg,pituitary,train,train/pituitary/Tr-pi_0489.jpg
P_797_DA_.jpg,pituitary,train,train/pituitary/P_797_DA_.jpg
P_787_DA_.jpg,pituitary,train,train/pituitary/P_787_DA_.jpg
p (483).jpg,pituitary,train,train/pituitary/p (483).jpg
p (529).jpg,pituitary,train,train/pituitary/p (529).jpg
Tr-pi_0476.jpg,pituitary,train,train/pituitary/Tr-pi_0476.jpg
P_757.jpg,pituitary,train,train/pituitary/P_757.jpg
Tr-pi_0310.jpg,pituitary,train,train/pituitary/Tr-pi_0310.jpg
Tr-pi_0304.jpg,pituitary,train,train/pituitary/Tr-pi_0304.jpg
P_713_SP_.jpg,pituitary,train,train/pituitary/P_713_SP_.jpg
p (600).jpg,pituitary,train,train/pituitary/p (600).jpg
P_743.jpg,pituitary,train,train/pituitary/P_743.jpg
Tr-pi_0462.jpg,pituitary,train,train/pituitary/Tr-pi_0462.jpg
P_832_RO_.jpg,pituitary,train,train/pituitary/P_832_RO_.jpg
Tr-pi_1032.jpg,pituitary,train,train/pituitary/Tr-pi_1032.jpg
P_822_RO_.jpg,pituitary,train,train/pituitary/P_822_RO_.jpg
Tr-pi_0338.jpg,pituitary,train,train/pituitary/Tr-pi_0338.jpg
Tr-pi_1026.jpg,pituitary,train,train/pituitary/Tr-pi_1026.jpg
P_747_RO_.jpg,pituitary,train,train/pituitary/P_747_RO_.jpg
P_757_RO_.jpg,pituitary,train,train/pituitary/P_757_RO_.jpg
p (591).jpg,pituitary,train,train/pituitary/p (591).jpg
Te-pi_0142.jpg,pituitary,train,train/pituitary/Te-pi_0142.jpg
Tr-pi_0847.jpg,pituitary,train,train/pituitary/Tr-pi_0847.jpg
Te-pi_0156.jpg,pituitary,train,train/pituitary/Te-pi_0156.jpg
Tr-pi_0112.jpg,pituitary,train,train/pituitary/Tr-pi_0112.jpg
Tr-pi_0674.jpg,pituitary,train,train/pituitary/Tr-pi_0674.jpg
Tr-pi_0660.jpg,pituitary,train,train/pituitary/Tr-pi_0660.jpg
Tr-pi_1218.jpg,pituitary,train,train/pituitary/Tr-pi_1218.jpg
Tr-pi_0106.jpg,pituitary,train,train/pituitary/Tr-pi_0106.jpg
Te-pi_0181.jpg,pituitary,train,train/pituitary/Te-pi_0181.jpg
Tr-pi_1230.jpg,pituitary,train,train/pituitary/Tr-pi_1230.jpg
P_801_HF_.jpg,pituitary,train,train/pituitary/P_801_HF_.jpg
Tr-pi_0648.jpg,pituitary,train,train/pituitary/Tr-pi_0648.jpg
P_811_HF_.jpg,pituitary,train,train/pituitary/P_811_HF_.jpg
Tr-pi_1224.jpg,pituitary,train,train/pituitary/Tr-pi_1224.jpg
Te-pi_0195.jpg,pituitary,train,train/pituitary/Te-pi_0195.jpg
P_82.jpg,pituitary,train,train/pituitary/P_82.jpg
P_768_BR_.jpg,pituitary,train,train/pituitary/P_768_BR_.jpg
Te-pi_0036.jpg,pituitary,train,train/pituitary/Te-pi_0036.jpg
Tr-pi_1387.jpg,pituitary,train,train/pituitary/Tr-pi_1387.jpg
Tr-pi_0099.jpg,pituitary,train,train/pituitary/Tr-pi_0099.jpg
1195.jpg,pituitary,train,train/pituitary/1195.jpg
P_792_VF_.jpg,pituitary,train,train/pituitary/P_792_VF_.jpg
P_83_VF_.jpg,pituitary,train,train/pituitary/P_83_VF_.jpg
P_778_BR_.jpg,pituitary,train,train/pituitary/P_778_BR_.jpg
1181.jpg,pituitary,train,train/pituitary/1181.jpg
P_782_VF_.jpg,pituitary,train,train/pituitary/P_782_VF_.jpg
p (568).jpg,pituitary,train,train/pituitary/p (568).jpg
Tr-pi_1393.jpg,pituitary,train,train/pituitary/Tr-pi_1393.jpg
Te-pi_0022.jpg,pituitary,train,train/pituitary/Te-pi_0022.jpg
P_79_BR_.jpg,pituitary,train,train/pituitary/P_79_BR_.jpg
P_814_SP_.jpg,pituitary,train,train/pituitary/P_814_SP_.jpg
Tr-pi_0700.jpg,pituitary,train,train/pituitary/Tr-pi_0700.jpg
Tr-pi_0714.jpg,pituitary,train,train/pituitary/Tr-pi_0714.jpg
P_804_SP_.jpg,pituitary,train,train/pituitary/P_804_SP_.jpg
P_725_RO_.jpg,pituitary,train,train/pituitary/P_725_RO_.jpg
Tr-pi_1344.jpg,pituitary,train,train/pituitary/Tr-pi_1344.jpg
P_735_RO_.jpg,pituitary,train,train/pituitary/P_735_RO_.jpg
Tr-pi_0728.jpg,pituitary,train,train/pituitary/Tr-pi_0728.jpg
Tr-pi_1350.jpg,pituitary,train,train/pituitary/Tr-pi_1350.jpg
P_838.jpg,pituitary,train,train/pituitary/P_838.jpg
Te-pi_0208.jpg,pituitary,train,train/pituitary/Te-pi_0208.jpg
P_840_RO_.jpg,pituitary,train,train/pituitary/P_840_RO_.jpg
P_761_SP_.jpg,pituitary,train,train/pituitary/P_761_SP_.jpg
P_804.jpg,pituitary,train,train/pituitary/P_804.jpg
p (495).jpg,pituitary,train,train/pituitary/p (495).jpg
Tr-pi_1185.jpg,pituitary,train,train/pituitary/Tr-pi_1185.jpg
Tr-pi_1191.jpg,pituitary,train,train/pituitary/Tr-pi_1191.jpg
P_771_SP_.jpg,pituitary,train,train/pituitary/P_771_SP_.jpg
P_810.jpg,pituitary,train,train/pituitary/P_810.jpg
P_70_SP_.jpg,pituitary,train,train/pituitary/P_70_SP_.jpg
Tr-pi_0502.jpg,pituitary,train,train/pituitary/Tr-pi_0502.jpg
Tr-pi_0264.jpg,pituitary,train,train/pituitary/Tr-pi_0264.jpg
Tr-pi_0270.jpg,pituitary,train,train/pituitary/Tr-pi_0270.jpg
Tr-pi_0516.jpg,pituitary,train,train/pituitary/Tr-pi_0516.jpg
P_716_HF_.jpg,pituitary,train,train/pituitary/P_716_HF_.jpg
P_839_DA_.jpg,pituitary,train,train/pituitary/P_839_DA_.jpg
Tr-pi_1146.jpg,pituitary,train,train/pituitary/Tr-pi_1146.jpg
Tr-pi_0258.jpg,pituitary,train,train/pituitary/Tr-pi_0258.jpg
P_829_DA_.jpg,pituitary,train,train/pituitary/P_829_DA_.jpg
Tr-pi_1152.jpg,pituitary,train,train/pituitary/Tr-pi_1152.jpg
P_706_HF_.jpg,pituitary,train,train/pituitary/P_706_HF_.jpg
Tr-pi_1144.jpg,pituitary,train,train/pituitary/Tr-pi_1144.jpg
Tr-pi_0528.jpg,pituitary,train,train/pituitary/Tr-pi_0528.jpg
Tr-pi_1150.jpg,pituitary,train,train/pituitary/Tr-pi_1150.jpg
Tr-pi_0266.jpg,pituitary,train,train/pituitary/Tr-pi_0266.jpg
Tr-pi_1178.jpg,pituitary,train,train/pituitary/Tr-pi_1178.jpg
P_730_HF_.jpg,pituitary,train,train/pituitary/P_730_HF_.jpg
Tr-pi_0500.jpg,pituitary,train,train/pituitary/Tr-pi_0500.jpg
P_720_HF_.jpg,pituitary,train,train/pituitary/P_720_HF_.jpg
Tr-pi_0514.jpg,pituitary,train,train/pituitary/Tr-pi_0514.jpg
Tr-pi_0272.jpg,pituitary,train,train/pituitary/Tr-pi_0272.jpg
Tr-pi_1187.jpg,pituitary,train,train/pituitary/Tr-pi_1187.jpg
Tr-pi_0299.jpg,pituitary,train,train/pituitary/Tr-pi_0299.jpg
P_806.jpg,pituitary,train,train/pituitary/P_806.jpg
P_812.jpg,pituitary,train,train/pituitary/P_812.jpg
p (548).jpg,pituitary,train,train/pituitary/p (548).jpg
Tr-pi_1193.jpg,pituitary,train,train/pituitary/Tr-pi_1193.jpg
P_747_SP_.jpg,pituitary,train,train/pituitary/P_747_SP_.jpg
P_757_SP_.jpg,pituitary,train,train/pituitary/P_757_SP_.jpg
P_832_SP_.jpg,pituitary,train,train/pituitary/P_832_SP_.jpg
Tr-pi_1346.jpg,pituitary,train,train/pituitary/Tr-pi_1346.jpg
Tr-pi_0058.jpg,pituitary,train,train/pituitary/Tr-pi_0058.jpg
P_822_SP_.jpg,pituitary,train,train/pituitary/P_822_SP_.jpg
P_8.jpg,pituitary,train,train/pituitary/P_8.jpg
Tr-pi_0702.jpg,pituitary,train,train/pituitary/Tr-pi_0702.jpg
P_713_RO_.jpg,pituitary,train,train/pituitary/P_713_RO_.jpg
Tr-pi_0716.jpg,pituitary,train,train/pituitary/Tr-pi_0716.jpg
1197.jpg,pituitary,train,train/pituitary/1197.jpg
Te-pi_0034.jpg,pituitary,train,train/pituitary/Te-pi_0034.jpg
Te-pi_0020.jpg,pituitary,train,train/pituitary/Te-pi_0020.jpg
Tr-pi_1391.jpg,pituitary,train,train/pituitary/Tr-pi_1391.jpg
1183.jpg,pituitary,train,train/pituitary/1183.jpg
P_789_HF_.jpg,pituitary,train,train/pituitary/P_789_HF_.jpg
P_799_HF_.jpg,pituitary,train,train/pituitary/P_799_HF_.jpg
P_80.jpg,pituitary,train,train/pituitary/P_80.jpg
Tr-pi_1232.jpg,pituitary,train,train/pituitary/Tr-pi_1232.jpg
Te-pi_0183.jpg,pituitary,train,train/pituitary/Te-pi_0183.jpg
Tr-pi_0138.jpg,pituitary,train,train/pituitary/Tr-pi_0138.jpg
Te-pi_0197.jpg,pituitary,train,train/pituitary/Te-pi_0197.jpg
Tr-pi_1226.jpg,pituitary,train,train/pituitary/Tr-pi_1226.jpg
P_827_HF_.jpg,pituitary,train,train/pituitary/P_827_HF_.jpg
Tr-pi_0676.jpg,pituitary,train,train/pituitary/Tr-pi_0676.jpg
Tr-pi_0110.jpg,pituitary,train,train/pituitary/Tr-pi_0110.jpg
Tr-pi_0104.jpg,pituitary,train,train/pituitary/Tr-pi_0104.jpg
P_718_DA_.jpg,pituitary,train,train/pituitary/P_718_DA_.jpg
P_837_HF_.jpg,pituitary,train,train/pituitary/P_837_HF_.jpg
Tr-pi_0662.jpg,pituitary,train,train/pituitary/Tr-pi_0662.jpg
P_761_RO_.jpg,pituitary,train,train/pituitary/P_761_RO_.jpg
Tr-pi_0689.jpg,pituitary,train,train/pituitary/Tr-pi_0689.jpg
Te-pi_0140.jpg,pituitary,train,train/pituitary/Te-pi_0140.jpg
Te-pi_0154.jpg,pituitary,train,train/pituitary/Te-pi_0154.jpg
P_771_RO_.jpg,pituitary,train,train/pituitary/P_771_RO_.jpg
p (509).jpg,pituitary,train,train/pituitary/p (509).jpg
P_70_RO_.jpg,pituitary,train,train/pituitary/P_70_RO_.jpg
P_840_SP_.jpg,pituitary,train,train/pituitary/P_840_SP_.jpg
P_725_SP_.jpg,pituitary,train,train/pituitary/P_725_SP_.jpg
Tr-pi_1030.jpg,pituitary,train,train/pituitary/Tr-pi_1030.jpg
Tr-pi_0448.jpg,pituitary,train,train/pituitary/Tr-pi_0448.jpg
P_769.jpg,pituitary,train,train/pituitary/P_769.jpg
P_735_SP_.jpg,pituitary,train,train/pituitary/P_735_SP_.jpg
Tr-pi_1024.jpg,pituitary,train,train/pituitary/Tr-pi_1024.jpg
P_814_RO_.jpg,pituitary,train,train/pituitary/P_814_RO_.jpg
Tr-pi_0312.jpg,pituitary,train,train/pituitary/Tr-pi_0312.jpg
P_755.jpg,pituitary,train,train/pituitary/P_755.jpg
Tr-pi_0474.jpg,pituitary,train,train/pituitary/Tr-pi_0474.jpg
Tr-pi_0460.jpg,pituitary,train,train/pituitary/Tr-pi_0460.jpg
P_741.jpg,pituitary,train,train/pituitary/P_741.jpg
P_804_RO_.jpg,pituitary,train,train/pituitary/P_804_RO_.jpg
Tr-pi_1018.jpg,pituitary,train,train/pituitary/Tr-pi_1018.jpg
Tr-pi_0306.jpg,pituitary,train,train/pituitary/Tr-pi_0306.jpg
P_752_HF_.jpg,pituitary,train,train/pituitary/P_752_HF_.jpg
P_795_BR_.jpg,pituitary,train,train/pituitary/P_795_BR_.jpg
P_785_BR_.jpg,pituitary,train,train/pituitary/P_785_BR_.jpg
P_742_HF_.jpg,pituitary,train,train/pituitary/P_742_HF_.jpg
P_84_BR_.jpg,pituitary,train,train/pituitary/P_84_BR_.jpg
P_796.jpg,pituitary,train,train/pituitary/P_796.jpg
P_782.jpg,pituitary,train,train/pituitary/P_782.jpg
P_755_DA_.jpg,pituitary,train,train/pituitary/P_755_DA_.jpg
P_783.jpg,pituitary,train,train/pituitary/P_783.jpg
P_745_DA_.jpg,pituitary,train,train/pituitary/P_745_DA_.jpg
P_797.jpg,pituitary,train,train/pituitary/P_797.jpg
P_771_BR_.jpg,pituitary,train,train/pituitary/P_771_BR_.jpg
P_70_BR_.jpg,pituitary,train,train/pituitary/P_70_BR_.jpg
P_761_BR_.jpg,pituitary,train,train/pituitary/P_761_BR_.jpg
P_740.jpg,pituitary,train,train/pituitary/P_740.jpg
Tr-pi_0461.jpg,pituitary,train,train/pituitary/Tr-pi_0461.jpg
Tr-pi_0307.jpg,pituitary,train,train/pituitary/Tr-pi_0307.jpg
Tr-pi_1019.jpg,pituitary,train,train/pituitary/Tr-pi_1019.jpg
Tr-pi_0313.jpg,pituitary,train,train/pituitary/Tr-pi_0313.jpg
Tr-pi_0475.jpg,pituitary,train,train/pituitary/Tr-pi_0475.jpg
P_754.jpg,pituitary,train,train/pituitary/P_754.jpg
p (525).jpg,pituitary,train,train/pituitary/p (525).jpg
Tr-pi_1025.jpg,pituitary,train,train/pituitary/Tr-pi_1025.jpg
Tr-pi_1031.jpg,pituitary,train,train/pituitary/Tr-pi_1031.jpg
P_768.jpg,pituitary,train,train/pituitary/P_768.jpg
Tr-pi_0449.jpg,pituitary,train,train/pituitary/Tr-pi_0449.jpg
P_785_RO_.jpg,pituitary,train,train/pituitary/P_785_RO_.jpg
P_778_SP_.jpg,pituitary,train,train/pituitary/P_778_SP_.jpg
Te-pi_0155.jpg,pituitary,train,train/pituitary/Te-pi_0155.jpg
P_79_SP_.jpg,pituitary,train,train/pituitary/P_79_SP_.jpg
P_768_SP_.jpg,pituitary,train,train/pituitary/P_768_SP_.jpg
Tr-pi_0688.jpg,pituitary,train,train/pituitary/Tr-pi_0688.jpg
P_795_RO_.jpg,pituitary,train,train/pituitary/P_795_RO_.jpg
Te-pi_0141.jpg,pituitary,train,train/pituitary/Te-pi_0141.jpg
P_804_BR_.jpg,pituitary,train,train/pituitary/P_804_BR_.jpg
Tr-pi_0105.jpg,pituitary,train,train/pituitary/Tr-pi_0105.jpg
Tr-pi_0663.jpg,pituitary,train,train/pituitary/Tr-pi_0663.jpg
P_814_BR_.jpg,pituitary,train,train/pituitary/P_814_BR_.jpg
Tr-pi_0677.jpg,pituitary,train,train/pituitary/Tr-pi_0677.jpg
Tr-pi_0111.jpg,pituitary,train,train/pituitary/Tr-pi_0111.jpg
Te-pi_0196.jpg,pituitary,train,train/pituitary/Te-pi_0196.jpg
Tr-pi_1227.jpg,pituitary,train,train/pituitary/Tr-pi_1227.jpg
P_820_DA_.jpg,pituitary,train,train/pituitary/P_820_DA_.jpg
Tr-pi_0139.jpg,pituitary,train,train/pituitary/Tr-pi_0139.jpg
P_732_VF_.jpg,pituitary,train,train/pituitary/P_732_VF_.jpg
P_830_DA_.jpg,pituitary,train,train/pituitary/P_830_DA_.jpg
P_722_VF_.jpg,pituitary,train,train/pituitary/P_722_VF_.jpg
p (572).jpg,pituitary,train,train/pituitary/p (572).jpg
Tr-pi_1233.jpg,pituitary,train,train/pituitary/Tr-pi_1233.jpg
Te-pi_0182.jpg,pituitary,train,train/pituitary/Te-pi_0182.jpg
P_81.jpg,pituitary,train,train/pituitary/P_81.jpg
P_842_DA_.jpg,pituitary,train,train/pituitary/P_842_DA_.jpg
P_750_VF_.jpg,pituitary,train,train/pituitary/P_750_VF_.jpg
P_740_VF_.jpg,pituitary,train,train/pituitary/P_740_VF_.jpg
Te-pi_0021.jpg,pituitary,train,train/pituitary/Te-pi_0021.jpg
Tr-pi_1390.jpg,pituitary,train,train/pituitary/Tr-pi_1390.jpg
1182.jpg,pituitary,train,train/pituitary/1182.jpg
1196.jpg,pituitary,train,train/pituitary/1196.jpg
Te-pi_0035.jpg,pituitary,train,train/pituitary/Te-pi_0035.jpg
Tr-pi_0717.jpg,pituitary,train,train/pituitary/Tr-pi_0717.jpg
Tr-pi_0703.jpg,pituitary,train,train/pituitary/Tr-pi_0703.jpg
Tr-pi_1353.jpg,pituitary,train,train/pituitary/Tr-pi_1353.jpg
p (564).jpg,pituitary,train,train/pituitary/p (564).jpg
Tr-pi_1347.jpg,pituitary,train,train/pituitary/Tr-pi_1347.jpg
P_813.jpg,pituitary,train,train/pituitary/P_813.jpg
Tr-pi_1192.jpg,pituitary,train,train/pituitary/Tr-pi_1192.jpg
Tr-pi_0298.jpg,pituitary,train,train/pituitary/Tr-pi_0298.jpg
Tr-pi_1186.jpg,pituitary,train,train/pituitary/Tr-pi_1186.jpg
P_807.jpg,pituitary,train,train/pituitary/P_807.jpg
P_713_BR_.jpg,pituitary,train,train/pituitary/P_713_BR_.jpg
Tr-pi_0515.jpg,pituitary,train,train/pituitary/Tr-pi_0515.jpg
Tr-pi_0273.jpg,pituitary,train,train/pituitary/Tr-pi_0273.jpg
Tr-pi_1179.jpg,pituitary,train,train/pituitary/Tr-pi_1179.jpg
Tr-pi_0267.jpg,pituitary,train,train/pituitary/Tr-pi_0267.jpg
Tr-pi_0501.jpg,pituitary,train,train/pituitary/Tr-pi_0501.jpg
P_818_HF_.jpg,pituitary,train,train/pituitary/P_818_HF_.jpg
Tr-pi_0529.jpg,pituitary,train,train/pituitary/Tr-pi_0529.jpg
P_737_DA_.jpg,pituitary,train,train/pituitary/P_737_DA_.jpg
P_825_VF_.jpg,pituitary,train,train/pituitary/P_825_VF_.jpg
Tr-pi_1151.jpg,pituitary,train,train/pituitary/Tr-pi_1151.jpg
Tr-pi_1145.jpg,pituitary,train,train/pituitary/Tr-pi_1145.jpg
P_727_DA_.jpg,pituitary,train,train/pituitary/P_727_DA_.jpg
P_808_HF_.jpg,pituitary,train,train/pituitary/P_808_HF_.jpg
p (499).jpg,pituitary,train,train/pituitary/p (499).jpg
p (533).jpg,pituitary,train,train/pituitary/p (533).jpg
P_835_VF_.jpg,pituitary,train,train/pituitary/P_835_VF_.jpg
Tr-pi_0200.jpg,pituitary,train,train/pituitary/Tr-pi_0200.jpg
Tr-pi_0566.jpg,pituitary,train,train/pituitary/Tr-pi_0566.jpg
Tr-pi_0572.jpg,pituitary,train,train/pituitary/Tr-pi_0572.jpg
Tr-pi_0214.jpg,pituitary,train,train/pituitary/Tr-pi_0214.jpg
Tr-pi_1122.jpg,pituitary,train,train/pituitary/Tr-pi_1122.jpg
Tr-pi_0228.jpg,pituitary,train,train/pituitary/Tr-pi_0228.jpg
Tr-pi_1136.jpg,pituitary,train,train/pituitary/Tr-pi_1136.jpg
P_814_DA_.jpg,pituitary,train,train/pituitary/P_814_DA_.jpg
P_706_VF_.jpg,pituitary,train,train/pituitary/P_706_VF_.jpg
P_804_DA_.jpg,pituitary,train,train/pituitary/P_804_DA_.jpg
P_716_VF_.jpg,pituitary,train,train/pituitary/P_716_VF_.jpg
P_830_BR_.jpg,pituitary,train,train/pituitary/P_830_BR_.jpg
Tr-pi_0599.jpg,pituitary,train,train/pituitary/Tr-pi_0599.jpg
p (538).jpg,pituitary,train,train/pituitary/p (538).jpg
P_820_BR_.jpg,pituitary,train,train/pituitary/P_820_BR_.jpg
p (492).jpg,pituitary,train,train/pituitary/p (492).jpg
P_745_BR_.jpg,pituitary,train,train/pituitary/P_745_BR_.jpg
Tr-pi_0764.jpg,pituitary,train,train/pituitary/Tr-pi_0764.jpg
P_782_HF_.jpg,pituitary,train,train/pituitary/P_782_HF_.jpg
P_83_HF_.jpg,pituitary,train,train/pituitary/P_83_HF_.jpg
P_792_HF_.jpg,pituitary,train,train/pituitary/P_792_HF_.jpg
Tr-pi_1308.jpg,pituitary,train,train/pituitary/Tr-pi_1308.jpg
P_755_BR_.jpg,pituitary,train,train/pituitary/P_755_BR_.jpg
Tr-pi_0770.jpg,pituitary,train,train/pituitary/Tr-pi_0770.jpg
Tr-pi_0758.jpg,pituitary,train,train/pituitary/Tr-pi_0758.jpg
P_761_DA_.jpg,pituitary,train,train/pituitary/P_761_DA_.jpg
Te-pi_0091.jpg,pituitary,train,train/pituitary/Te-pi_0091.jpg
Tr-pi_1320.jpg,pituitary,train,train/pituitary/Tr-pi_1320.jpg
P_771_DA_.jpg,pituitary,train,train/pituitary/P_771_DA_.jpg
Tr-pi_1334.jpg,pituitary,train,train/pituitary/Tr-pi_1334.jpg
Te-pi_0085.jpg,pituitary,train,train/pituitary/Te-pi_0085.jpg
P_70_DA_.jpg,pituitary,train,train/pituitary/P_70_DA_.jpg
Tr-pi_1452.jpg,pituitary,train,train/pituitary/Tr-pi_1452.jpg
Tr-pi_0994.jpg,pituitary,train,train/pituitary/Tr-pi_0994.jpg
P_718_RO_.jpg,pituitary,train,train/pituitary/P_718_RO_.jpg
P_839_SP_.jpg,pituitary,train,train/pituitary/P_839_SP_.jpg
Tr-pi_0943.jpg,pituitary,train,train/pituitary/Tr-pi_0943.jpg
Te-pi_0052.jpg,pituitary,train,train/pituitary/Te-pi_0052.jpg
P_829_SP_.jpg,pituitary,train,train/pituitary/P_829_SP_.jpg
Te-pi_0046.jpg,pituitary,train,train/pituitary/Te-pi_0046.jpg
Tr-pi_0957.jpg,pituitary,train,train/pituitary/Tr-pi_0957.jpg
Tr-pi_0610.jpg,pituitary,train,train/pituitary/Tr-pi_0610.jpg
Tr-pi_0176.jpg,pituitary,train,train/pituitary/Tr-pi_0176.jpg
Tr-pi_1268.jpg,pituitary,train,train/pituitary/Tr-pi_1268.jpg
Tr-pi_0162.jpg,pituitary,train,train/pituitary/Tr-pi_0162.jpg
Tr-pi_0604.jpg,pituitary,train,train/pituitary/Tr-pi_0604.jpg
P_797_SP_.jpg,pituitary,train,train/pituitary/P_797_SP_.jpg
Tr-pi_1240.jpg,pituitary,train,train/pituitary/Tr-pi_1240.jpg
P_787_SP_.jpg,pituitary,train,train/pituitary/P_787_SP_.jpg
Tr-pi_0638.jpg,pituitary,train,train/pituitary/Tr-pi_0638.jpg
p (596).jpg,pituitary,train,train/pituitary/p (596).jpg
P_811_VF_.jpg,pituitary,train,train/pituitary/P_811_VF_.jpg
P_713_DA_.jpg,pituitary,train,train/pituitary/P_713_DA_.jpg
P_801_VF_.jpg,pituitary,train,train/pituitary/P_801_VF_.jpg
P_727_BR_.jpg,pituitary,train,train/pituitary/P_727_BR_.jpg
Te-pi_0126.jpg,pituitary,train,train/pituitary/Te-pi_0126.jpg
Tr-pi_1297.jpg,pituitary,train,train/pituitary/Tr-pi_1297.jpg
Tr-pi_0189.jpg,pituitary,train,train/pituitary/Tr-pi_0189.jpg
P_737_BR_.jpg,pituitary,train,train/pituitary/P_737_BR_.jpg
Te-pi_0132.jpg,pituitary,train,train/pituitary/Te-pi_0132.jpg
p (607).jpg,pituitary,train,train/pituitary/p (607).jpg
Tr-pi_0374.jpg,pituitary,train,train/pituitary/Tr-pi_0374.jpg
Tr-pi_0412.jpg,pituitary,train,train/pituitary/Tr-pi_0412.jpg
P_733.jpg,pituitary,train,train/pituitary/P_733.jpg
P_727.jpg,pituitary,train,train/pituitary/P_727.jpg
P_842_BR_.jpg,pituitary,train,train/pituitary/P_842_BR_.jpg
Tr-pi_0406.jpg,pituitary,train,train/pituitary/Tr-pi_0406.jpg
Tr-pi_0360.jpg,pituitary,train,train/pituitary/Tr-pi_0360.jpg
Tr-pi_1056.jpg,pituitary,train,train/pituitary/Tr-pi_1056.jpg
Tr-pi_0348.jpg,pituitary,train,train/pituitary/Tr-pi_0348.jpg
P_759_HF_.jpg,pituitary,train,train/pituitary/P_759_HF_.jpg
P_764_VF_.jpg,pituitary,train,train/pituitary/P_764_VF_.jpg
P_749_HF_.jpg,pituitary,train,train/pituitary/P_749_HF_.jpg
P_75_VF_.jpg,pituitary,train,train/pituitary/P_75_VF_.jpg
P_774_VF_.jpg,pituitary,train,train/pituitary/P_774_VF_.jpg
Tr-pi_1042.jpg,pituitary,train,train/pituitary/Tr-pi_1042.jpg
p (484).jpg,pituitary,train,train/pituitary/p (484).jpg
Tr-pi_1095.jpg,pituitary,train,train/pituitary/Tr-pi_1095.jpg
Tr-pi_1081.jpg,pituitary,train,train/pituitary/Tr-pi_1081.jpg
P_737_RO_.jpg,pituitary,train,train/pituitary/P_737_RO_.jpg
Tr-pi_1080.jpg,pituitary,train,train/pituitary/Tr-pi_1080.jpg
Tr-pi_1094.jpg,pituitary,train,train/pituitary/Tr-pi_1094.jpg
P_727_RO_.jpg,pituitary,train,train/pituitary/P_727_RO_.jpg
P_806_SP_.jpg,pituitary,train,train/pituitary/P_806_SP_.jpg
P_816_SP_.jpg,pituitary,train,train/pituitary/P_816_SP_.jpg
P_81_VF_.jpg,pituitary,train,train/pituitary/P_81_VF_.jpg
Tr-pi_1043.jpg,pituitary,train,train/pituitary/Tr-pi_1043.jpg
p (555).jpg,pituitary,train,train/pituitary/p (555).jpg
P_780_VF_.jpg,pituitary,train,train/pituitary/P_780_VF_.jpg
Tr-pi_0349.jpg,pituitary,train,train/pituitary/Tr-pi_0349.jpg
Tr-pi_1057.jpg,pituitary,train,train/pituitary/Tr-pi_1057.jpg
P_790_VF_.jpg,pituitary,train,train/pituitary/P_790_VF_.jpg
Tr-pi_0407.jpg,pituitary,train,train/pituitary/Tr-pi_0407.jpg
P_726.jpg,pituitary,train,train/pituitary/P_726.jpg
Tr-pi_0361.jpg,pituitary,train,train/pituitary/Tr-pi_0361.jpg
Tr-pi_0375.jpg,pituitary,train,train/pituitary/Tr-pi_0375.jpg
P_732.jpg,pituitary,train,train/pituitary/P_732.jpg
Tr-pi_0413.jpg,pituitary,train,train/pituitary/Tr-pi_0413.jpg
Te-pi_0133.jpg,pituitary,train,train/pituitary/Te-pi_0133.jpg
P_739_VF_.jpg,pituitary,train,train/pituitary/P_739_VF_.jpg
P_714_HF_.jpg,pituitary,train,train/pituitary/P_714_HF_.jpg
Tr-pi_0188.jpg,pituitary,train,train/pituitary/Tr-pi_0188.jpg
P_729_VF_.jpg,pituitary,train,train/pituitary/P_729_VF_.jpg
Te-pi_0127.jpg,pituitary,train,train/pituitary/Te-pi_0127.jpg
Tr-pi_1296.jpg,pituitary,train,train/pituitary/Tr-pi_1296.jpg
P_773_SP_.jpg,pituitary,train,train/pituitary/P_773_SP_.jpg
Tr-pi_1241.jpg,pituitary,train,train/pituitary/Tr-pi_1241.jpg
Tr-pi_0639.jpg,pituitary,train,train/pituitary/Tr-pi_0639.jpg
P_72_SP_.jpg,pituitary,train,train/pituitary/P_72_SP_.jpg
p (502).jpg,pituitary,train,train/pituitary/p (502).jpg
P_763_SP_.jpg,pituitary,train,train/pituitary/P_763_SP_.jpg
P_842_RO_.jpg,pituitary,train,train/pituitary/P_842_RO_.jpg
Tr-pi_0163.jpg,pituitary,train,train/pituitary/Tr-pi_0163.jpg
Tr-pi_0605.jpg,pituitary,train,train/pituitary/Tr-pi_0605.jpg
Tr-pi_0611.jpg,pituitary,train,train/pituitary/Tr-pi_0611.jpg
Tr-pi_0177.jpg,pituitary,train,train/pituitary/Tr-pi_0177.jpg
Te-pi_0047.jpg,pituitary,train,train/pituitary/Te-pi_0047.jpg
P_820_RO_.jpg,pituitary,train,train/pituitary/P_820_RO_.jpg
Tr-pi_0956.jpg,pituitary,train,train/pituitary/Tr-pi_0956.jpg
P_830_RO_.jpg,pituitary,train,train/pituitary/P_830_RO_.jpg
Te-pi_0053.jpg,pituitary,train,train/pituitary/Te-pi_0053.jpg
P_711_SP_.jpg,pituitary,train,train/pituitary/P_711_SP_.jpg
Te-pi_0084.jpg,pituitary,train,train/pituitary/Te-pi_0084.jpg
P_785_DA_.jpg,pituitary,train,train/pituitary/P_785_DA_.jpg
Tr-pi_0995.jpg,pituitary,train,train/pituitary/Tr-pi_0995.jpg
p (514).jpg,pituitary,train,train/pituitary/p (514).jpg
P_795_DA_.jpg,pituitary,train,train/pituitary/P_795_DA_.jpg
Tr-pi_1447.jpg,pituitary,train,train/pituitary/Tr-pi_1447.jpg
Tr-pi_0759.jpg,pituitary,train,train/pituitary/Tr-pi_0759.jpg
Te-pi_0090.jpg,pituitary,train,train/pituitary/Te-pi_0090.jpg
Tr-pi_1309.jpg,pituitary,train,train/pituitary/Tr-pi_1309.jpg
P_766_HF_.jpg,pituitary,train,train/pituitary/P_766_HF_.jpg
Tr-pi_0771.jpg,pituitary,train,train/pituitary/Tr-pi_0771.jpg
P_776_HF_.jpg,pituitary,train,train/pituitary/P_776_HF_.jpg
Tr-pi_0765.jpg,pituitary,train,train/pituitary/Tr-pi_0765.jpg
P_77_HF_.jpg,pituitary,train,train/pituitary/P_77_HF_.jpg
P_813_HF_.jpg,pituitary,train,train/pituitary/P_813_HF_.jpg
P_803_HF_.jpg,pituitary,train,train/pituitary/P_803_HF_.jpg
Tr-pi_0598.jpg,pituitary,train,train/pituitary/Tr-pi_0598.jpg
P_718_BR_.jpg,pituitary,train,train/pituitary/P_718_BR_.jpg
Tr-pi_1137.jpg,pituitary,train,train/pituitary/Tr-pi_1137.jpg
Tr-pi_0229.jpg,pituitary,train,train/pituitary/Tr-pi_0229.jpg
p (543).jpg,pituitary,train,train/pituitary/p (543).jpg
Tr-pi_1123.jpg,pituitary,train,train/pituitary/Tr-pi_1123.jpg
Tr-pi_0573.jpg,pituitary,train,train/pituitary/Tr-pi_0573.jpg
P_755_RO_.jpg,pituitary,train,train/pituitary/P_755_RO_.jpg
Tr-pi_0215.jpg,pituitary,train,train/pituitary/Tr-pi_0215.jpg
P_745_RO_.jpg,pituitary,train,train/pituitary/P_745_RO_.jpg
Tr-pi_0201.jpg,pituitary,train,train/pituitary/Tr-pi_0201.jpg
Tr-pi_0567.jpg,pituitary,train,train/pituitary/Tr-pi_0567.jpg
P_842_SP_.jpg,pituitary,train,train/pituitary/P_842_SP_.jpg
Tr-pi_0217.jpg,pituitary,train,train/pituitary/Tr-pi_0217.jpg
Tr-pi_1109.jpg,pituitary,train,train/pituitary/Tr-pi_1109.jpg
Tr-pi_0571.jpg,pituitary,train,train/pituitary/Tr-pi_0571.jpg
Tr-pi_0565.jpg,pituitary,train,train/pituitary/Tr-pi_0565.jpg
Tr-pi_0203.jpg,pituitary,train,train/pituitary/Tr-pi_0203.jpg
P_773_RO_.jpg,pituitary,train,train/pituitary/P_773_RO_.jpg
Tr-pi_1135.jpg,pituitary,train,train/pituitary/Tr-pi_1135.jpg
P_72_RO_.jpg,pituitary,train,train/pituitary/P_72_RO_.jpg
p (534).jpg,pituitary,train,train/pituitary/p (534).jpg
Tr-pi_0559.jpg,pituitary,train,train/pituitary/Tr-pi_0559.jpg
P_763_RO_.jpg,pituitary,train,train/pituitary/P_763_RO_.jpg
Tr-pi_1121.jpg,pituitary,train,train/pituitary/Tr-pi_1121.jpg
P_835_HF_.jpg,pituitary,train,train/pituitary/P_835_HF_.jpg
P_808_VF_.jpg,pituitary,train,train/pituitary/P_808_VF_.jpg
P_825_HF_.jpg,pituitary,train,train/pituitary/P_825_HF_.jpg
P_818_VF_.jpg,pituitary,train,train/pituitary/P_818_VF_.jpg
Tr-pi_0773.jpg,pituitary,train,train/pituitary/Tr-pi_0773.jpg
Tr-pi_0767.jpg,pituitary,train,train/pituitary/Tr-pi_0767.jpg
P_740_HF_.jpg,pituitary,train,train/pituitary/P_740_HF_.jpg
P_787_BR_.jpg,pituitary,train,train/pituitary/P_787_BR_.jpg
Tr-pi_1451.jpg,pituitary,train,train/pituitary/Tr-pi_1451.jpg
Tr-pi_0997.jpg,pituitary,train,train/pituitary/Tr-pi_0997.jpg
Te-pi_0086.jpg,pituitary,train,train/pituitary/Te-pi_0086.jpg
Tr-pi_1337.jpg,pituitary,train,train/pituitary/Tr-pi_1337.jpg
P_797_BR_.jpg,pituitary,train,train/pituitary/P_797_BR_.jpg
p (563).jpg,pituitary,train,train/pituitary/p (563).jpg
P_750_HF_.jpg,pituitary,train,train/pituitary/P_750_HF_.jpg
Tr-pi_1323.jpg,pituitary,train,train/pituitary/Tr-pi_1323.jpg
Te-pi_0092.jpg,pituitary,train,train/pituitary/Te-pi_0092.jpg
P_806_RO_.jpg,pituitary,train,train/pituitary/P_806_RO_.jpg
Te-pi_0079.jpg,pituitary,train,train/pituitary/Te-pi_0079.jpg
P_816_RO_.jpg,pituitary,train,train/pituitary/P_816_RO_.jpg
Tr-pi_0954.jpg,pituitary,train,train/pituitary/Tr-pi_0954.jpg
P_737_SP_.jpg,pituitary,train,train/pituitary/P_737_SP_.jpg
Te-pi_0045.jpg,pituitary,train,train/pituitary/Te-pi_0045.jpg
Te-pi_0051.jpg,pituitary,train,train/pituitary/Te-pi_0051.jpg
P_727_SP_.jpg,pituitary,train,train/pituitary/P_727_SP_.jpg
Tr-pi_0798.jpg,pituitary,train,train/pituitary/Tr-pi_0798.jpg
Tr-pi_0607.jpg,pituitary,train,train/pituitary/Tr-pi_0607.jpg
P_755_SP_.jpg,pituitary,train,train/pituitary/P_755_SP_.jpg
Tr-pi_0161.jpg,pituitary,train,train/pituitary/Tr-pi_0161.jpg
Tr-pi_0175.jpg,pituitary,train,train/pituitary/Tr-pi_0175.jpg
P_745_SP_.jpg,pituitary,train,train/pituitary/P_745_SP_.jpg
Tr-pi_0613.jpg,pituitary,train,train/pituitary/Tr-pi_0613.jpg
Tr-pi_1243.jpg,pituitary,train,train/pituitary/Tr-pi_1243.jpg
p (575).jpg,pituitary,train,train/pituitary/p (575).jpg
Tr-pi_0149.jpg,pituitary,train,train/pituitary/Tr-pi_0149.jpg
P_722_HF_.jpg,pituitary,train,train/pituitary/P_722_HF_.jpg
P_732_HF_.jpg,pituitary,train,train/pituitary/P_732_HF_.jpg
Te-pi_0119.jpg,pituitary,train,train/pituitary/Te-pi_0119.jpg
P_829_BR_.jpg,pituitary,train,train/pituitary/P_829_BR_.jpg
Te-pi_0131.jpg,pituitary,train,train/pituitary/Te-pi_0131.jpg
Tr-pi_1294.jpg,pituitary,train,train/pituitary/Tr-pi_1294.jpg
P_839_BR_.jpg,pituitary,train,train/pituitary/P_839_BR_.jpg
Te-pi_0125.jpg,pituitary,train,train/pituitary/Te-pi_0125.jpg
Tr-pi_0363.jpg,pituitary,train,train/pituitary/Tr-pi_0363.jpg
P_724.jpg,pituitary,train,train/pituitary/P_724.jpg
Tr-pi_0405.jpg,pituitary,train,train/pituitary/Tr-pi_0405.jpg
Tr-pi_0411.jpg,pituitary,train,train/pituitary/Tr-pi_0411.jpg
P_730.jpg,pituitary,train,train/pituitary/P_730.jpg
Tr-pi_1069.jpg,pituitary,train,train/pituitary/Tr-pi_1069.jpg
Tr-pi_0377.jpg,pituitary,train,train/pituitary/Tr-pi_0377.jpg
P_778_DA_.jpg,pituitary,train,train/pituitary/P_778_DA_.jpg
Tr-pi_0439.jpg,pituitary,train,train/pituitary/Tr-pi_0439.jpg
P_79_DA_.jpg,pituitary,train,train/pituitary/P_79_DA_.jpg
P_718.jpg,pituitary,train,train/pituitary/P_718.jpg
p (522).jpg,pituitary,train,train/pituitary/p (522).jpg
P_768_DA_.jpg,pituitary,train,train/pituitary/P_768_DA_.jpg
Tr-pi_1055.jpg,pituitary,train,train/pituitary/Tr-pi_1055.jpg
p (488).jpg,pituitary,train,train/pituitary/p (488).jpg
P_711_RO_.jpg,pituitary,train,train/pituitary/P_711_RO_.jpg
Tr-pi_1082.jpg,pituitary,train,train/pituitary/Tr-pi_1082.jpg
P_820_SP_.jpg,pituitary,train,train/pituitary/P_820_SP_.jpg
P_830_SP_.jpg,pituitary,train,train/pituitary/P_830_SP_.jpg
Tr-pi_0388.jpg,pituitary,train,train/pituitary/Tr-pi_0388.jpg
Tr-pi_1096.jpg,pituitary,train,train/pituitary/Tr-pi_1096.jpg
P_839_RO_.jpg,pituitary,train,train/pituitary/P_839_RO_.jpg
Tr-pi_1097.jpg,pituitary,train,train/pituitary/Tr-pi_1097.jpg
Tr-pi_0389.jpg,pituitary,train,train/pituitary/Tr-pi_0389.jpg
p (559).jpg,pituitary,train,train/pituitary/p (559).jpg
Tr-pi_1083.jpg,pituitary,train,train/pituitary/Tr-pi_1083.jpg
P_829_RO_.jpg,pituitary,train,train/pituitary/P_829_RO_.jpg
P_718_SP_.jpg,pituitary,train,train/pituitary/P_718_SP_.jpg
Tr-pi_1054.jpg,pituitary,train,train/pituitary/Tr-pi_1054.jpg
Tr-pi_1040.jpg,pituitary,train,train/pituitary/Tr-pi_1040.jpg
P_719.jpg,pituitary,train,train/pituitary/P_719.jpg
Tr-pi_0438.jpg,pituitary,train,train/pituitary/Tr-pi_0438.jpg
P_731.jpg,pituitary,train,train/pituitary/P_731.jpg
Tr-pi_0410.jpg,pituitary,train,train/pituitary/Tr-pi_0410.jpg
Tr-pi_0376.jpg,pituitary,train,train/pituitary/Tr-pi_0376.jpg
Tr-pi_1068.jpg,pituitary,train,train/pituitary/Tr-pi_1068.jpg
P_742_VF_.jpg,pituitary,train,train/pituitary/P_742_VF_.jpg
P_840_DA_.jpg,pituitary,train,train/pituitary/P_840_DA_.jpg
Tr-pi_0362.jpg,pituitary,train,train/pituitary/Tr-pi_0362.jpg
Tr-pi_0404.jpg,pituitary,train,train/pituitary/Tr-pi_0404.jpg
P_752_VF_.jpg,pituitary,train,train/pituitary/P_752_VF_.jpg
P_725.jpg,pituitary,train,train/pituitary/P_725.jpg
P_725_DA_.jpg,pituitary,train,train/pituitary/P_725_DA_.jpg
Tr-pi_1295.jpg,pituitary,train,train/pituitary/Tr-pi_1295.jpg
Te-pi_0124.jpg,pituitary,train,train/pituitary/Te-pi_0124.jpg
P_837_VF_.jpg,pituitary,train,train/pituitary/P_837_VF_.jpg
P_735_DA_.jpg,pituitary,train,train/pituitary/P_735_DA_.jpg
Te-pi_0130.jpg,pituitary,train,train/pituitary/Te-pi_0130.jpg
P_827_VF_.jpg,pituitary,train,train/pituitary/P_827_VF_.jpg
Te-pi_0118.jpg,pituitary,train,train/pituitary/Te-pi_0118.jpg
P_711_BR_.jpg,pituitary,train,train/pituitary/P_711_BR_.jpg
Tr-pi_0148.jpg,pituitary,train,train/pituitary/Tr-pi_0148.jpg
Tr-pi_1242.jpg,pituitary,train,train/pituitary/Tr-pi_1242.jpg
Tr-pi_0174.jpg,pituitary,train,train/pituitary/Tr-pi_0174.jpg
Tr-pi_0612.jpg,pituitary,train,train/pituitary/Tr-pi_0612.jpg
Tr-pi_0606.jpg,pituitary,train,train/pituitary/Tr-pi_0606.jpg
Tr-pi_0160.jpg,pituitary,train,train/pituitary/Tr-pi_0160.jpg
Te-pi_0050.jpg,pituitary,train,train/pituitary/Te-pi_0050.jpg
Tr-pi_0799.jpg,pituitary,train,train/pituitary/Tr-pi_0799.jpg
p (518).jpg,pituitary,train,train/pituitary/p (518).jpg
Tr-pi_0955.jpg,pituitary,train,train/pituitary/Tr-pi_0955.jpg
Te-pi_0044.jpg,pituitary,train,train/pituitary/Te-pi_0044.jpg
Te-pi_0078.jpg,pituitary,train,train/pituitary/Te-pi_0078.jpg
Tr-pi_1322.jpg,pituitary,train,train/pituitary/Tr-pi_1322.jpg
Te-pi_0093.jpg,pituitary,train,train/pituitary/Te-pi_0093.jpg
P_763_BR_.jpg,pituitary,train,train/pituitary/P_763_BR_.jpg
P_799_VF_.jpg,pituitary,train,train/pituitary/P_799_VF_.jpg
Tr-pi_0996.jpg,pituitary,train,train/pituitary/Tr-pi_0996.jpg
Tr-pi_1450.jpg,pituitary,train,train/pituitary/Tr-pi_1450.jpg
P_773_BR_.jpg,pituitary,train,train/pituitary/P_773_BR_.jpg
P_72_BR_.jpg,pituitary,train,train/pituitary/P_72_BR_.jpg
P_789_VF_.jpg,pituitary,train,train/pituitary/P_789_VF_.jpg
Te-pi_0087.jpg,pituitary,train,train/pituitary/Te-pi_0087.jpg
Tr-pi_1336.jpg,pituitary,train,train/pituitary/Tr-pi_1336.jpg
P_747_DA_.jpg,pituitary,train,train/pituitary/P_747_DA_.jpg
Tr-pi_0766.jpg,pituitary,train,train/pituitary/Tr-pi_0766.jpg
P_757_DA_.jpg,pituitary,train,train/pituitary/P_757_DA_.jpg
Tr-pi_0772.jpg,pituitary,train,train/pituitary/Tr-pi_0772.jpg
P_832_DA_.jpg,pituitary,train,train/pituitary/P_832_DA_.jpg
P_720_VF_.jpg,pituitary,train,train/pituitary/P_720_VF_.jpg
P_822_DA_.jpg,pituitary,train,train/pituitary/P_822_DA_.jpg
P_730_VF_.jpg,pituitary,train,train/pituitary/P_730_VF_.jpg
P_816_BR_.jpg,pituitary,train,train/pituitary/P_816_BR_.jpg
P_806_BR_.jpg,pituitary,train,train/pituitary/P_806_BR_.jpg
P_797_RO_.jpg,pituitary,train,train/pituitary/P_797_RO_.jpg
Tr-pi_0558.jpg,pituitary,train,train/pituitary/Tr-pi_0558.jpg
Tr-pi_1134.jpg,pituitary,train,train/pituitary/Tr-pi_1134.jpg
P_787_RO_.jpg,pituitary,train,train/pituitary/P_787_RO_.jpg
Tr-pi_0564.jpg,pituitary,train,train/pituitary/Tr-pi_0564.jpg
Tr-pi_0202.jpg,pituitary,train,train/pituitary/Tr-pi_0202.jpg
Tr-pi_0216.jpg,pituitary,train,train/pituitary/Tr-pi_0216.jpg
Tr-pi_0570.jpg,pituitary,train,train/pituitary/Tr-pi_0570.jpg
Tr-pi_0548.jpg,pituitary,train,train/pituitary/Tr-pi_0548.jpg
P_796_BR_.jpg,pituitary,train,train/pituitary/P_796_BR_.jpg
Tr-pi_1130.jpg,pituitary,train,train/pituitary/Tr-pi_1130.jpg
P_751_HF_.jpg,pituitary,train,train/pituitary/P_751_HF_.jpg
P_741_HF_.jpg,pituitary,train,train/pituitary/P_741_HF_.jpg
P_786_BR_.jpg,pituitary,train,train/pituitary/P_786_BR_.jpg
Tr-pi_0574.jpg,pituitary,train,train/pituitary/Tr-pi_0574.jpg
Tr-pi_0212.jpg,pituitary,train,train/pituitary/Tr-pi_0212.jpg
Tr-pi_0206.jpg,pituitary,train,train/pituitary/Tr-pi_0206.jpg
Tr-pi_1118.jpg,pituitary,train,train/pituitary/Tr-pi_1118.jpg
Tr-pi_0560.jpg,pituitary,train,train/pituitary/Tr-pi_0560.jpg
P_726_SP_.jpg,pituitary,train,train/pituitary/P_726_SP_.jpg
P_736_SP_.jpg,pituitary,train,train/pituitary/P_736_SP_.jpg
P_817_RO_.jpg,pituitary,train,train/pituitary/P_817_RO_.jpg
P_807_RO_.jpg,pituitary,train,train/pituitary/P_807_RO_.jpg
Tr-pi_1332.jpg,pituitary,train,train/pituitary/Tr-pi_1332.jpg
Te-pi_0083.jpg,pituitary,train,train/pituitary/Te-pi_0083.jpg
P_762_RO_.jpg,pituitary,train,train/pituitary/P_762_RO_.jpg
Tr-pi_0992.jpg,pituitary,train,train/pituitary/Tr-pi_0992.jpg
P_73_RO_.jpg,pituitary,train,train/pituitary/P_73_RO_.jpg
P_772_RO_.jpg,pituitary,train,train/pituitary/P_772_RO_.jpg
Te-pi_0097.jpg,pituitary,train,train/pituitary/Te-pi_0097.jpg
Tr-pi_1326.jpg,pituitary,train,train/pituitary/Tr-pi_1326.jpg
Tr-pi_0776.jpg,pituitary,train,train/pituitary/Tr-pi_0776.jpg
Tr-pi_0762.jpg,pituitary,train,train/pituitary/Tr-pi_0762.jpg
P_843_SP_.jpg,pituitary,train,train/pituitary/P_843_SP_.jpg
Te-pi_0040.jpg,pituitary,train,train/pituitary/Te-pi_0040.jpg
Tr-pi_0951.jpg,pituitary,train,train/pituitary/Tr-pi_0951.jpg
Tr-pi_0789.jpg,pituitary,train,train/pituitary/Tr-pi_0789.jpg
p (519).jpg,pituitary,train,train/pituitary/p (519).jpg
Tr-pi_0945.jpg,pituitary,train,train/pituitary/Tr-pi_0945.jpg
Te-pi_0054.jpg,pituitary,train,train/pituitary/Te-pi_0054.jpg
P_819_VF_.jpg,pituitary,train,train/pituitary/P_819_VF_.jpg
P_824_HF_.jpg,pituitary,train,train/pituitary/P_824_HF_.jpg
P_809_VF_.jpg,pituitary,train,train/pituitary/P_809_VF_.jpg
P_834_HF_.jpg,pituitary,train,train/pituitary/P_834_HF_.jpg
Te-pi_0068.jpg,pituitary,train,train/pituitary/Te-pi_0068.jpg
Tr-pi_0158.jpg,pituitary,train,train/pituitary/Tr-pi_0158.jpg
Tr-pi_1246.jpg,pituitary,train,train/pituitary/Tr-pi_1246.jpg
P_769_DA_.jpg,pituitary,train,train/pituitary/P_769_DA_.jpg
P_78_DA_.jpg,pituitary,train,train/pituitary/P_78_DA_.jpg
P_779_DA_.jpg,pituitary,train,train/pituitary/P_779_DA_.jpg
Tr-pi_1252.jpg,pituitary,train,train/pituitary/Tr-pi_1252.jpg
Tr-pi_0164.jpg,pituitary,train,train/pituitary/Tr-pi_0164.jpg
Tr-pi_0602.jpg,pituitary,train,train/pituitary/Tr-pi_0602.jpg
Tr-pi_0616.jpg,pituitary,train,train/pituitary/Tr-pi_0616.jpg
Tr-pi_0170.jpg,pituitary,train,train/pituitary/Tr-pi_0170.jpg
Te-pi_0134.jpg,pituitary,train,train/pituitary/Te-pi_0134.jpg
P_831_SP_.jpg,pituitary,train,train/pituitary/P_831_SP_.jpg
Te-pi_0120.jpg,pituitary,train,train/pituitary/Te-pi_0120.jpg
Tr-pi_1291.jpg,pituitary,train,train/pituitary/Tr-pi_1291.jpg
P_821_SP_.jpg,pituitary,train,train/pituitary/P_821_SP_.jpg
Te-pi_0108.jpg,pituitary,train,train/pituitary/Te-pi_0108.jpg
P_710_RO_.jpg,pituitary,train,train/pituitary/P_710_RO_.jpg
Tr-pi_1044.jpg,pituitary,train,train/pituitary/Tr-pi_1044.jpg
Tr-pi_0428.jpg,pituitary,train,train/pituitary/Tr-pi_0428.jpg
P_721.jpg,pituitary,train,train/pituitary/P_721.jpg
Tr-pi_0400.jpg,pituitary,train,train/pituitary/Tr-pi_0400.jpg
Tr-pi_1078.jpg,pituitary,train,train/pituitary/Tr-pi_1078.jpg
P_744_SP_.jpg,pituitary,train,train/pituitary/P_744_SP_.jpg
Tr-pi_0366.jpg,pituitary,train,train/pituitary/Tr-pi_0366.jpg
Tr-pi_0372.jpg,pituitary,train,train/pituitary/Tr-pi_0372.jpg
Tr-pi_0414.jpg,pituitary,train,train/pituitary/Tr-pi_0414.jpg
P_754_SP_.jpg,pituitary,train,train/pituitary/P_754_SP_.jpg
P_735.jpg,pituitary,train,train/pituitary/P_735.jpg
Tr-pi_0399.jpg,pituitary,train,train/pituitary/Tr-pi_0399.jpg
Tr-pi_1087.jpg,pituitary,train,train/pituitary/Tr-pi_1087.jpg
P_838_BR_.jpg,pituitary,train,train/pituitary/P_838_BR_.jpg
p (558).jpg,pituitary,train,train/pituitary/p (558).jpg
Tr-pi_1093.jpg,pituitary,train,train/pituitary/Tr-pi_1093.jpg
P_828_BR_.jpg,pituitary,train,train/pituitary/P_828_BR_.jpg
P_733_HF_.jpg,pituitary,train,train/pituitary/P_733_HF_.jpg
P_723_HF_.jpg,pituitary,train,train/pituitary/P_723_HF_.jpg
P_710_BR_.jpg,pituitary,train,train/pituitary/P_710_BR_.jpg
P_7_DA_.jpg,pituitary,train,train/pituitary/P_7_DA_.jpg
Tr-pi_1092.jpg,pituitary,train,train/pituitary/Tr-pi_1092.jpg
P_826_VF_.jpg,pituitary,train,train/pituitary/P_826_VF_.jpg
P_734_DA_.jpg,pituitary,train,train/pituitary/P_734_DA_.jpg
P_836_VF_.jpg,pituitary,train,train/pituitary/P_836_VF_.jpg
Tr-pi_1086.jpg,pituitary,train,train/pituitary/Tr-pi_1086.jpg
Tr-pi_0398.jpg,pituitary,train,train/pituitary/Tr-pi_0398.jpg
P_724_DA_.jpg,pituitary,train,train/pituitary/P_724_DA_.jpg
Tr-pi_0373.jpg,pituitary,train,train/pituitary/Tr-pi_0373.jpg
P_734.jpg,pituitary,train,train/pituitary/P_734.jpg
Tr-pi_0415.jpg,pituitary,train,train/pituitary/Tr-pi_0415.jpg
Tr-pi_0401.jpg,pituitary,train,train/pituitary/Tr-pi_0401.jpg
P_720.jpg,pituitary,train,train/pituitary/P_720.jpg
Tr-pi_0367.jpg,pituitary,train,train/pituitary/Tr-pi_0367.jpg
Tr-pi_1079.jpg,pituitary,train,train/pituitary/Tr-pi_1079.jpg
Tr-pi_1051.jpg,pituitary,train,train/pituitary/Tr-pi_1051.jpg
Tr-pi_0429.jpg,pituitary,train,train/pituitary/Tr-pi_0429.jpg
p (523).jpg,pituitary,train,train/pituitary/p (523).jpg
Tr-pi_1045.jpg,pituitary,train,train/pituitary/Tr-pi_1045.jpg
p (489).jpg,pituitary,train,train/pituitary/p (489).jpg
P_719_SP_.jpg,pituitary,train,train/pituitary/P_719_SP_.jpg
Te-pi_0109.jpg,pituitary,train,train/pituitary/Te-pi_0109.jpg
Te-pi_0121.jpg,pituitary,train,train/pituitary/Te-pi_0121.jpg
Tr-pi_1290.jpg,pituitary,train,train/pituitary/Tr-pi_1290.jpg
P_828_RO_.jpg,pituitary,train,train/pituitary/P_828_RO_.jpg
Te-pi_0135.jpg,pituitary,train,train/pituitary/Te-pi_0135.jpg
P_838_RO_.jpg,pituitary,train,train/pituitary/P_838_RO_.jpg
Tr-pi_0617.jpg,pituitary,train,train/pituitary/Tr-pi_0617.jpg
P_753_VF_.jpg,pituitary,train,train/pituitary/P_753_VF_.jpg
P_841_DA_.jpg,pituitary,train,train/pituitary/P_841_DA_.jpg
Tr-pi_0171.jpg,pituitary,train,train/pituitary/Tr-pi_0171.jpg
P_743_VF_.jpg,pituitary,train,train/pituitary/P_743_VF_.jpg
Tr-pi_0165.jpg,pituitary,train,train/pituitary/Tr-pi_0165.jpg
Tr-pi_0603.jpg,pituitary,train,train/pituitary/Tr-pi_0603.jpg
Tr-pi_1253.jpg,pituitary,train,train/pituitary/Tr-pi_1253.jpg
p (574).jpg,pituitary,train,train/pituitary/p (574).jpg
Tr-pi_1247.jpg,pituitary,train,train/pituitary/Tr-pi_1247.jpg
Tr-pi_0159.jpg,pituitary,train,train/pituitary/Tr-pi_0159.jpg
Te-pi_0069.jpg,pituitary,train,train/pituitary/Te-pi_0069.jpg
P_807_BR_.jpg,pituitary,train,train/pituitary/P_807_BR_.jpg
P_817_BR_.jpg,pituitary,train,train/pituitary/P_817_BR_.jpg
P_731_VF_.jpg,pituitary,train,train/pituitary/P_731_VF_.jpg
Tr-pi_0944.jpg,pituitary,train,train/pituitary/Tr-pi_0944.jpg
P_823_DA_.jpg,pituitary,train,train/pituitary/P_823_DA_.jpg
Te-pi_0041.jpg,pituitary,train,train/pituitary/Te-pi_0041.jpg
P_721_VF_.jpg,pituitary,train,train/pituitary/P_721_VF_.jpg
P_833_DA_.jpg,pituitary,train,train/pituitary/P_833_DA_.jpg
Tr-pi_0788.jpg,pituitary,train,train/pituitary/Tr-pi_0788.jpg
Tr-pi_0950.jpg,pituitary,train,train/pituitary/Tr-pi_0950.jpg
Tr-pi_0763.jpg,pituitary,train,train/pituitary/Tr-pi_0763.jpg
Tr-pi_0777.jpg,pituitary,train,train/pituitary/Tr-pi_0777.jpg
Te-pi_0096.jpg,pituitary,train,train/pituitary/Te-pi_0096.jpg
P_786_RO_.jpg,pituitary,train,train/pituitary/P_786_RO_.jpg
p (562).jpg,pituitary,train,train/pituitary/p (562).jpg
Tr-pi_1333.jpg,pituitary,train,train/pituitary/Tr-pi_1333.jpg
Te-pi_0082.jpg,pituitary,train,train/pituitary/Te-pi_0082.jpg
Tr-pi_0993.jpg,pituitary,train,train/pituitary/Tr-pi_0993.jpg
P_796_RO_.jpg,pituitary,train,train/pituitary/P_796_RO_.jpg
Tr-pi_1119.jpg,pituitary,train,train/pituitary/Tr-pi_1119.jpg
P_844_VF_.jpg,pituitary,train,train/pituitary/P_844_VF_.jpg
Tr-pi_0207.jpg,pituitary,train,train/pituitary/Tr-pi_0207.jpg
Tr-pi_0561.jpg,pituitary,train,train/pituitary/Tr-pi_0561.jpg
P_756_DA_.jpg,pituitary,train,train/pituitary/P_756_DA_.jpg
Tr-pi_0575.jpg,pituitary,train,train/pituitary/Tr-pi_0575.jpg
P_746_DA_.jpg,pituitary,train,train/pituitary/P_746_DA_.jpg
Tr-pi_0213.jpg,pituitary,train,train/pituitary/Tr-pi_0213.jpg
P_73_BR_.jpg,pituitary,train,train/pituitary/P_73_BR_.jpg
Tr-pi_1125.jpg,pituitary,train,train/pituitary/Tr-pi_1125.jpg
P_788_VF_.jpg,pituitary,train,train/pituitary/P_788_VF_.jpg
P_772_BR_.jpg,pituitary,train,train/pituitary/P_772_BR_.jpg
p (535).jpg,pituitary,train,train/pituitary/p (535).jpg
P_798_VF_.jpg,pituitary,train,train/pituitary/P_798_VF_.jpg
Tr-pi_0549.jpg,pituitary,train,train/pituitary/Tr-pi_0549.jpg
Tr-pi_1131.jpg,pituitary,train,train/pituitary/Tr-pi_1131.jpg
P_762_BR_.jpg,pituitary,train,train/pituitary/P_762_BR_.jpg
P_71_DA_.jpg,pituitary,train,train/pituitary/P_71_DA_.jpg
Tr-pi_0239.jpg,pituitary,train,train/pituitary/Tr-pi_0239.jpg
P_770_DA_.jpg,pituitary,train,train/pituitary/P_770_DA_.jpg
Tr-pi_1127.jpg,pituitary,train,train/pituitary/Tr-pi_1127.jpg
p (542).jpg,pituitary,train,train/pituitary/p (542).jpg
Tr-pi_1133.jpg,pituitary,train,train/pituitary/Tr-pi_1133.jpg
P_760_DA_.jpg,pituitary,train,train/pituitary/P_760_DA_.jpg
Tr-pi_0563.jpg,pituitary,train,train/pituitary/Tr-pi_0563.jpg
P_793_HF_.jpg,pituitary,train,train/pituitary/P_793_HF_.jpg
Tr-pi_0205.jpg,pituitary,train,train/pituitary/Tr-pi_0205.jpg
P_754_BR_.jpg,pituitary,train,train/pituitary/P_754_BR_.jpg
Tr-pi_0211.jpg,pituitary,train,train/pituitary/Tr-pi_0211.jpg
P_82_HF_.jpg,pituitary,train,train/pituitary/P_82_HF_.jpg
P_744_BR_.jpg,pituitary,train,train/pituitary/P_744_BR_.jpg
P_783_HF_.jpg,pituitary,train,train/pituitary/P_783_HF_.jpg
Tr-pi_0577.jpg,pituitary,train,train/pituitary/Tr-pi_0577.jpg
P_828_SP_.jpg,pituitary,train,train/pituitary/P_828_SP_.jpg
P_838_SP_.jpg,pituitary,train,train/pituitary/P_838_SP_.jpg
Tr-pi_0588.jpg,pituitary,train,train/pituitary/Tr-pi_0588.jpg
P_719_RO_.jpg,pituitary,train,train/pituitary/P_719_RO_.jpg
Tr-pi_1325.jpg,pituitary,train,train/pituitary/Tr-pi_1325.jpg
Te-pi_0094.jpg,pituitary,train,train/pituitary/Te-pi_0094.jpg
p (515).jpg,pituitary,train,train/pituitary/p (515).jpg
Tr-pi_0749.jpg,pituitary,train,train/pituitary/Tr-pi_0749.jpg
Tr-pi_0991.jpg,pituitary,train,train/pituitary/Tr-pi_0991.jpg
Te-pi_0080.jpg,pituitary,train,train/pituitary/Te-pi_0080.jpg
Tr-pi_1331.jpg,pituitary,train,train/pituitary/Tr-pi_1331.jpg
Tr-pi_1319.jpg,pituitary,train,train/pituitary/Tr-pi_1319.jpg
Tr-pi_0761.jpg,pituitary,train,train/pituitary/Tr-pi_0761.jpg
Tr-pi_0775.jpg,pituitary,train,train/pituitary/Tr-pi_0775.jpg
Tr-pi_0946.jpg,pituitary,train,train/pituitary/Tr-pi_0946.jpg
P_821_BR_.jpg,pituitary,train,train/pituitary/P_821_BR_.jpg
Tr-pi_0952.jpg,pituitary,train,train/pituitary/Tr-pi_0952.jpg
P_831_BR_.jpg,pituitary,train,train/pituitary/P_831_BR_.jpg
Te-pi_0043.jpg,pituitary,train,train/pituitary/Te-pi_0043.jpg
P_717_VF_.jpg,pituitary,train,train/pituitary/P_717_VF_.jpg
P_805_DA_.jpg,pituitary,train,train/pituitary/P_805_DA_.jpg
P_815_DA_.jpg,pituitary,train,train/pituitary/P_815_DA_.jpg
P_775_VF_.jpg,pituitary,train,train/pituitary/P_775_VF_.jpg
Tr-pi_1251.jpg,pituitary,train,train/pituitary/Tr-pi_1251.jpg
P_74_VF_.jpg,pituitary,train,train/pituitary/P_74_VF_.jpg
P_748_HF_.jpg,pituitary,train,train/pituitary/P_748_HF_.jpg
Tr-pi_0629.jpg,pituitary,train,train/pituitary/Tr-pi_0629.jpg
p (503).jpg,pituitary,train,train/pituitary/p (503).jpg
P_765_VF_.jpg,pituitary,train,train/pituitary/P_765_VF_.jpg
Tr-pi_1245.jpg,pituitary,train,train/pituitary/Tr-pi_1245.jpg
P_758_HF_.jpg,pituitary,train,train/pituitary/P_758_HF_.jpg
Tr-pi_0173.jpg,pituitary,train,train/pituitary/Tr-pi_0173.jpg
P_843_BR_.jpg,pituitary,train,train/pituitary/P_843_BR_.jpg
Tr-pi_0615.jpg,pituitary,train,train/pituitary/Tr-pi_0615.jpg
Tr-pi_0601.jpg,pituitary,train,train/pituitary/Tr-pi_0601.jpg
Tr-pi_0167.jpg,pituitary,train,train/pituitary/Tr-pi_0167.jpg
Tr-pi_1292.jpg,pituitary,train,train/pituitary/Tr-pi_1292.jpg
Te-pi_0123.jpg,pituitary,train,train/pituitary/Te-pi_0123.jpg
Te-pi_0137.jpg,pituitary,train,train/pituitary/Te-pi_0137.jpg
Tr-pi_0198.jpg,pituitary,train,train/pituitary/Tr-pi_0198.jpg
Tr-pi_1053.jpg,pituitary,train,train/pituitary/Tr-pi_1053.jpg
P_786_SP_.jpg,pituitary,train,train/pituitary/P_786_SP_.jpg
p (554).jpg,pituitary,train,train/pituitary/p (554).jpg
Tr-pi_1047.jpg,pituitary,train,train/pituitary/Tr-pi_1047.jpg
Tr-pi_0359.jpg,pituitary,train,train/pituitary/Tr-pi_0359.jpg
P_796_SP_.jpg,pituitary,train,train/pituitary/P_796_SP_.jpg
Tr-pi_0417.jpg,pituitary,train,train/pituitary/Tr-pi_0417.jpg
P_736.jpg,pituitary,train,train/pituitary/P_736.jpg
Tr-pi_0371.jpg,pituitary,train,train/pituitary/Tr-pi_0371.jpg
Tr-pi_0365.jpg,pituitary,train,train/pituitary/Tr-pi_0365.jpg
P_722.jpg,pituitary,train,train/pituitary/P_722.jpg
Tr-pi_0403.jpg,pituitary,train,train/pituitary/Tr-pi_0403.jpg
P_736_BR_.jpg,pituitary,train,train/pituitary/P_736_BR_.jpg
Tr-pi_1090.jpg,pituitary,train,train/pituitary/Tr-pi_1090.jpg
Tr-pi_1084.jpg,pituitary,train,train/pituitary/Tr-pi_1084.jpg
P_726_BR_.jpg,pituitary,train,train/pituitary/P_726_BR_.jpg
P_800_VF_.jpg,pituitary,train,train/pituitary/P_800_VF_.jpg
P_712_DA_.jpg,pituitary,train,train/pituitary/P_712_DA_.jpg
P_810_VF_.jpg,pituitary,train,train/pituitary/P_810_VF_.jpg
p (485).jpg,pituitary,train,train/pituitary/p (485).jpg
Tr-pi_1085.jpg,pituitary,train,train/pituitary/Tr-pi_1085.jpg
P_728_VF_.jpg,pituitary,train,train/pituitary/P_728_VF_.jpg
P_715_HF_.jpg,pituitary,train,train/pituitary/P_715_HF_.jpg
P_738_VF_.jpg,pituitary,train,train/pituitary/P_738_VF_.jpg
P_705_HF_.jpg,pituitary,train,train/pituitary/P_705_HF_.jpg
Tr-pi_0364.jpg,pituitary,train,train/pituitary/Tr-pi_0364.jpg
p (606).jpg,pituitary,train,train/pituitary/p (606).jpg
Tr-pi_0402.jpg,pituitary,train,train/pituitary/Tr-pi_0402.jpg
P_723.jpg,pituitary,train,train/pituitary/P_723.jpg
P_737.jpg,pituitary,train,train/pituitary/P_737.jpg
Tr-pi_0416.jpg,pituitary,train,train/pituitary/Tr-pi_0416.jpg
Tr-pi_0370.jpg,pituitary,train,train/pituitary/Tr-pi_0370.jpg
P_843_RO_.jpg,pituitary,train,train/pituitary/P_843_RO_.jpg
Tr-pi_0358.jpg,pituitary,train,train/pituitary/Tr-pi_0358.jpg
Tr-pi_1046.jpg,pituitary,train,train/pituitary/Tr-pi_1046.jpg
P_762_SP_.jpg,pituitary,train,train/pituitary/P_762_SP_.jpg
P_73_SP_.jpg,pituitary,train,train/pituitary/P_73_SP_.jpg
P_772_SP_.jpg,pituitary,train,train/pituitary/P_772_SP_.jpg
Tr-pi_1052.jpg,pituitary,train,train/pituitary/Tr-pi_1052.jpg
p (597).jpg,pituitary,train,train/pituitary/p (597).jpg
P_817_SP_.jpg,pituitary,train,train/pituitary/P_817_SP_.jpg
P_807_SP_.jpg,pituitary,train,train/pituitary/P_807_SP_.jpg
Tr-pi_0199.jpg,pituitary,train,train/pituitary/Tr-pi_0199.jpg
Te-pi_0136.jpg,pituitary,train,train/pituitary/Te-pi_0136.jpg
P_726_RO_.jpg,pituitary,train,train/pituitary/P_726_RO_.jpg
p (578).jpg,pituitary,train,train/pituitary/p (578).jpg
Tr-pi_1293.jpg,pituitary,train,train/pituitary/Tr-pi_1293.jpg
Te-pi_0122.jpg,pituitary,train,train/pituitary/Te-pi_0122.jpg
P_736_RO_.jpg,pituitary,train,train/pituitary/P_736_RO_.jpg
Tr-pi_0600.jpg,pituitary,train,train/pituitary/Tr-pi_0600.jpg
Tr-pi_1278.jpg,pituitary,train,train/pituitary/Tr-pi_1278.jpg
Tr-pi_0166.jpg,pituitary,train,train/pituitary/Tr-pi_0166.jpg
Tr-pi_0172.jpg,pituitary,train,train/pituitary/Tr-pi_0172.jpg
Tr-pi_0614.jpg,pituitary,train,train/pituitary/Tr-pi_0614.jpg
P_791_VF_.jpg,pituitary,train,train/pituitary/P_791_VF_.jpg
Tr-pi_1244.jpg,pituitary,train,train/pituitary/Tr-pi_1244.jpg
Tr-pi_1250.jpg,pituitary,train,train/pituitary/Tr-pi_1250.jpg
P_781_VF_.jpg,pituitary,train,train/pituitary/P_781_VF_.jpg
Tr-pi_0628.jpg,pituitary,train,train/pituitary/Tr-pi_0628.jpg
P_80_VF_.jpg,pituitary,train,train/pituitary/P_80_VF_.jpg
P_719_BR_.jpg,pituitary,train,train/pituitary/P_719_BR_.jpg
Tr-pi_0953.jpg,pituitary,train,train/pituitary/Tr-pi_0953.jpg
P_802_HF_.jpg,pituitary,train,train/pituitary/P_802_HF_.jpg
Te-pi_0042.jpg,pituitary,train,train/pituitary/Te-pi_0042.jpg
Tr-pi_0947.jpg,pituitary,train,train/pituitary/Tr-pi_0947.jpg
P_812_HF_.jpg,pituitary,train,train/pituitary/P_812_HF_.jpg
Tr-pi_0774.jpg,pituitary,train,train/pituitary/Tr-pi_0774.jpg
P_744_RO_.jpg,pituitary,train,train/pituitary/P_744_RO_.jpg
Tr-pi_1318.jpg,pituitary,train,train/pituitary/Tr-pi_1318.jpg
Tr-pi_0760.jpg,pituitary,train,train/pituitary/Tr-pi_0760.jpg
P_754_RO_.jpg,pituitary,train,train/pituitary/P_754_RO_.jpg
Tr-pi_0990.jpg,pituitary,train,train/pituitary/Tr-pi_0990.jpg
Tr-pi_0748.jpg,pituitary,train,train/pituitary/Tr-pi_0748.jpg
Te-pi_0081.jpg,pituitary,train,train/pituitary/Te-pi_0081.jpg
Tr-pi_1330.jpg,pituitary,train,train/pituitary/Tr-pi_1330.jpg
Tr-pi_1324.jpg,pituitary,train,train/pituitary/Tr-pi_1324.jpg
Te-pi_0095.jpg,pituitary,train,train/pituitary/Te-pi_0095.jpg
P_710_SP_.jpg,pituitary,train,train/pituitary/P_710_SP_.jpg
Tr-pi_0589.jpg,pituitary,train,train/pituitary/Tr-pi_0589.jpg
P_831_RO_.jpg,pituitary,train,train/pituitary/P_831_RO_.jpg
p (539).jpg,pituitary,train,train/pituitary/p (539).jpg
p (493).jpg,pituitary,train,train/pituitary/p (493).jpg
P_821_RO_.jpg,pituitary,train,train/pituitary/P_821_RO_.jpg
P_76_HF_.jpg,pituitary,train,train/pituitary/P_76_HF_.jpg
Tr-pi_0210.jpg,pituitary,train,train/pituitary/Tr-pi_0210.jpg
Tr-pi_0576.jpg,pituitary,train,train/pituitary/Tr-pi_0576.jpg
P_777_HF_.jpg,pituitary,train,train/pituitary/P_777_HF_.jpg
Tr-pi_0562.jpg,pituitary,train,train/pituitary/Tr-pi_0562.jpg
Tr-pi_0204.jpg,pituitary,train,train/pituitary/Tr-pi_0204.jpg
P_767_HF_.jpg,pituitary,train,train/pituitary/P_767_HF_.jpg
Tr-pi_1132.jpg,pituitary,train,train/pituitary/Tr-pi_1132.jpg
P_794_DA_.jpg,pituitary,train,train/pituitary/P_794_DA_.jpg
P_784_DA_.jpg,pituitary,train,train/pituitary/P_784_DA_.jpg
Tr-pi_1126.jpg,pituitary,train,train/pituitary/Tr-pi_1126.jpg
Tr-pi_0238.jpg,pituitary,train,train/pituitary/Tr-pi_0238.jpg
Tr-pi_0221.jpg,pituitary,train,train/pituitary/Tr-pi_0221.jpg
Tr-pi_0547.jpg,pituitary,train,train/pituitary/Tr-pi_0547.jpg
Tr-pi_0553.jpg,pituitary,train,train/pituitary/Tr-pi_0553.jpg
Tr-pi_0235.jpg,pituitary,train,train/pituitary/Tr-pi_0235.jpg
p (541).jpg,pituitary,train,train/pituitary/p (541).jpg
P_76_SP_.jpg,pituitary,train,train/pituitary/P_76_SP_.jpg
Tr-pi_1103.jpg,pituitary,train,train/pituitary/Tr-pi_1103.jpg
P_777_SP_.jpg,pituitary,train,train/pituitary/P_777_SP_.jpg
P_767_SP_.jpg,pituitary,train,train/pituitary/P_767_SP_.jpg
Tr-pi_0209.jpg,pituitary,train,train/pituitary/Tr-pi_0209.jpg
Tr-pi_1117.jpg,pituitary,train,train/pituitary/Tr-pi_1117.jpg
Tr-pi_0584.jpg,pituitary,train,train/pituitary/Tr-pi_0584.jpg
Tr-pi_0590.jpg,pituitary,train,train/pituitary/Tr-pi_0590.jpg
P_841.jpg,pituitary,train,train/pituitary/P_841.jpg
P_710_HF_.jpg,pituitary,train,train/pituitary/P_710_HF_.jpg
Tr-pi_0745.jpg,pituitary,train,train/pituitary/Tr-pi_0745.jpg
Te-pi_0098.jpg,pituitary,train,train/pituitary/Te-pi_0098.jpg
Tr-pi_0751.jpg,pituitary,train,train/pituitary/Tr-pi_0751.jpg
Tr-pi_0989.jpg,pituitary,train,train/pituitary/Tr-pi_0989.jpg
P_784_VF_.jpg,pituitary,train,train/pituitary/P_784_VF_.jpg
Tr-pi_0779.jpg,pituitary,train,train/pituitary/Tr-pi_0779.jpg
Tr-pi_1301.jpg,pituitary,train,train/pituitary/Tr-pi_1301.jpg
Tr-pi_1315.jpg,pituitary,train,train/pituitary/Tr-pi_1315.jpg
P_794_VF_.jpg,pituitary,train,train/pituitary/P_794_VF_.jpg
p (516).jpg,pituitary,train,train/pituitary/p (516).jpg
Tr-pi_0786.jpg,pituitary,train,train/pituitary/Tr-pi_0786.jpg
P_802_SP_.jpg,pituitary,train,train/pituitary/P_802_SP_.jpg
P_812_SP_.jpg,pituitary,train,train/pituitary/P_812_SP_.jpg
Tr-pi_0792.jpg,pituitary,train,train/pituitary/Tr-pi_0792.jpg
P_733_RO_.jpg,pituitary,train,train/pituitary/P_733_RO_.jpg
Te-pi_0073.jpg,pituitary,train,train/pituitary/Te-pi_0073.jpg
Te-pi_0067.jpg,pituitary,train,train/pituitary/Te-pi_0067.jpg
P_723_RO_.jpg,pituitary,train,train/pituitary/P_723_RO_.jpg
Tr-pi_0631.jpg,pituitary,train,train/pituitary/Tr-pi_0631.jpg
P_751_RO_.jpg,pituitary,train,train/pituitary/P_751_RO_.jpg
Tr-pi_0157.jpg,pituitary,train,train/pituitary/Tr-pi_0157.jpg
Tr-pi_1249.jpg,pituitary,train,train/pituitary/Tr-pi_1249.jpg
Tr-pi_0143.jpg,pituitary,train,train/pituitary/Tr-pi_0143.jpg
P_741_RO_.jpg,pituitary,train,train/pituitary/P_741_RO_.jpg
Tr-pi_0625.jpg,pituitary,train,train/pituitary/Tr-pi_0625.jpg
p (500).jpg,pituitary,train,train/pituitary/p (500).jpg
Tr-pi_1275.jpg,pituitary,train,train/pituitary/Tr-pi_1275.jpg
Tr-pi_1261.jpg,pituitary,train,train/pituitary/Tr-pi_1261.jpg
Tr-pi_0619.jpg,pituitary,train,train/pituitary/Tr-pi_0619.jpg
Tr-pi_0194.jpg,pituitary,train,train/pituitary/Tr-pi_0194.jpg
Tr-pi_0180.jpg,pituitary,train,train/pituitary/Tr-pi_0180.jpg
P_817_HF_.jpg,pituitary,train,train/pituitary/P_817_HF_.jpg
Te-pi_0107.jpg,pituitary,train,train/pituitary/Te-pi_0107.jpg
P_738_DA_.jpg,pituitary,train,train/pituitary/P_738_DA_.jpg
Te-pi_0113.jpg,pituitary,train,train/pituitary/Te-pi_0113.jpg
P_728_DA_.jpg,pituitary,train,train/pituitary/P_728_DA_.jpg
P_807_HF_.jpg,pituitary,train,train/pituitary/P_807_HF_.jpg
Tr-pi_0802.jpg,pituitary,train,train/pituitary/Tr-pi_0802.jpg
Tr-pi_0355.jpg,pituitary,train,train/pituitary/Tr-pi_0355.jpg
P_712.jpg,pituitary,train,train/pituitary/P_712.jpg
P_762_HF_.jpg,pituitary,train,train/pituitary/P_762_HF_.jpg
Tr-pi_0433.jpg,pituitary,train,train/pituitary/Tr-pi_0433.jpg
Tr-pi_0427.jpg,pituitary,train,train/pituitary/Tr-pi_0427.jpg
P_706.jpg,pituitary,train,train/pituitary/P_706.jpg
P_73_HF_.jpg,pituitary,train,train/pituitary/P_73_HF_.jpg
Tr-pi_0341.jpg,pituitary,train,train/pituitary/Tr-pi_0341.jpg
P_772_HF_.jpg,pituitary,train,train/pituitary/P_772_HF_.jpg
P_80_DA_.jpg,pituitary,train,train/pituitary/P_80_DA_.jpg
Tr-pi_1077.jpg,pituitary,train,train/pituitary/Tr-pi_1077.jpg
Tr-pi_0369.jpg,pituitary,train,train/pituitary/Tr-pi_0369.jpg
P_781_DA_.jpg,pituitary,train,train/pituitary/P_781_DA_.jpg
Tr-pi_1063.jpg,pituitary,train,train/pituitary/Tr-pi_1063.jpg
P_791_DA_.jpg,pituitary,train,train/pituitary/P_791_DA_.jpg
p (557).jpg,pituitary,train,train/pituitary/p (557).jpg
Tr-pi_0396.jpg,pituitary,train,train/pituitary/Tr-pi_0396.jpg
Tr-pi_1088.jpg,pituitary,train,train/pituitary/Tr-pi_1088.jpg
P_715_SP_.jpg,pituitary,train,train/pituitary/P_715_SP_.jpg
Tr-pi_0382.jpg,pituitary,train,train/pituitary/Tr-pi_0382.jpg
P_705_SP_.jpg,pituitary,train,train/pituitary/P_705_SP_.jpg
P_824_RO_.jpg,pituitary,train,train/pituitary/P_824_RO_.jpg
P_834_RO_.jpg,pituitary,train,train/pituitary/P_834_RO_.jpg
p (486).jpg,pituitary,train,train/pituitary/p (486).jpg
Tr-pi_0383.jpg,pituitary,train,train/pituitary/Tr-pi_0383.jpg
Tr-pi_1089.jpg,pituitary,train,train/pituitary/Tr-pi_1089.jpg
Tr-pi_0397.jpg,pituitary,train,train/pituitary/Tr-pi_0397.jpg
P_765_DA_.jpg,pituitary,train,train/pituitary/P_765_DA_.jpg
Tr-pi_1062.jpg,pituitary,train,train/pituitary/Tr-pi_1062.jpg
Tr-pi_0368.jpg,pituitary,train,train/pituitary/Tr-pi_0368.jpg
Tr-pi_1076.jpg,pituitary,train,train/pituitary/Tr-pi_1076.jpg
P_74_DA_.jpg,pituitary,train,train/pituitary/P_74_DA_.jpg
P_775_DA_.jpg,pituitary,train,train/pituitary/P_775_DA_.jpg
P_707.jpg,pituitary,train,train/pituitary/P_707.jpg
Tr-pi_0426.jpg,pituitary,train,train/pituitary/Tr-pi_0426.jpg
P_786_HF_.jpg,pituitary,train,train/pituitary/P_786_HF_.jpg
Tr-pi_0340.jpg,pituitary,train,train/pituitary/Tr-pi_0340.jpg
P_741_BR_.jpg,pituitary,train,train/pituitary/P_741_BR_.jpg
Tr-pi_0354.jpg,pituitary,train,train/pituitary/Tr-pi_0354.jpg
p (605).jpg,pituitary,train,train/pituitary/p (605).jpg
P_751_BR_.jpg,pituitary,train,train/pituitary/P_751_BR_.jpg
Tr-pi_0432.jpg,pituitary,train,train/pituitary/Tr-pi_0432.jpg
P_796_HF_.jpg,pituitary,train,train/pituitary/P_796_HF_.jpg
P_713.jpg,pituitary,train,train/pituitary/P_713.jpg
Te-pi_0112.jpg,pituitary,train,train/pituitary/Te-pi_0112.jpg
Tr-pi_0803.jpg,pituitary,train,train/pituitary/Tr-pi_0803.jpg
P_834_BR_.jpg,pituitary,train,train/pituitary/P_834_BR_.jpg
P_824_BR_.jpg,pituitary,train,train/pituitary/P_824_BR_.jpg
Te-pi_0106.jpg,pituitary,train,train/pituitary/Te-pi_0106.jpg
Tr-pi_0181.jpg,pituitary,train,train/pituitary/Tr-pi_0181.jpg
P_810_DA_.jpg,pituitary,train,train/pituitary/P_810_DA_.jpg
P_712_VF_.jpg,pituitary,train,train/pituitary/P_712_VF_.jpg
p (594).jpg,pituitary,train,train/pituitary/p (594).jpg
Tr-pi_0195.jpg,pituitary,train,train/pituitary/Tr-pi_0195.jpg
P_800_DA_.jpg,pituitary,train,train/pituitary/P_800_DA_.jpg
Tr-pi_1260.jpg,pituitary,train,train/pituitary/Tr-pi_1260.jpg
Tr-pi_0618.jpg,pituitary,train,train/pituitary/Tr-pi_0618.jpg
Tr-pi_1274.jpg,pituitary,train,train/pituitary/Tr-pi_1274.jpg
Tr-pi_0142.jpg,pituitary,train,train/pituitary/Tr-pi_0142.jpg
Tr-pi_0624.jpg,pituitary,train,train/pituitary/Tr-pi_0624.jpg
P_748_SP_.jpg,pituitary,train,train/pituitary/P_748_SP_.jpg
Tr-pi_0630.jpg,pituitary,train,train/pituitary/Tr-pi_0630.jpg
P_758_SP_.jpg,pituitary,train,train/pituitary/P_758_SP_.jpg
Tr-pi_1248.jpg,pituitary,train,train/pituitary/Tr-pi_1248.jpg
Tr-pi_0156.jpg,pituitary,train,train/pituitary/Tr-pi_0156.jpg
Te-pi_0066.jpg,pituitary,train,train/pituitary/Te-pi_0066.jpg
Te-pi_0072.jpg,pituitary,train,train/pituitary/Te-pi_0072.jpg
Tr-pi_0793.jpg,pituitary,train,train/pituitary/Tr-pi_0793.jpg
Tr-pi_0787.jpg,pituitary,train,train/pituitary/Tr-pi_0787.jpg
P_760_VF_.jpg,pituitary,train,train/pituitary/P_760_VF_.jpg
Tr-pi_0778.jpg,pituitary,train,train/pituitary/Tr-pi_0778.jpg
P_770_VF_.jpg,pituitary,train,train/pituitary/P_770_VF_.jpg
P_71_VF_.jpg,pituitary,train,train/pituitary/P_71_VF_.jpg
Tr-pi_1300.jpg,pituitary,train,train/pituitary/Tr-pi_1300.jpg
Te-pi_0099.jpg,pituitary,train,train/pituitary/Te-pi_0099.jpg
Tr-pi_0750.jpg,pituitary,train,train/pituitary/Tr-pi_0750.jpg
Tr-pi_0744.jpg,pituitary,train,train/pituitary/Tr-pi_0744.jpg
P_723_BR_.jpg,pituitary,train,train/pituitary/P_723_BR_.jpg
p (490).jpg,pituitary,train,train/pituitary/p (490).jpg
P_733_BR_.jpg,pituitary,train,train/pituitary/P_733_BR_.jpg
P_840.jpg,pituitary,train,train/pituitary/P_840.jpg
P_815_VF_.jpg,pituitary,train,train/pituitary/P_815_VF_.jpg
Tr-pi_0591.jpg,pituitary,train,train/pituitary/Tr-pi_0591.jpg
P_828_HF_.jpg,pituitary,train,train/pituitary/P_828_HF_.jpg
P_805_VF_.jpg,pituitary,train,train/pituitary/P_805_VF_.jpg
P_717_DA_.jpg,pituitary,train,train/pituitary/P_717_DA_.jpg
P_838_HF_.jpg,pituitary,train,train/pituitary/P_838_HF_.jpg
Tr-pi_0585.jpg,pituitary,train,train/pituitary/Tr-pi_0585.jpg
Tr-pi_1116.jpg,pituitary,train,train/pituitary/Tr-pi_1116.jpg
Tr-pi_0208.jpg,pituitary,train,train/pituitary/Tr-pi_0208.jpg
P_793_SP_.jpg,pituitary,train,train/pituitary/P_793_SP_.jpg
P_82_SP_.jpg,pituitary,train,train/pituitary/P_82_SP_.jpg
P_783_SP_.jpg,pituitary,train,train/pituitary/P_783_SP_.jpg
Tr-pi_0552.jpg,pituitary,train,train/pituitary/Tr-pi_0552.jpg
Tr-pi_0234.jpg,pituitary,train,train/pituitary/Tr-pi_0234.jpg
Tr-pi_0220.jpg,pituitary,train,train/pituitary/Tr-pi_0220.jpg
Tr-pi_0546.jpg,pituitary,train,train/pituitary/Tr-pi_0546.jpg
Tr-pi_0236.jpg,pituitary,train,train/pituitary/Tr-pi_0236.jpg
Tr-pi_1128.jpg,pituitary,train,train/pituitary/Tr-pi_1128.jpg
Tr-pi_0550.jpg,pituitary,train,train/pituitary/Tr-pi_0550.jpg
P_748_RO_.jpg,pituitary,train,train/pituitary/P_748_RO_.jpg
Tr-pi_0544.jpg,pituitary,train,train/pituitary/Tr-pi_0544.jpg
Tr-pi_0222.jpg,pituitary,train,train/pituitary/Tr-pi_0222.jpg
P_758_RO_.jpg,pituitary,train,train/pituitary/P_758_RO_.jpg
Tr-pi_1114.jpg,pituitary,train,train/pituitary/Tr-pi_1114.jpg
Tr-pi_0578.jpg,pituitary,train,train/pituitary/Tr-pi_0578.jpg
Tr-pi_1100.jpg,pituitary,train,train/pituitary/Tr-pi_1100.jpg
Tr-pi_0593.jpg,pituitary,train,train/pituitary/Tr-pi_0593.jpg
Tr-pi_0587.jpg,pituitary,train,train/pituitary/Tr-pi_0587.jpg
P_715_BR_.jpg,pituitary,train,train/pituitary/P_715_BR_.jpg
P_833_VF_.jpg,pituitary,train,train/pituitary/P_833_VF_.jpg
P_721_DA_.jpg,pituitary,train,train/pituitary/P_721_DA_.jpg
P_823_VF_.jpg,pituitary,train,train/pituitary/P_823_VF_.jpg
P_842.jpg,pituitary,train,train/pituitary/P_842.jpg
P_731_DA_.jpg,pituitary,train,train/pituitary/P_731_DA_.jpg
P_746_VF_.jpg,pituitary,train,train/pituitary/P_746_VF_.jpg
Tr-pi_0752.jpg,pituitary,train,train/pituitary/Tr-pi_0752.jpg
P_756_VF_.jpg,pituitary,train,train/pituitary/P_756_VF_.jpg
Tr-pi_0746.jpg,pituitary,train,train/pituitary/Tr-pi_0746.jpg
P_844_DA_.jpg,pituitary,train,train/pituitary/P_844_DA_.jpg
P_798_DA_.jpg,pituitary,train,train/pituitary/P_798_DA_.jpg
Tr-pi_1302.jpg,pituitary,train,train/pituitary/Tr-pi_1302.jpg
P_788_DA_.jpg,pituitary,train,train/pituitary/P_788_DA_.jpg
Tr-pi_0949.jpg,pituitary,train,train/pituitary/Tr-pi_0949.jpg
Tr-pi_0791.jpg,pituitary,train,train/pituitary/Tr-pi_0791.jpg
Tr-pi_0785.jpg,pituitary,train,train/pituitary/Tr-pi_0785.jpg
Te-pi_0070.jpg,pituitary,train,train/pituitary/Te-pi_0070.jpg
Tr-pi_0626.jpg,pituitary,train,train/pituitary/Tr-pi_0626.jpg
Tr-pi_0140.jpg,pituitary,train,train/pituitary/Tr-pi_0140.jpg
Tr-pi_0154.jpg,pituitary,train,train/pituitary/Tr-pi_0154.jpg
Tr-pi_0632.jpg,pituitary,train,train/pituitary/Tr-pi_0632.jpg
Tr-pi_1262.jpg,pituitary,train,train/pituitary/Tr-pi_1262.jpg
P_793_RO_.jpg,pituitary,train,train/pituitary/P_793_RO_.jpg
Tr-pi_0168.jpg,pituitary,train,train/pituitary/Tr-pi_0168.jpg
P_82_RO_.jpg,pituitary,train,train/pituitary/P_82_RO_.jpg
Tr-pi_1276.jpg,pituitary,train,train/pituitary/Tr-pi_1276.jpg
P_783_RO_.jpg,pituitary,train,train/pituitary/P_783_RO_.jpg
P_7_VF_.jpg,pituitary,train,train/pituitary/P_7_VF_.jpg
P_812_BR_.jpg,pituitary,train,train/pituitary/P_812_BR_.jpg
Tr-pi_0183.jpg,pituitary,train,train/pituitary/Tr-pi_0183.jpg
Te-pi_0138.jpg,pituitary,train,train/pituitary/Te-pi_0138.jpg
Tr-pi_0197.jpg,pituitary,train,train/pituitary/Tr-pi_0197.jpg
P_802_BR_.jpg,pituitary,train,train/pituitary/P_802_BR_.jpg
P_724_VF_.jpg,pituitary,train,train/pituitary/P_724_VF_.jpg
Tr-pi_0801.jpg,pituitary,train,train/pituitary/Tr-pi_0801.jpg
Te-pi_0110.jpg,pituitary,train,train/pituitary/Te-pi_0110.jpg
P_719_HF_.jpg,pituitary,train,train/pituitary/P_719_HF_.jpg
P_836_DA_.jpg,pituitary,train,train/pituitary/P_836_DA_.jpg
Te-pi_0104.jpg,pituitary,train,train/pituitary/Te-pi_0104.jpg
P_734_VF_.jpg,pituitary,train,train/pituitary/P_734_VF_.jpg
P_826_DA_.jpg,pituitary,train,train/pituitary/P_826_DA_.jpg
Tr-pi_0342.jpg,pituitary,train,train/pituitary/Tr-pi_0342.jpg
Tr-pi_0424.jpg,pituitary,train,train/pituitary/Tr-pi_0424.jpg
P_743_DA_.jpg,pituitary,train,train/pituitary/P_743_DA_.jpg
P_711.jpg,pituitary,train,train/pituitary/P_711.jpg
Tr-pi_0430.jpg,pituitary,train,train/pituitary/Tr-pi_0430.jpg
P_841_VF_.jpg,pituitary,train,train/pituitary/P_841_VF_.jpg
Tr-pi_1048.jpg,pituitary,train,train/pituitary/Tr-pi_1048.jpg
Tr-pi_0356.jpg,pituitary,train,train/pituitary/Tr-pi_0356.jpg
P_753_DA_.jpg,pituitary,train,train/pituitary/P_753_DA_.jpg
Tr-pi_1060.jpg,pituitary,train,train/pituitary/Tr-pi_1060.jpg
P_767_BR_.jpg,pituitary,train,train/pituitary/P_767_BR_.jpg
P_739.jpg,pituitary,train,train/pituitary/P_739.jpg
Tr-pi_0418.jpg,pituitary,train,train/pituitary/Tr-pi_0418.jpg
P_76_BR_.jpg,pituitary,train,train/pituitary/P_76_BR_.jpg
P_777_BR_.jpg,pituitary,train,train/pituitary/P_777_BR_.jpg
Tr-pi_1074.jpg,pituitary,train,train/pituitary/Tr-pi_1074.jpg
Tr-pi_0381.jpg,pituitary,train,train/pituitary/Tr-pi_0381.jpg
Tr-pi_0395.jpg,pituitary,train,train/pituitary/Tr-pi_0395.jpg
P_733_SP_.jpg,pituitary,train,train/pituitary/P_733_SP_.jpg
P_723_SP_.jpg,pituitary,train,train/pituitary/P_723_SP_.jpg
p (609).jpg,pituitary,train,train/pituitary/p (609).jpg
Tr-pi_0394.jpg,pituitary,train,train/pituitary/Tr-pi_0394.jpg
P_802_RO_.jpg,pituitary,train,train/pituitary/P_802_RO_.jpg
Tr-pi_0380.jpg,pituitary,train,train/pituitary/Tr-pi_0380.jpg
P_812_RO_.jpg,pituitary,train,train/pituitary/P_812_RO_.jpg
p (520).jpg,pituitary,train,train/pituitary/p (520).jpg
P_82_BR_.jpg,pituitary,train,train/pituitary/P_82_BR_.jpg
P_779_VF_.jpg,pituitary,train,train/pituitary/P_779_VF_.jpg
P_783_BR_.jpg,pituitary,train,train/pituitary/P_783_BR_.jpg
Tr-pi_1075.jpg,pituitary,train,train/pituitary/Tr-pi_1075.jpg
P_78_VF_.jpg,pituitary,train,train/pituitary/P_78_VF_.jpg
P_744_HF_.jpg,pituitary,train,train/pituitary/P_744_HF_.jpg
P_769_VF_.jpg,pituitary,train,train/pituitary/P_769_VF_.jpg
Tr-pi_1061.jpg,pituitary,train,train/pituitary/Tr-pi_1061.jpg
Tr-pi_0419.jpg,pituitary,train,train/pituitary/Tr-pi_0419.jpg
P_754_HF_.jpg,pituitary,train,train/pituitary/P_754_HF_.jpg
P_738.jpg,pituitary,train,train/pituitary/P_738.jpg
P_793_BR_.jpg,pituitary,train,train/pituitary/P_793_BR_.jpg
Tr-pi_0431.jpg,pituitary,train,train/pituitary/Tr-pi_0431.jpg
P_710.jpg,pituitary,train,train/pituitary/P_710.jpg
Tr-pi_0357.jpg,pituitary,train,train/pituitary/Tr-pi_0357.jpg
Tr-pi_1049.jpg,pituitary,train,train/pituitary/Tr-pi_1049.jpg
Tr-pi_0343.jpg,pituitary,train,train/pituitary/Tr-pi_0343.jpg
Tr-pi_0425.jpg,pituitary,train,train/pituitary/Tr-pi_0425.jpg
Te-pi_0105.jpg,pituitary,train,train/pituitary/Te-pi_0105.jpg
Tr-pi_0800.jpg,pituitary,train,train/pituitary/Tr-pi_0800.jpg
Te-pi_0111.jpg,pituitary,train,train/pituitary/Te-pi_0111.jpg
Tr-pi_0196.jpg,pituitary,train,train/pituitary/Tr-pi_0196.jpg
Te-pi_0139.jpg,pituitary,train,train/pituitary/Te-pi_0139.jpg
P_831_HF_.jpg,pituitary,train,train/pituitary/P_831_HF_.jpg
Tr-pi_0182.jpg,pituitary,train,train/pituitary/Tr-pi_0182.jpg
P_821_HF_.jpg,pituitary,train,train/pituitary/P_821_HF_.jpg
Tr-pi_1277.jpg,pituitary,train,train/pituitary/Tr-pi_1277.jpg
P_76_RO_.jpg,pituitary,train,train/pituitary/P_76_RO_.jpg
Tr-pi_0169.jpg,pituitary,train,train/pituitary/Tr-pi_0169.jpg
P_777_RO_.jpg,pituitary,train,train/pituitary/P_777_RO_.jpg
P_767_RO_.jpg,pituitary,train,train/pituitary/P_767_RO_.jpg
Tr-pi_1263.jpg,pituitary,train,train/pituitary/Tr-pi_1263.jpg
p (577).jpg,pituitary,train,train/pituitary/p (577).jpg
Tr-pi_0155.jpg,pituitary,train,train/pituitary/Tr-pi_0155.jpg
p (598).jpg,pituitary,train,train/pituitary/p (598).jpg
Tr-pi_0633.jpg,pituitary,train,train/pituitary/Tr-pi_0633.jpg
Tr-pi_0627.jpg,pituitary,train,train/pituitary/Tr-pi_0627.jpg
Tr-pi_0141.jpg,pituitary,train,train/pituitary/Tr-pi_0141.jpg
Te-pi_0071.jpg,pituitary,train,train/pituitary/Te-pi_0071.jpg
P_824_SP_.jpg,pituitary,train,train/pituitary/P_824_SP_.jpg
Te-pi_0065.jpg,pituitary,train,train/pituitary/Te-pi_0065.jpg
P_834_SP_.jpg,pituitary,train,train/pituitary/P_834_SP_.jpg
P_715_RO_.jpg,pituitary,train,train/pituitary/P_715_RO_.jpg
Tr-pi_0784.jpg,pituitary,train,train/pituitary/Tr-pi_0784.jpg
Tr-pi_0790.jpg,pituitary,train,train/pituitary/Tr-pi_0790.jpg
Tr-pi_0948.jpg,pituitary,train,train/pituitary/Tr-pi_0948.jpg
P_705_RO_.jpg,pituitary,train,train/pituitary/P_705_RO_.jpg
p (561).jpg,pituitary,train,train/pituitary/p (561).jpg
Tr-pi_1303.jpg,pituitary,train,train/pituitary/Tr-pi_1303.jpg
P_843_HF_.jpg,pituitary,train,train/pituitary/P_843_HF_.jpg
P_758_BR_.jpg,pituitary,train,train/pituitary/P_758_BR_.jpg
Tr-pi_0747.jpg,pituitary,train,train/pituitary/Tr-pi_0747.jpg
Tr-pi_0753.jpg,pituitary,train,train/pituitary/Tr-pi_0753.jpg
P_748_BR_.jpg,pituitary,train,train/pituitary/P_748_BR_.jpg
P_843.jpg,pituitary,train,train/pituitary/P_843.jpg
Tr-pi_0586.jpg,pituitary,train,train/pituitary/Tr-pi_0586.jpg
P_726_HF_.jpg,pituitary,train,train/pituitary/P_726_HF_.jpg
P_809_DA_.jpg,pituitary,train,train/pituitary/P_809_DA_.jpg
P_819_DA_.jpg,pituitary,train,train/pituitary/P_819_DA_.jpg
Tr-pi_0592.jpg,pituitary,train,train/pituitary/Tr-pi_0592.jpg
P_736_HF_.jpg,pituitary,train,train/pituitary/P_736_HF_.jpg
Tr-pi_0579.jpg,pituitary,train,train/pituitary/Tr-pi_0579.jpg
Tr-pi_1101.jpg,pituitary,train,train/pituitary/Tr-pi_1101.jpg
Tr-pi_1115.jpg,pituitary,train,train/pituitary/Tr-pi_1115.jpg
p (536).jpg,pituitary,train,train/pituitary/p (536).jpg
Tr-pi_0545.jpg,pituitary,train,train/pituitary/Tr-pi_0545.jpg
P_751_SP_.jpg,pituitary,train,train/pituitary/P_751_SP_.jpg
Tr-pi_0223.jpg,pituitary,train,train/pituitary/Tr-pi_0223.jpg
Tr-pi_1129.jpg,pituitary,train,train/pituitary/Tr-pi_1129.jpg
Tr-pi_0237.jpg,pituitary,train,train/pituitary/Tr-pi_0237.jpg
P_741_SP_.jpg,pituitary,train,train/pituitary/P_741_SP_.jpg
Tr-pi_0551.jpg,pituitary,train,train/pituitary/Tr-pi_0551.jpg
P_789_DA_.jpg,pituitary,train,train/pituitary/P_789_DA_.jpg
Tr-pi_0569.jpg,pituitary,train,train/pituitary/Tr-pi_0569.jpg
Tr-pi_1111.jpg,pituitary,train,train/pituitary/Tr-pi_1111.jpg
P_799_DA_.jpg,pituitary,train,train/pituitary/P_799_DA_.jpg
Tr-pi_1105.jpg,pituitary,train,train/pituitary/Tr-pi_1105.jpg
p (537).jpg,pituitary,train,train/pituitary/p (537).jpg
Tr-pi_0555.jpg,pituitary,train,train/pituitary/Tr-pi_0555.jpg
P_757_VF_.jpg,pituitary,train,train/pituitary/P_757_VF_.jpg
Tr-pi_0233.jpg,pituitary,train,train/pituitary/Tr-pi_0233.jpg
Tr-pi_0227.jpg,pituitary,train,train/pituitary/Tr-pi_0227.jpg
Tr-pi_1139.jpg,pituitary,train,train/pituitary/Tr-pi_1139.jpg
P_747_VF_.jpg,pituitary,train,train/pituitary/P_747_VF_.jpg
Tr-pi_0541.jpg,pituitary,train,train/pituitary/Tr-pi_0541.jpg
Tr-pi_0596.jpg,pituitary,train,train/pituitary/Tr-pi_0596.jpg
Tr-pi_0582.jpg,pituitary,train,train/pituitary/Tr-pi_0582.jpg
p (560).jpg,pituitary,train,train/pituitary/p (560).jpg
Tr-pi_1313.jpg,pituitary,train,train/pituitary/Tr-pi_1313.jpg
Tr-pi_1307.jpg,pituitary,train,train/pituitary/Tr-pi_1307.jpg
P_759_RO_.jpg,pituitary,train,train/pituitary/P_759_RO_.jpg
Tr-pi_0757.jpg,pituitary,train,train/pituitary/Tr-pi_0757.jpg
Tr-pi_0743.jpg,pituitary,train,train/pituitary/Tr-pi_0743.jpg
P_749_RO_.jpg,pituitary,train,train/pituitary/P_749_RO_.jpg
P_730_DA_.jpg,pituitary,train,train/pituitary/P_730_DA_.jpg
P_822_VF_.jpg,pituitary,train,train/pituitary/P_822_VF_.jpg
P_720_DA_.jpg,pituitary,train,train/pituitary/P_720_DA_.jpg
P_832_VF_.jpg,pituitary,train,train/pituitary/P_832_VF_.jpg
Te-pi_0075.jpg,pituitary,train,train/pituitary/Te-pi_0075.jpg
P_714_BR_.jpg,pituitary,train,train/pituitary/P_714_BR_.jpg
Tr-pi_0794.jpg,pituitary,train,train/pituitary/Tr-pi_0794.jpg
Tr-pi_0958.jpg,pituitary,train,train/pituitary/Tr-pi_0958.jpg
Tr-pi_0780.jpg,pituitary,train,train/pituitary/Tr-pi_0780.jpg
Te-pi_0049.jpg,pituitary,train,train/pituitary/Te-pi_0049.jpg
Tr-pi_0179.jpg,pituitary,train,train/pituitary/Tr-pi_0179.jpg
P_776_BR_.jpg,pituitary,train,train/pituitary/P_776_BR_.jpg
Tr-pi_1267.jpg,pituitary,train,train/pituitary/Tr-pi_1267.jpg
P_77_BR_.jpg,pituitary,train,train/pituitary/P_77_BR_.jpg
P_766_BR_.jpg,pituitary,train,train/pituitary/P_766_BR_.jpg
Tr-pi_1273.jpg,pituitary,train,train/pituitary/Tr-pi_1273.jpg
p (576).jpg,pituitary,train,train/pituitary/p (576).jpg
Tr-pi_0145.jpg,pituitary,train,train/pituitary/Tr-pi_0145.jpg
P_752_DA_.jpg,pituitary,train,train/pituitary/P_752_DA_.jpg
p (599).jpg,pituitary,train,train/pituitary/p (599).jpg
P_840_VF_.jpg,pituitary,train,train/pituitary/P_840_VF_.jpg
Tr-pi_0623.jpg,pituitary,train,train/pituitary/Tr-pi_0623.jpg
Tr-pi_0637.jpg,pituitary,train,train/pituitary/Tr-pi_0637.jpg
P_742_DA_.jpg,pituitary,train,train/pituitary/P_742_DA_.jpg
Tr-pi_0151.jpg,pituitary,train,train/pituitary/Tr-pi_0151.jpg
Te-pi_0115.jpg,pituitary,train,train/pituitary/Te-pi_0115.jpg
Te-pi_0101.jpg,pituitary,train,train/pituitary/Te-pi_0101.jpg
Te-pi_0129.jpg,pituitary,train,train/pituitary/Te-pi_0129.jpg
Tr-pi_1298.jpg,pituitary,train,train/pituitary/Tr-pi_1298.jpg
Tr-pi_0186.jpg,pituitary,train,train/pituitary/Tr-pi_0186.jpg
Tr-pi_0192.jpg,pituitary,train,train/pituitary/Tr-pi_0192.jpg
p (521).jpg,pituitary,train,train/pituitary/p (521).jpg
P_782_RO_.jpg,pituitary,train,train/pituitary/P_782_RO_.jpg
Tr-pi_1065.jpg,pituitary,train,train/pituitary/Tr-pi_1065.jpg
P_83_RO_.jpg,pituitary,train,train/pituitary/P_83_RO_.jpg
Tr-pi_1071.jpg,pituitary,train,train/pituitary/Tr-pi_1071.jpg
P_792_RO_.jpg,pituitary,train,train/pituitary/P_792_RO_.jpg
Tr-pi_0409.jpg,pituitary,train,train/pituitary/Tr-pi_0409.jpg
P_728.jpg,pituitary,train,train/pituitary/P_728.jpg
Tr-pi_0421.jpg,pituitary,train,train/pituitary/Tr-pi_0421.jpg
Tr-pi_1059.jpg,pituitary,train,train/pituitary/Tr-pi_1059.jpg
Tr-pi_0347.jpg,pituitary,train,train/pituitary/Tr-pi_0347.jpg
Tr-pi_0353.jpg,pituitary,train,train/pituitary/Tr-pi_0353.jpg
P_714.jpg,pituitary,train,train/pituitary/P_714.jpg
Tr-pi_0435.jpg,pituitary,train,train/pituitary/Tr-pi_0435.jpg
P_827_DA_.jpg,pituitary,train,train/pituitary/P_827_DA_.jpg
P_735_VF_.jpg,pituitary,train,train/pituitary/P_735_VF_.jpg
P_718_HF_.jpg,pituitary,train,train/pituitary/P_718_HF_.jpg
P_837_DA_.jpg,pituitary,train,train/pituitary/P_837_DA_.jpg
P_725_VF_.jpg,pituitary,train,train/pituitary/P_725_VF_.jpg
P_803_BR_.jpg,pituitary,train,train/pituitary/P_803_BR_.jpg
Tr-pi_0384.jpg,pituitary,train,train/pituitary/Tr-pi_0384.jpg
p (608).jpg,pituitary,train,train/pituitary/p (608).jpg
P_813_BR_.jpg,pituitary,train,train/pituitary/P_813_BR_.jpg
Tr-pi_0390.jpg,pituitary,train,train/pituitary/Tr-pi_0390.jpg
Tr-pi_0391.jpg,pituitary,train,train/pituitary/Tr-pi_0391.jpg
P_820_HF_.jpg,pituitary,train,train/pituitary/P_820_HF_.jpg
P_830_HF_.jpg,pituitary,train,train/pituitary/P_830_HF_.jpg
Tr-pi_0385.jpg,pituitary,train,train/pituitary/Tr-pi_0385.jpg
Tr-pi_0352.jpg,pituitary,train,train/pituitary/Tr-pi_0352.jpg
Tr-pi_0434.jpg,pituitary,train,train/pituitary/Tr-pi_0434.jpg
P_715.jpg,pituitary,train,train/pituitary/P_715.jpg
Tr-pi_0420.jpg,pituitary,train,train/pituitary/Tr-pi_0420.jpg
Tr-pi_0346.jpg,pituitary,train,train/pituitary/Tr-pi_0346.jpg
Tr-pi_1058.jpg,pituitary,train,train/pituitary/Tr-pi_1058.jpg
P_766_RO_.jpg,pituitary,train,train/pituitary/P_766_RO_.jpg
Tr-pi_1070.jpg,pituitary,train,train/pituitary/Tr-pi_1070.jpg
P_729.jpg,pituitary,train,train/pituitary/P_729.jpg
Tr-pi_0408.jpg,pituitary,train,train/pituitary/Tr-pi_0408.jpg
P_776_RO_.jpg,pituitary,train,train/pituitary/P_776_RO_.jpg
P_77_RO_.jpg,pituitary,train,train/pituitary/P_77_RO_.jpg
Tr-pi_1064.jpg,pituitary,train,train/pituitary/Tr-pi_1064.jpg
P_813_RO_.jpg,pituitary,train,train/pituitary/P_813_RO_.jpg
Tr-pi_0193.jpg,pituitary,train,train/pituitary/Tr-pi_0193.jpg
Tr-pi_0187.jpg,pituitary,train,train/pituitary/Tr-pi_0187.jpg
Te-pi_0128.jpg,pituitary,train,train/pituitary/Te-pi_0128.jpg
Tr-pi_1299.jpg,pituitary,train,train/pituitary/Tr-pi_1299.jpg
P_803_RO_.jpg,pituitary,train,train/pituitary/P_803_RO_.jpg
P_722_SP_.jpg,pituitary,train,train/pituitary/P_722_SP_.jpg
Te-pi_0100.jpg,pituitary,train,train/pituitary/Te-pi_0100.jpg
Te-pi_0114.jpg,pituitary,train,train/pituitary/Te-pi_0114.jpg
P_732_SP_.jpg,pituitary,train,train/pituitary/P_732_SP_.jpg
Tr-pi_0636.jpg,pituitary,train,train/pituitary/Tr-pi_0636.jpg
Tr-pi_0150.jpg,pituitary,train,train/pituitary/Tr-pi_0150.jpg
Tr-pi_0144.jpg,pituitary,train,train/pituitary/Tr-pi_0144.jpg
Tr-pi_0622.jpg,pituitary,train,train/pituitary/Tr-pi_0622.jpg
P_755_HF_.jpg,pituitary,train,train/pituitary/P_755_HF_.jpg
P_792_BR_.jpg,pituitary,train,train/pituitary/P_792_BR_.jpg
P_768_VF_.jpg,pituitary,train,train/pituitary/P_768_VF_.jpg
Tr-pi_1272.jpg,pituitary,train,train/pituitary/Tr-pi_1272.jpg
Tr-pi_1266.jpg,pituitary,train,train/pituitary/Tr-pi_1266.jpg
P_782_BR_.jpg,pituitary,train,train/pituitary/P_782_BR_.jpg
Tr-pi_0178.jpg,pituitary,train,train/pituitary/Tr-pi_0178.jpg
P_745_HF_.jpg,pituitary,train,train/pituitary/P_745_HF_.jpg
P_79_VF_.jpg,pituitary,train,train/pituitary/P_79_VF_.jpg
P_83_BR_.jpg,pituitary,train,train/pituitary/P_83_BR_.jpg
P_778_VF_.jpg,pituitary,train,train/pituitary/P_778_VF_.jpg
Tr-pi_0781.jpg,pituitary,train,train/pituitary/Tr-pi_0781.jpg
P_818_DA_.jpg,pituitary,train,train/pituitary/P_818_DA_.jpg
P_737_HF_.jpg,pituitary,train,train/pituitary/P_737_HF_.jpg
Te-pi_0048.jpg,pituitary,train,train/pituitary/Te-pi_0048.jpg
P_727_HF_.jpg,pituitary,train,train/pituitary/P_727_HF_.jpg
P_808_DA_.jpg,pituitary,train,train/pituitary/P_808_DA_.jpg
Tr-pi_0795.jpg,pituitary,train,train/pituitary/Tr-pi_0795.jpg
Te-pi_0074.jpg,pituitary,train,train/pituitary/Te-pi_0074.jpg
P_740_SP_.jpg,pituitary,train,train/pituitary/P_740_SP_.jpg
Tr-pi_0742.jpg,pituitary,train,train/pituitary/Tr-pi_0742.jpg
P_750_SP_.jpg,pituitary,train,train/pituitary/P_750_SP_.jpg
Tr-pi_1448.jpg,pituitary,train,train/pituitary/Tr-pi_1448.jpg
Tr-pi_0756.jpg,pituitary,train,train/pituitary/Tr-pi_0756.jpg
Tr-pi_1306.jpg,pituitary,train,train/pituitary/Tr-pi_1306.jpg
Tr-pi_1312.jpg,pituitary,train,train/pituitary/Tr-pi_1312.jpg
Tr-pi_0583.jpg,pituitary,train,train/pituitary/Tr-pi_0583.jpg
Tr-pi_0597.jpg,pituitary,train,train/pituitary/Tr-pi_0597.jpg
P_714_RO_.jpg,pituitary,train,train/pituitary/P_714_RO_.jpg
P_835_SP_.jpg,pituitary,train,train/pituitary/P_835_SP_.jpg
P_825_SP_.jpg,pituitary,train,train/pituitary/P_825_SP_.jpg
Tr-pi_1138.jpg,pituitary,train,train/pituitary/Tr-pi_1138.jpg
P_749_BR_.jpg,pituitary,train,train/pituitary/P_749_BR_.jpg
Tr-pi_0226.jpg,pituitary,train,train/pituitary/Tr-pi_0226.jpg
Tr-pi_0540.jpg,pituitary,train,train/pituitary/Tr-pi_0540.jpg
P_759_BR_.jpg,pituitary,train,train/pituitary/P_759_BR_.jpg
Tr-pi_0554.jpg,pituitary,train,train/pituitary/Tr-pi_0554.jpg
Tr-pi_0232.jpg,pituitary,train,train/pituitary/Tr-pi_0232.jpg
Tr-pi_1104.jpg,pituitary,train,train/pituitary/Tr-pi_1104.jpg
P_842_HF_.jpg,pituitary,train,train/pituitary/P_842_HF_.jpg
Tr-pi_0568.jpg,pituitary,train,train/pituitary/Tr-pi_0568.jpg
Tr-pi_1110.jpg,pituitary,train,train/pituitary/Tr-pi_1110.jpg
Tr-pi_0218.jpg,pituitary,train,train/pituitary/Tr-pi_0218.jpg
P_795_VF_.jpg,pituitary,train,train/pituitary/P_795_VF_.jpg
Tr-pi_1106.jpg,pituitary,train,train/pituitary/Tr-pi_1106.jpg
Tr-pi_1112.jpg,pituitary,train,train/pituitary/Tr-pi_1112.jpg
P_785_VF_.jpg,pituitary,train,train/pituitary/P_785_VF_.jpg
Tr-pi_0542.jpg,pituitary,train,train/pituitary/Tr-pi_0542.jpg
Tr-pi_0224.jpg,pituitary,train,train/pituitary/Tr-pi_0224.jpg
Tr-pi_0230.jpg,pituitary,train,train/pituitary/Tr-pi_0230.jpg
Tr-pi_0556.jpg,pituitary,train,train/pituitary/Tr-pi_0556.jpg
P_844.jpg,pituitary,train,train/pituitary/P_844.jpg
P_722_RO_.jpg,pituitary,train,train/pituitary/P_722_RO_.jpg
p (491).jpg,pituitary,train,train/pituitary/p (491).jpg
P_732_RO_.jpg,pituitary,train,train/pituitary/P_732_RO_.jpg
Tr-pi_0581.jpg,pituitary,train,train/pituitary/Tr-pi_0581.jpg
P_813_SP_.jpg,pituitary,train,train/pituitary/P_813_SP_.jpg
P_803_SP_.jpg,pituitary,train,train/pituitary/P_803_SP_.jpg
Tr-pi_0595.jpg,pituitary,train,train/pituitary/Tr-pi_0595.jpg
Tr-pi_1304.jpg,pituitary,train,train/pituitary/Tr-pi_1304.jpg
P_766_SP_.jpg,pituitary,train,train/pituitary/P_766_SP_.jpg
Tr-pi_0768.jpg,pituitary,train,train/pituitary/Tr-pi_0768.jpg
P_776_SP_.jpg,pituitary,train,train/pituitary/P_776_SP_.jpg
Tr-pi_1310.jpg,pituitary,train,train/pituitary/Tr-pi_1310.jpg
P_77_SP_.jpg,pituitary,train,train/pituitary/P_77_SP_.jpg
Te-pi_0089.jpg,pituitary,train,train/pituitary/Te-pi_0089.jpg
Tr-pi_1338.jpg,pituitary,train,train/pituitary/Tr-pi_1338.jpg
Tr-pi_0740.jpg,pituitary,train,train/pituitary/Tr-pi_0740.jpg
Tr-pi_0998.jpg,pituitary,train,train/pituitary/Tr-pi_0998.jpg
Tr-pi_0754.jpg,pituitary,train,train/pituitary/Tr-pi_0754.jpg
P_711_HF_.jpg,pituitary,train,train/pituitary/P_711_HF_.jpg
Te-pi_0076.jpg,pituitary,train,train/pituitary/Te-pi_0076.jpg
Tr-pi_0783.jpg,pituitary,train,train/pituitary/Tr-pi_0783.jpg
Tr-pi_0797.jpg,pituitary,train,train/pituitary/Tr-pi_0797.jpg
Tr-pi_1270.jpg,pituitary,train,train/pituitary/Tr-pi_1270.jpg
P_790_DA_.jpg,pituitary,train,train/pituitary/P_790_DA_.jpg
Tr-pi_0608.jpg,pituitary,train,train/pituitary/Tr-pi_0608.jpg
P_780_DA_.jpg,pituitary,train,train/pituitary/P_780_DA_.jpg
P_81_DA_.jpg,pituitary,train,train/pituitary/P_81_DA_.jpg
Tr-pi_1264.jpg,pituitary,train,train/pituitary/Tr-pi_1264.jpg
P_773_HF_.jpg,pituitary,train,train/pituitary/P_773_HF_.jpg
Tr-pi_0152.jpg,pituitary,train,train/pituitary/Tr-pi_0152.jpg
Tr-pi_0634.jpg,pituitary,train,train/pituitary/Tr-pi_0634.jpg
P_72_HF_.jpg,pituitary,train,train/pituitary/P_72_HF_.jpg
P_763_HF_.jpg,pituitary,train,train/pituitary/P_763_HF_.jpg
Tr-pi_0620.jpg,pituitary,train,train/pituitary/Tr-pi_0620.jpg
Tr-pi_0146.jpg,pituitary,train,train/pituitary/Tr-pi_0146.jpg
P_835_RO_.jpg,pituitary,train,train/pituitary/P_835_RO_.jpg
Te-pi_0102.jpg,pituitary,train,train/pituitary/Te-pi_0102.jpg
P_825_RO_.jpg,pituitary,train,train/pituitary/P_825_RO_.jpg
Te-pi_0116.jpg,pituitary,train,train/pituitary/Te-pi_0116.jpg
Tr-pi_0191.jpg,pituitary,train,train/pituitary/Tr-pi_0191.jpg
P_714_SP_.jpg,pituitary,train,train/pituitary/P_714_SP_.jpg
p (595).jpg,pituitary,train,train/pituitary/p (595).jpg
Tr-pi_0185.jpg,pituitary,train,train/pituitary/Tr-pi_0185.jpg
Tr-pi_1072.jpg,pituitary,train,train/pituitary/Tr-pi_1072.jpg
Tr-pi_1066.jpg,pituitary,train,train/pituitary/Tr-pi_1066.jpg
Tr-pi_0378.jpg,pituitary,train,train/pituitary/Tr-pi_0378.jpg
P_717.jpg,pituitary,train,train/pituitary/P_717.jpg
Tr-pi_0436.jpg,pituitary,train,train/pituitary/Tr-pi_0436.jpg
P_740_RO_.jpg,pituitary,train,train/pituitary/P_740_RO_.jpg
Tr-pi_0350.jpg,pituitary,train,train/pituitary/Tr-pi_0350.jpg
P_750_RO_.jpg,pituitary,train,train/pituitary/P_750_RO_.jpg
p (604).jpg,pituitary,train,train/pituitary/p (604).jpg
Tr-pi_0344.jpg,pituitary,train,train/pituitary/Tr-pi_0344.jpg
Tr-pi_0422.jpg,pituitary,train,train/pituitary/Tr-pi_0422.jpg
P_729_DA_.jpg,pituitary,train,train/pituitary/P_729_DA_.jpg
P_806_HF_.jpg,pituitary,train,train/pituitary/P_806_HF_.jpg
p (487).jpg,pituitary,train,train/pituitary/p (487).jpg
P_816_HF_.jpg,pituitary,train,train/pituitary/P_816_HF_.jpg
P_739_DA_.jpg,pituitary,train,train/pituitary/P_739_DA_.jpg
Tr-pi_0393.jpg,pituitary,train,train/pituitary/Tr-pi_0393.jpg
Tr-pi_0387.jpg,pituitary,train,train/pituitary/Tr-pi_0387.jpg
Tr-pi_1099.jpg,pituitary,train,train/pituitary/Tr-pi_1099.jpg
Tr-pi_1098.jpg,pituitary,train,train/pituitary/Tr-pi_1098.jpg
P_801_DA_.jpg,pituitary,train,train/pituitary/P_801_DA_.jpg
Tr-pi_0386.jpg,pituitary,train,train/pituitary/Tr-pi_0386.jpg
P_713_VF_.jpg,pituitary,train,train/pituitary/P_713_VF_.jpg
P_811_DA_.jpg,pituitary,train,train/pituitary/P_811_DA_.jpg
Tr-pi_0392.jpg,pituitary,train,train/pituitary/Tr-pi_0392.jpg
P_825_BR_.jpg,pituitary,train,train/pituitary/P_825_BR_.jpg
P_835_BR_.jpg,pituitary,train,train/pituitary/P_835_BR_.jpg
Tr-pi_0345.jpg,pituitary,train,train/pituitary/Tr-pi_0345.jpg
P_759_SP_.jpg,pituitary,train,train/pituitary/P_759_SP_.jpg
Tr-pi_0423.jpg,pituitary,train,train/pituitary/Tr-pi_0423.jpg
Tr-pi_0437.jpg,pituitary,train,train/pituitary/Tr-pi_0437.jpg
P_716.jpg,pituitary,train,train/pituitary/P_716.jpg
P_749_SP_.jpg,pituitary,train,train/pituitary/P_749_SP_.jpg
Tr-pi_0351.jpg,pituitary,train,train/pituitary/Tr-pi_0351.jpg
Tr-pi_0379.jpg,pituitary,train,train/pituitary/Tr-pi_0379.jpg
Tr-pi_1067.jpg,pituitary,train,train/pituitary/Tr-pi_1067.jpg
Tr-pi_1073.jpg,pituitary,train,train/pituitary/Tr-pi_1073.jpg
p (556).jpg,pituitary,train,train/pituitary/p (556).jpg
Tr-pi_0184.jpg,pituitary,train,train/pituitary/Tr-pi_0184.jpg
Tr-pi_0190.jpg,pituitary,train,train/pituitary/Tr-pi_0190.jpg
Te-pi_0117.jpg,pituitary,train,train/pituitary/Te-pi_0117.jpg
Te-pi_0103.jpg,pituitary,train,train/pituitary/Te-pi_0103.jpg
Tr-pi_0621.jpg,pituitary,train,train/pituitary/Tr-pi_0621.jpg
P_750_BR_.jpg,pituitary,train,train/pituitary/P_750_BR_.jpg
P_797_HF_.jpg,pituitary,train,train/pituitary/P_797_HF_.jpg
Tr-pi_0147.jpg,pituitary,train,train/pituitary/Tr-pi_0147.jpg
Tr-pi_0153.jpg,pituitary,train,train/pituitary/Tr-pi_0153.jpg
P_787_HF_.jpg,pituitary,train,train/pituitary/P_787_HF_.jpg
P_740_BR_.jpg,pituitary,train,train/pituitary/P_740_BR_.jpg
Tr-pi_0635.jpg,pituitary,train,train/pituitary/Tr-pi_0635.jpg
p (501).jpg,pituitary,train,train/pituitary/p (501).jpg
P_774_DA_.jpg,pituitary,train,train/pituitary/P_774_DA_.jpg
Tr-pi_1265.jpg,pituitary,train,train/pituitary/Tr-pi_1265.jpg
P_75_DA_.jpg,pituitary,train,train/pituitary/P_75_DA_.jpg
P_764_DA_.jpg,pituitary,train,train/pituitary/P_764_DA_.jpg
Tr-pi_1271.jpg,pituitary,train,train/pituitary/Tr-pi_1271.jpg
Tr-pi_0609.jpg,pituitary,train,train/pituitary/Tr-pi_0609.jpg
P_716_DA_.jpg,pituitary,train,train/pituitary/P_716_DA_.jpg
Tr-pi_0796.jpg,pituitary,train,train/pituitary/Tr-pi_0796.jpg
P_839_HF_.jpg,pituitary,train,train/pituitary/P_839_HF_.jpg
P_804_VF_.jpg,pituitary,train,train/pituitary/P_804_VF_.jpg
P_829_HF_.jpg,pituitary,train,train/pituitary/P_829_HF_.jpg
P_706_DA_.jpg,pituitary,train,train/pituitary/P_706_DA_.jpg
Tr-pi_0782.jpg,pituitary,train,train/pituitary/Tr-pi_0782.jpg
P_814_VF_.jpg,pituitary,train,train/pituitary/P_814_VF_.jpg
P_732_BR_.jpg,pituitary,train,train/pituitary/P_732_BR_.jpg
Te-pi_0077.jpg,pituitary,train,train/pituitary/Te-pi_0077.jpg
P_722_BR_.jpg,pituitary,train,train/pituitary/P_722_BR_.jpg
Tr-pi_0755.jpg,pituitary,train,train/pituitary/Tr-pi_0755.jpg
Te-pi_0088.jpg,pituitary,train,train/pituitary/Te-pi_0088.jpg
Tr-pi_1339.jpg,pituitary,train,train/pituitary/Tr-pi_1339.jpg
Tr-pi_0999.jpg,pituitary,train,train/pituitary/Tr-pi_0999.jpg
Tr-pi_0741.jpg,pituitary,train,train/pituitary/Tr-pi_0741.jpg
P_782_SP_.jpg,pituitary,train,train/pituitary/P_782_SP_.jpg
Tr-pi_0769.jpg,pituitary,train,train/pituitary/Tr-pi_0769.jpg
P_83_SP_.jpg,pituitary,train,train/pituitary/P_83_SP_.jpg
Tr-pi_1311.jpg,pituitary,train,train/pituitary/Tr-pi_1311.jpg
P_792_SP_.jpg,pituitary,train,train/pituitary/P_792_SP_.jpg
Tr-pi_1305.jpg,pituitary,train,train/pituitary/Tr-pi_1305.jpg
p (517).jpg,pituitary,train,train/pituitary/p (517).jpg
Tr-pi_0594.jpg,pituitary,train,train/pituitary/Tr-pi_0594.jpg
Tr-pi_0580.jpg,pituitary,train,train/pituitary/Tr-pi_0580.jpg
Tr-pi_0231.jpg,pituitary,train,train/pituitary/Tr-pi_0231.jpg
Tr-pi_0557.jpg,pituitary,train,train/pituitary/Tr-pi_0557.jpg
Tr-pi_0543.jpg,pituitary,train,train/pituitary/Tr-pi_0543.jpg
Tr-pi_0225.jpg,pituitary,train,train/pituitary/Tr-pi_0225.jpg
p (540).jpg,pituitary,train,train/pituitary/p (540).jpg
P_70_VF_.jpg,pituitary,train,train/pituitary/P_70_VF_.jpg
P_771_VF_.jpg,pituitary,train,train/pituitary/P_771_VF_.jpg
Tr-pi_1107.jpg,pituitary,train,train/pituitary/Tr-pi_1107.jpg
P_761_VF_.jpg,pituitary,train,train/pituitary/P_761_VF_.jpg
Tr-pi_0219.jpg,pituitary,train,train/pituitary/Tr-pi_0219.jpg
Tr-pi_0524.jpg,pituitary,train,train/pituitary/Tr-pi_0524.jpg
P_818_SP_.jpg,pituitary,train,train/pituitary/P_818_SP_.jpg
Tr-pi_0242.jpg,pituitary,train,train/pituitary/Tr-pi_0242.jpg
Tr-pi_0256.jpg,pituitary,train,train/pituitary/Tr-pi_0256.jpg
Tr-pi_1148.jpg,pituitary,train,train/pituitary/Tr-pi_1148.jpg
P_808_SP_.jpg,pituitary,train,train/pituitary/P_808_SP_.jpg
Tr-pi_0530.jpg,pituitary,train,train/pituitary/Tr-pi_0530.jpg
P_729_RO_.jpg,pituitary,train,train/pituitary/P_729_RO_.jpg
Tr-pi_0518.jpg,pituitary,train,train/pituitary/Tr-pi_0518.jpg
Tr-pi_1160.jpg,pituitary,train,train/pituitary/Tr-pi_1160.jpg
P_739_RO_.jpg,pituitary,train,train/pituitary/P_739_RO_.jpg
Tr-pi_1174.jpg,pituitary,train,train/pituitary/Tr-pi_1174.jpg
P_740_DA_.jpg,pituitary,train,train/pituitary/P_740_DA_.jpg
Tr-pi_0281.jpg,pituitary,train,train/pituitary/Tr-pi_0281.jpg
P_750_DA_.jpg,pituitary,train,train/pituitary/P_750_DA_.jpg
Tr-pi_0295.jpg,pituitary,train,train/pituitary/Tr-pi_0295.jpg
P_842_VF_.jpg,pituitary,train,train/pituitary/P_842_VF_.jpg
P_764_BR_.jpg,pituitary,train,train/pituitary/P_764_BR_.jpg
P_822.jpg,pituitary,train,train/pituitary/P_822.jpg
Te-pi_0206.jpg,pituitary,train,train/pituitary/Te-pi_0206.jpg
P_774_BR_.jpg,pituitary,train,train/pituitary/P_774_BR_.jpg
P_75_BR_.jpg,pituitary,train,train/pituitary/P_75_BR_.jpg
P_836.jpg,pituitary,train,train/pituitary/P_836.jpg
P_73.jpg,pituitary,train,train/pituitary/P_73.jpg
P_811_BR_.jpg,pituitary,train,train/pituitary/P_811_BR_.jpg
Tr-pi_0726.jpg,pituitary,train,train/pituitary/Tr-pi_0726.jpg
Tr-pi_0732.jpg,pituitary,train,train/pituitary/Tr-pi_0732.jpg
P_801_BR_.jpg,pituitary,train,train/pituitary/P_801_BR_.jpg
Tr-pi_0054.jpg,pituitary,train,train/pituitary/Tr-pi_0054.jpg
P_835_DA_.jpg,pituitary,train,train/pituitary/P_835_DA_.jpg
Tr-pi_1362.jpg,pituitary,train,train/pituitary/Tr-pi_1362.jpg
Tr-pi_1404.jpg,pituitary,train,train/pituitary/Tr-pi_1404.jpg
P_727_VF_.jpg,pituitary,train,train/pituitary/P_727_VF_.jpg
P_825_DA_.jpg,pituitary,train,train/pituitary/P_825_DA_.jpg
P_737_VF_.jpg,pituitary,train,train/pituitary/P_737_VF_.jpg
Tr-pi_0083.jpg,pituitary,train,train/pituitary/Tr-pi_0083.jpg
Tr-pi_0097.jpg,pituitary,train,train/pituitary/Tr-pi_0097.jpg
Te-pi_0038.jpg,pituitary,train,train/pituitary/Te-pi_0038.jpg
P_790_RO_.jpg,pituitary,train,train/pituitary/P_790_RO_.jpg
P_780_RO_.jpg,pituitary,train,train/pituitary/P_780_RO_.jpg
P_81_RO_.jpg,pituitary,train,train/pituitary/P_81_RO_.jpg
Tr-pi_0134.jpg,pituitary,train,train/pituitary/Tr-pi_0134.jpg
Tr-pi_0652.jpg,pituitary,train,train/pituitary/Tr-pi_0652.jpg
Tr-pi_0646.jpg,pituitary,train,train/pituitary/Tr-pi_0646.jpg
Tr-pi_0120.jpg,pituitary,train,train/pituitary/Tr-pi_0120.jpg
Tr-pi_0108.jpg,pituitary,train,train/pituitary/Tr-pi_0108.jpg
Tr-pi_1216.jpg,pituitary,train,train/pituitary/Tr-pi_1216.jpg
Tr-pi_1202.jpg,pituitary,train,train/pituitary/Tr-pi_1202.jpg
P_778_HF_.jpg,pituitary,train,train/pituitary/P_778_HF_.jpg
Te-pi_0158.jpg,pituitary,train,train/pituitary/Te-pi_0158.jpg
Tr-pi_0691.jpg,pituitary,train,train/pituitary/Tr-pi_0691.jpg
P_745_VF_.jpg,pituitary,train,train/pituitary/P_745_VF_.jpg
Tr-pi_0849.jpg,pituitary,train,train/pituitary/Tr-pi_0849.jpg
P_79_HF_.jpg,pituitary,train,train/pituitary/P_79_HF_.jpg
Tr-pi_0685.jpg,pituitary,train,train/pituitary/Tr-pi_0685.jpg
P_768_HF_.jpg,pituitary,train,train/pituitary/P_768_HF_.jpg
P_755_VF_.jpg,pituitary,train,train/pituitary/P_755_VF_.jpg
P_706_BR_.jpg,pituitary,train,train/pituitary/P_706_BR_.jpg
Tr-pi_0450.jpg,pituitary,train,train/pituitary/Tr-pi_0450.jpg
P_771.jpg,pituitary,train,train/pituitary/P_771.jpg
Tr-pi_1028.jpg,pituitary,train,train/pituitary/Tr-pi_1028.jpg
Tr-pi_0336.jpg,pituitary,train,train/pituitary/Tr-pi_0336.jpg
Tr-pi_0322.jpg,pituitary,train,train/pituitary/Tr-pi_0322.jpg
P_716_BR_.jpg,pituitary,train,train/pituitary/P_716_BR_.jpg
P_765.jpg,pituitary,train,train/pituitary/P_765.jpg
Tr-pi_0444.jpg,pituitary,train,train/pituitary/Tr-pi_0444.jpg
P_722_DA_.jpg,pituitary,train,train/pituitary/P_722_DA_.jpg
Tr-pi_1014.jpg,pituitary,train,train/pituitary/Tr-pi_1014.jpg
P_830_VF_.jpg,pituitary,train,train/pituitary/P_830_VF_.jpg
P_732_DA_.jpg,pituitary,train,train/pituitary/P_732_DA_.jpg
Tr-pi_1000.jpg,pituitary,train,train/pituitary/Tr-pi_1000.jpg
Tr-pi_0478.jpg,pituitary,train,train/pituitary/Tr-pi_0478.jpg
P_759.jpg,pituitary,train,train/pituitary/P_759.jpg
P_820_VF_.jpg,pituitary,train,train/pituitary/P_820_VF_.jpg
Tr-pi_0493.jpg,pituitary,train,train/pituitary/Tr-pi_0493.jpg
Tr-pi_0487.jpg,pituitary,train,train/pituitary/Tr-pi_0487.jpg
P_752_SP_.jpg,pituitary,train,train/pituitary/P_752_SP_.jpg
Tr-pi_0486.jpg,pituitary,train,train/pituitary/Tr-pi_0486.jpg
P_742_SP_.jpg,pituitary,train,train/pituitary/P_742_SP_.jpg
Tr-pi_0492.jpg,pituitary,train,train/pituitary/Tr-pi_0492.jpg
Tr-pi_1001.jpg,pituitary,train,train/pituitary/Tr-pi_1001.jpg
P_758.jpg,pituitary,train,train/pituitary/P_758.jpg
Tr-pi_0479.jpg,pituitary,train,train/pituitary/Tr-pi_0479.jpg
p (526).jpg,pituitary,train,train/pituitary/p (526).jpg
Tr-pi_1015.jpg,pituitary,train,train/pituitary/Tr-pi_1015.jpg
Tr-pi_0323.jpg,pituitary,train,train/pituitary/Tr-pi_0323.jpg
P_725_HF_.jpg,pituitary,train,train/pituitary/P_725_HF_.jpg
Tr-pi_0445.jpg,pituitary,train,train/pituitary/Tr-pi_0445.jpg
P_718_VF_.jpg,pituitary,train,train/pituitary/P_718_VF_.jpg
P_764.jpg,pituitary,train,train/pituitary/P_764.jpg
P_735_HF_.jpg,pituitary,train,train/pituitary/P_735_HF_.jpg
P_770.jpg,pituitary,train,train/pituitary/P_770.jpg
Tr-pi_0451.jpg,pituitary,train,train/pituitary/Tr-pi_0451.jpg
Tr-pi_0337.jpg,pituitary,train,train/pituitary/Tr-pi_0337.jpg
Tr-pi_1029.jpg,pituitary,train,train/pituitary/Tr-pi_1029.jpg
Te-pi_0171.jpg,pituitary,train,train/pituitary/Te-pi_0171.jpg
P_840_HF_.jpg,pituitary,train,train/pituitary/P_840_HF_.jpg
Tr-pi_0684.jpg,pituitary,train,train/pituitary/Tr-pi_0684.jpg
Te-pi_0159.jpg,pituitary,train,train/pituitary/Te-pi_0159.jpg
Tr-pi_0848.jpg,pituitary,train,train/pituitary/Tr-pi_0848.jpg
Tr-pi_0690.jpg,pituitary,train,train/pituitary/Tr-pi_0690.jpg
P_827_SP_.jpg,pituitary,train,train/pituitary/P_827_SP_.jpg
p (571).jpg,pituitary,train,train/pituitary/p (571).jpg
Tr-pi_1203.jpg,pituitary,train,train/pituitary/Tr-pi_1203.jpg
Tr-pi_1217.jpg,pituitary,train,train/pituitary/Tr-pi_1217.jpg
Tr-pi_0109.jpg,pituitary,train,train/pituitary/Tr-pi_0109.jpg
P_837_SP_.jpg,pituitary,train,train/pituitary/P_837_SP_.jpg
P_716_RO_.jpg,pituitary,train,train/pituitary/P_716_RO_.jpg
Tr-pi_0647.jpg,pituitary,train,train/pituitary/Tr-pi_0647.jpg
Tr-pi_0121.jpg,pituitary,train,train/pituitary/Tr-pi_0121.jpg
P_706_RO_.jpg,pituitary,train,train/pituitary/P_706_RO_.jpg
Tr-pi_0135.jpg,pituitary,train,train/pituitary/Tr-pi_0135.jpg
Tr-pi_0653.jpg,pituitary,train,train/pituitary/Tr-pi_0653.jpg
P_774_RO_.jpg,pituitary,train,train/pituitary/P_774_RO_.jpg
P_789_SP_.jpg,pituitary,train,train/pituitary/P_789_SP_.jpg
P_75_RO_.jpg,pituitary,train,train/pituitary/P_75_RO_.jpg
P_88_SP_.jpg,pituitary,train,train/pituitary/P_88_SP_.jpg
P_799_SP_.jpg,pituitary,train,train/pituitary/P_799_SP_.jpg
P_764_RO_.jpg,pituitary,train,train/pituitary/P_764_RO_.jpg
Te-pi_0039.jpg,pituitary,train,train/pituitary/Te-pi_0039.jpg
Tr-pi_1388.jpg,pituitary,train,train/pituitary/Tr-pi_1388.jpg
Tr-pi_0096.jpg,pituitary,train,train/pituitary/Tr-pi_0096.jpg
Tr-pi_0082.jpg,pituitary,train,train/pituitary/Tr-pi_0082.jpg
P_739_BR_.jpg,pituitary,train,train/pituitary/P_739_BR_.jpg
P_729_BR_.jpg,pituitary,train,train/pituitary/P_729_BR_.jpg
p (567).jpg,pituitary,train,train/pituitary/p (567).jpg
Tr-pi_1405.jpg,pituitary,train,train/pituitary/Tr-pi_1405.jpg
P_832_HF_.jpg,pituitary,train,train/pituitary/P_832_HF_.jpg
Tr-pi_0733.jpg,pituitary,train,train/pituitary/Tr-pi_0733.jpg
Tr-pi_0055.jpg,pituitary,train,train/pituitary/Tr-pi_0055.jpg
P_822_HF_.jpg,pituitary,train,train/pituitary/P_822_HF_.jpg
P_72.jpg,pituitary,train,train/pituitary/P_72.jpg
Tr-pi_0727.jpg,pituitary,train,train/pituitary/Tr-pi_0727.jpg
P_747_HF_.jpg,pituitary,train,train/pituitary/P_747_HF_.jpg
P_780_BR_.jpg,pituitary,train,train/pituitary/P_780_BR_.jpg
Te-pi_0207.jpg,pituitary,train,train/pituitary/Te-pi_0207.jpg
P_837.jpg,pituitary,train,train/pituitary/P_837.jpg
P_81_BR_.jpg,pituitary,train,train/pituitary/P_81_BR_.jpg
P_823.jpg,pituitary,train,train/pituitary/P_823.jpg
P_790_BR_.jpg,pituitary,train,train/pituitary/P_790_BR_.jpg
P_757_HF_.jpg,pituitary,train,train/pituitary/P_757_HF_.jpg
Tr-pi_0294.jpg,pituitary,train,train/pituitary/Tr-pi_0294.jpg
Tr-pi_0280.jpg,pituitary,train,train/pituitary/Tr-pi_0280.jpg
P_730_SP_.jpg,pituitary,train,train/pituitary/P_730_SP_.jpg
Tr-pi_1175.jpg,pituitary,train,train/pituitary/Tr-pi_1175.jpg
p (530).jpg,pituitary,train,train/pituitary/p (530).jpg
Tr-pi_0519.jpg,pituitary,train,train/pituitary/Tr-pi_0519.jpg
P_720_SP_.jpg,pituitary,train,train/pituitary/P_720_SP_.jpg
Tr-pi_1161.jpg,pituitary,train,train/pituitary/Tr-pi_1161.jpg
P_801_RO_.jpg,pituitary,train,train/pituitary/P_801_RO_.jpg
Tr-pi_1149.jpg,pituitary,train,train/pituitary/Tr-pi_1149.jpg
Tr-pi_0257.jpg,pituitary,train,train/pituitary/Tr-pi_0257.jpg
Tr-pi_0531.jpg,pituitary,train,train/pituitary/Tr-pi_0531.jpg
Tr-pi_0525.jpg,pituitary,train,train/pituitary/Tr-pi_0525.jpg
P_811_RO_.jpg,pituitary,train,train/pituitary/P_811_RO_.jpg
Tr-pi_0243.jpg,pituitary,train,train/pituitary/Tr-pi_0243.jpg
P_716_SP_.jpg,pituitary,train,train/pituitary/P_716_SP_.jpg
Tr-pi_0533.jpg,pituitary,train,train/pituitary/Tr-pi_0533.jpg
Tr-pi_0255.jpg,pituitary,train,train/pituitary/Tr-pi_0255.jpg
P_706_SP_.jpg,pituitary,train,train/pituitary/P_706_SP_.jpg
Tr-pi_0241.jpg,pituitary,train,train/pituitary/Tr-pi_0241.jpg
Tr-pi_0527.jpg,pituitary,train,train/pituitary/Tr-pi_0527.jpg
P_827_RO_.jpg,pituitary,train,train/pituitary/P_827_RO_.jpg
Tr-pi_0269.jpg,pituitary,train,train/pituitary/Tr-pi_0269.jpg
Tr-pi_1177.jpg,pituitary,train,train/pituitary/Tr-pi_1177.jpg
Tr-pi_1163.jpg,pituitary,train,train/pituitary/Tr-pi_1163.jpg
P_837_RO_.jpg,pituitary,train,train/pituitary/P_837_RO_.jpg
p (547).jpg,pituitary,train,train/pituitary/p (547).jpg
P_761_HF_.jpg,pituitary,train,train/pituitary/P_761_HF_.jpg
P_809.jpg,pituitary,train,train/pituitary/P_809.jpg
Tr-pi_1188.jpg,pituitary,train,train/pituitary/Tr-pi_1188.jpg
Tr-pi_0296.jpg,pituitary,train,train/pituitary/Tr-pi_0296.jpg
P_771_HF_.jpg,pituitary,train,train/pituitary/P_771_HF_.jpg
Tr-pi_0282.jpg,pituitary,train,train/pituitary/Tr-pi_0282.jpg
P_70_HF_.jpg,pituitary,train,train/pituitary/P_70_HF_.jpg
P_835.jpg,pituitary,train,train/pituitary/P_835.jpg
P_782_DA_.jpg,pituitary,train,train/pituitary/P_782_DA_.jpg
Te-pi_0205.jpg,pituitary,train,train/pituitary/Te-pi_0205.jpg
P_83_DA_.jpg,pituitary,train,train/pituitary/P_83_DA_.jpg
P_792_DA_.jpg,pituitary,train,train/pituitary/P_792_DA_.jpg
P_821.jpg,pituitary,train,train/pituitary/P_821.jpg
Tr-pi_1349.jpg,pituitary,train,train/pituitary/Tr-pi_1349.jpg
Tr-pi_0057.jpg,pituitary,train,train/pituitary/Tr-pi_0057.jpg
Tr-pi_0731.jpg,pituitary,train,train/pituitary/Tr-pi_0731.jpg
Tr-pi_0725.jpg,pituitary,train,train/pituitary/Tr-pi_0725.jpg
P_814_HF_.jpg,pituitary,train,train/pituitary/P_814_HF_.jpg
p (510).jpg,pituitary,train,train/pituitary/p (510).jpg
P_829_VF_.jpg,pituitary,train,train/pituitary/P_829_VF_.jpg
P_804_HF_.jpg,pituitary,train,train/pituitary/P_804_HF_.jpg
Tr-pi_0719.jpg,pituitary,train,train/pituitary/Tr-pi_0719.jpg
P_839_VF_.jpg,pituitary,train,train/pituitary/P_839_VF_.jpg
Tr-pi_1361.jpg,pituitary,train,train/pituitary/Tr-pi_1361.jpg
Tr-pi_0094.jpg,pituitary,train,train/pituitary/Tr-pi_0094.jpg
P_752_RO_.jpg,pituitary,train,train/pituitary/P_752_RO_.jpg
1198.jpg,pituitary,train,train/pituitary/1198.jpg
P_742_RO_.jpg,pituitary,train,train/pituitary/P_742_RO_.jpg
P_801_SP_.jpg,pituitary,train,train/pituitary/P_801_SP_.jpg
Tr-pi_0123.jpg,pituitary,train,train/pituitary/Tr-pi_0123.jpg
Tr-pi_0645.jpg,pituitary,train,train/pituitary/Tr-pi_0645.jpg
Tr-pi_0651.jpg,pituitary,train,train/pituitary/Tr-pi_0651.jpg
P_811_SP_.jpg,pituitary,train,train/pituitary/P_811_SP_.jpg
Tr-pi_0137.jpg,pituitary,train,train/pituitary/Tr-pi_0137.jpg
Te-pi_0198.jpg,pituitary,train,train/pituitary/Te-pi_0198.jpg
Tr-pi_1229.jpg,pituitary,train,train/pituitary/Tr-pi_1229.jpg
P_730_RO_.jpg,pituitary,train,train/pituitary/P_730_RO_.jpg
Tr-pi_1201.jpg,pituitary,train,train/pituitary/Tr-pi_1201.jpg
Tr-pi_0679.jpg,pituitary,train,train/pituitary/Tr-pi_0679.jpg
P_720_RO_.jpg,pituitary,train,train/pituitary/P_720_RO_.jpg
p (506).jpg,pituitary,train,train/pituitary/p (506).jpg
Tr-pi_1215.jpg,pituitary,train,train/pituitary/Tr-pi_1215.jpg
P_759_DA_.jpg,pituitary,train,train/pituitary/P_759_DA_.jpg
Tr-pi_0686.jpg,pituitary,train,train/pituitary/Tr-pi_0686.jpg
Tr-pi_0692.jpg,pituitary,train,train/pituitary/Tr-pi_0692.jpg
P_749_DA_.jpg,pituitary,train,train/pituitary/P_749_DA_.jpg
Te-pi_0173.jpg,pituitary,train,train/pituitary/Te-pi_0173.jpg
P_787_VF_.jpg,pituitary,train,train/pituitary/P_787_VF_.jpg
P_797_VF_.jpg,pituitary,train,train/pituitary/P_797_VF_.jpg
P_766.jpg,pituitary,train,train/pituitary/P_766.jpg
P_808_BR_.jpg,pituitary,train,train/pituitary/P_808_BR_.jpg
Tr-pi_0447.jpg,pituitary,train,train/pituitary/Tr-pi_0447.jpg
Tr-pi_0321.jpg,pituitary,train,train/pituitary/Tr-pi_0321.jpg
Tr-pi_0335.jpg,pituitary,train,train/pituitary/Tr-pi_0335.jpg
P_818_BR_.jpg,pituitary,train,train/pituitary/P_818_BR_.jpg
Tr-pi_0453.jpg,pituitary,train,train/pituitary/Tr-pi_0453.jpg
P_772.jpg,pituitary,train,train/pituitary/P_772.jpg
p (551).jpg,pituitary,train,train/pituitary/p (551).jpg
Tr-pi_1003.jpg,pituitary,train,train/pituitary/Tr-pi_1003.jpg
Tr-pi_1017.jpg,pituitary,train,train/pituitary/Tr-pi_1017.jpg
Tr-pi_0309.jpg,pituitary,train,train/pituitary/Tr-pi_0309.jpg
P_713_HF_.jpg,pituitary,train,train/pituitary/P_713_HF_.jpg
Tr-pi_0484.jpg,pituitary,train,train/pituitary/Tr-pi_0484.jpg
Tr-pi_0490.jpg,pituitary,train,train/pituitary/Tr-pi_0490.jpg
P_774_SP_.jpg,pituitary,train,train/pituitary/P_774_SP_.jpg
P_799.jpg,pituitary,train,train/pituitary/P_799.jpg
P_789_RO_.jpg,pituitary,train,train/pituitary/P_789_RO_.jpg
P_75_SP_.jpg,pituitary,train,train/pituitary/P_75_SP_.jpg
P_88_RO_.jpg,pituitary,train,train/pituitary/P_88_RO_.jpg
P_799_RO_.jpg,pituitary,train,train/pituitary/P_799_RO_.jpg
P_764_SP_.jpg,pituitary,train,train/pituitary/P_764_SP_.jpg
P_790_SP_.jpg,pituitary,train,train/pituitary/P_790_SP_.jpg
P_798.jpg,pituitary,train,train/pituitary/P_798.jpg
P_780_SP_.jpg,pituitary,train,train/pituitary/P_780_SP_.jpg
P_81_SP_.jpg,pituitary,train,train/pituitary/P_81_SP_.jpg
Tr-pi_0491.jpg,pituitary,train,train/pituitary/Tr-pi_0491.jpg
Tr-pi_0485.jpg,pituitary,train,train/pituitary/Tr-pi_0485.jpg
Tr-pi_0308.jpg,pituitary,train,train/pituitary/Tr-pi_0308.jpg
P_720_BR_.jpg,pituitary,train,train/pituitary/P_720_BR_.jpg
Tr-pi_1016.jpg,pituitary,train,train/pituitary/Tr-pi_1016.jpg
P_730_BR_.jpg,pituitary,train,train/pituitary/P_730_BR_.jpg
Tr-pi_1002.jpg,pituitary,train,train/pituitary/Tr-pi_1002.jpg
Tr-pi_0334.jpg,pituitary,train,train/pituitary/Tr-pi_0334.jpg
p (603).jpg,pituitary,train,train/pituitary/p (603).jpg
P_773.jpg,pituitary,train,train/pituitary/P_773.jpg
P_816_VF_.jpg,pituitary,train,train/pituitary/P_816_VF_.jpg
Tr-pi_0452.jpg,pituitary,train,train/pituitary/Tr-pi_0452.jpg
Tr-pi_0446.jpg,pituitary,train,train/pituitary/Tr-pi_0446.jpg
P_714_DA_.jpg,pituitary,train,train/pituitary/P_714_DA_.jpg
P_767.jpg,pituitary,train,train/pituitary/P_767.jpg
P_806_VF_.jpg,pituitary,train,train/pituitary/P_806_VF_.jpg
Tr-pi_0320.jpg,pituitary,train,train/pituitary/Tr-pi_0320.jpg
P_799_BR_.jpg,pituitary,train,train/pituitary/P_799_BR_.jpg
P_763_VF_.jpg,pituitary,train,train/pituitary/P_763_VF_.jpg
P_72_VF_.jpg,pituitary,train,train/pituitary/P_72_VF_.jpg
Te-pi_0172.jpg,pituitary,train,train/pituitary/Te-pi_0172.jpg
P_789_BR_.jpg,pituitary,train,train/pituitary/P_789_BR_.jpg
P_773_VF_.jpg,pituitary,train,train/pituitary/P_773_VF_.jpg
Tr-pi_0693.jpg,pituitary,train,train/pituitary/Tr-pi_0693.jpg
p (592).jpg,pituitary,train,train/pituitary/p (592).jpg
Tr-pi_0687.jpg,pituitary,train,train/pituitary/Tr-pi_0687.jpg
P_729_SP_.jpg,pituitary,train,train/pituitary/P_729_SP_.jpg
Tr-pi_1214.jpg,pituitary,train,train/pituitary/Tr-pi_1214.jpg
P_739_SP_.jpg,pituitary,train,train/pituitary/P_739_SP_.jpg
Tr-pi_1200.jpg,pituitary,train,train/pituitary/Tr-pi_1200.jpg
Tr-pi_0678.jpg,pituitary,train,train/pituitary/Tr-pi_0678.jpg
Tr-pi_0650.jpg,pituitary,train,train/pituitary/Tr-pi_0650.jpg
P_818_RO_.jpg,pituitary,train,train/pituitary/P_818_RO_.jpg
Te-pi_0199.jpg,pituitary,train,train/pituitary/Te-pi_0199.jpg
Tr-pi_1228.jpg,pituitary,train,train/pituitary/Tr-pi_1228.jpg
Tr-pi_0136.jpg,pituitary,train,train/pituitary/Tr-pi_0136.jpg
Tr-pi_0122.jpg,pituitary,train,train/pituitary/Tr-pi_0122.jpg
P_808_RO_.jpg,pituitary,train,train/pituitary/P_808_RO_.jpg
Tr-pi_0644.jpg,pituitary,train,train/pituitary/Tr-pi_0644.jpg
Tr-pi_0081.jpg,pituitary,train,train/pituitary/Tr-pi_0081.jpg
Tr-pi_0095.jpg,pituitary,train,train/pituitary/Tr-pi_0095.jpg
1199.jpg,pituitary,train,train/pituitary/1199.jpg
P_837_BR_.jpg,pituitary,train,train/pituitary/P_837_BR_.jpg
Tr-pi_1406.jpg,pituitary,train,train/pituitary/Tr-pi_1406.jpg
Tr-pi_0718.jpg,pituitary,train,train/pituitary/Tr-pi_0718.jpg
Tr-pi_1360.jpg,pituitary,train,train/pituitary/Tr-pi_1360.jpg
Tr-pi_1374.jpg,pituitary,train,train/pituitary/Tr-pi_1374.jpg
P_827_BR_.jpg,pituitary,train,train/pituitary/P_827_BR_.jpg
Tr-pi_0724.jpg,pituitary,train,train/pituitary/Tr-pi_0724.jpg
P_813_DA_.jpg,pituitary,train,train/pituitary/P_813_DA_.jpg
P_71.jpg,pituitary,train,train/pituitary/P_71.jpg
Tr-pi_0056.jpg,pituitary,train,train/pituitary/Tr-pi_0056.jpg
P_803_DA_.jpg,pituitary,train,train/pituitary/P_803_DA_.jpg
P_711_VF_.jpg,pituitary,train,train/pituitary/P_711_VF_.jpg
Tr-pi_0730.jpg,pituitary,train,train/pituitary/Tr-pi_0730.jpg
P_766_DA_.jpg,pituitary,train,train/pituitary/P_766_DA_.jpg
P_820.jpg,pituitary,train,train/pituitary/P_820.jpg
P_776_DA_.jpg,pituitary,train,train/pituitary/P_776_DA_.jpg
P_834.jpg,pituitary,train,train/pituitary/P_834.jpg
p (496).jpg,pituitary,train,train/pituitary/p (496).jpg
P_77_DA_.jpg,pituitary,train,train/pituitary/P_77_DA_.jpg
Te-pi_0204.jpg,pituitary,train,train/pituitary/Te-pi_0204.jpg
P_742_BR_.jpg,pituitary,train,train/pituitary/P_742_BR_.jpg
P_785_HF_.jpg,pituitary,train,train/pituitary/P_785_HF_.jpg
Tr-pi_0283.jpg,pituitary,train,train/pituitary/Tr-pi_0283.jpg
P_808.jpg,pituitary,train,train/pituitary/P_808.jpg
P_795_HF_.jpg,pituitary,train,train/pituitary/P_795_HF_.jpg
P_752_BR_.jpg,pituitary,train,train/pituitary/P_752_BR_.jpg
Tr-pi_0297.jpg,pituitary,train,train/pituitary/Tr-pi_0297.jpg
Tr-pi_1189.jpg,pituitary,train,train/pituitary/Tr-pi_1189.jpg
Tr-pi_1162.jpg,pituitary,train,train/pituitary/Tr-pi_1162.jpg
Tr-pi_1176.jpg,pituitary,train,train/pituitary/Tr-pi_1176.jpg
Tr-pi_0268.jpg,pituitary,train,train/pituitary/Tr-pi_0268.jpg
Tr-pi_0240.jpg,pituitary,train,train/pituitary/Tr-pi_0240.jpg
Tr-pi_0526.jpg,pituitary,train,train/pituitary/Tr-pi_0526.jpg
Tr-pi_0532.jpg,pituitary,train,train/pituitary/Tr-pi_0532.jpg
Tr-pi_0254.jpg,pituitary,train,train/pituitary/Tr-pi_0254.jpg
P_838_VF_.jpg,pituitary,train,train/pituitary/P_838_VF_.jpg
Tr-pi_1172.jpg,pituitary,train,train/pituitary/Tr-pi_1172.jpg
P_805_HF_.jpg,pituitary,train,train/pituitary/P_805_HF_.jpg
P_828_VF_.jpg,pituitary,train,train/pituitary/P_828_VF_.jpg
Tr-pi_0278.jpg,pituitary,train,train/pituitary/Tr-pi_0278.jpg
Tr-pi_1166.jpg,pituitary,train,train/pituitary/Tr-pi_1166.jpg
P_815_HF_.jpg,pituitary,train,train/pituitary/P_815_HF_.jpg
Tr-pi_0250.jpg,pituitary,train,train/pituitary/Tr-pi_0250.jpg
Tr-pi_0536.jpg,pituitary,train,train/pituitary/Tr-pi_0536.jpg
Tr-pi_0522.jpg,pituitary,train,train/pituitary/Tr-pi_0522.jpg
Tr-pi_0244.jpg,pituitary,train,train/pituitary/Tr-pi_0244.jpg
Te-pi_0200.jpg,pituitary,train,train/pituitary/Te-pi_0200.jpg
P_830.jpg,pituitary,train,train/pituitary/P_830.jpg
P_824.jpg,pituitary,train,train/pituitary/P_824.jpg
p (497).jpg,pituitary,train,train/pituitary/p (497).jpg
Tr-pi_0293.jpg,pituitary,train,train/pituitary/Tr-pi_0293.jpg
P_743_RO_.jpg,pituitary,train,train/pituitary/P_743_RO_.jpg
P_818.jpg,pituitary,train,train/pituitary/P_818.jpg
Tr-pi_1199.jpg,pituitary,train,train/pituitary/Tr-pi_1199.jpg
Tr-pi_0287.jpg,pituitary,train,train/pituitary/Tr-pi_0287.jpg
P_753_RO_.jpg,pituitary,train,train/pituitary/P_753_RO_.jpg
Tr-pi_0708.jpg,pituitary,train,train/pituitary/Tr-pi_0708.jpg
Tr-pi_1370.jpg,pituitary,train,train/pituitary/Tr-pi_1370.jpg
P_836_RO_.jpg,pituitary,train,train/pituitary/P_836_RO_.jpg
Tr-pi_1364.jpg,pituitary,train,train/pituitary/Tr-pi_1364.jpg
Tr-pi_1402.jpg,pituitary,train,train/pituitary/Tr-pi_1402.jpg
P_826_RO_.jpg,pituitary,train,train/pituitary/P_826_RO_.jpg
Tr-pi_0734.jpg,pituitary,train,train/pituitary/Tr-pi_0734.jpg
Tr-pi_0052.jpg,pituitary,train,train/pituitary/Tr-pi_0052.jpg
Tr-pi_1358.jpg,pituitary,train,train/pituitary/Tr-pi_1358.jpg
P_75.jpg,pituitary,train,train/pituitary/P_75.jpg
Tr-pi_0720.jpg,pituitary,train,train/pituitary/Tr-pi_0720.jpg
P_717_SP_.jpg,pituitary,train,train/pituitary/P_717_SP_.jpg
P_793_DA_.jpg,pituitary,train,train/pituitary/P_793_DA_.jpg
Te-pi_0016.jpg,pituitary,train,train/pituitary/Te-pi_0016.jpg
P_82_DA_.jpg,pituitary,train,train/pituitary/P_82_DA_.jpg
P_783_DA_.jpg,pituitary,train,train/pituitary/P_783_DA_.jpg
P_71_HF_.jpg,pituitary,train,train/pituitary/P_71_HF_.jpg
P_770_HF_.jpg,pituitary,train,train/pituitary/P_770_HF_.jpg
Tr-pi_0091.jpg,pituitary,train,train/pituitary/Tr-pi_0091.jpg
Tr-pi_0085.jpg,pituitary,train,train/pituitary/Tr-pi_0085.jpg
1189.jpg,pituitary,train,train/pituitary/1189.jpg
P_760_HF_.jpg,pituitary,train,train/pituitary/P_760_HF_.jpg
Tr-pi_1204.jpg,pituitary,train,train/pituitary/Tr-pi_1204.jpg
P_712_HF_.jpg,pituitary,train,train/pituitary/P_712_HF_.jpg
Tr-pi_1210.jpg,pituitary,train,train/pituitary/Tr-pi_1210.jpg
Tr-pi_0668.jpg,pituitary,train,train/pituitary/Tr-pi_0668.jpg
Tr-pi_0640.jpg,pituitary,train,train/pituitary/Tr-pi_0640.jpg
P_819_BR_.jpg,pituitary,train,train/pituitary/P_819_BR_.jpg
Te-pi_0189.jpg,pituitary,train,train/pituitary/Te-pi_0189.jpg
Tr-pi_1238.jpg,pituitary,train,train/pituitary/Tr-pi_1238.jpg
Tr-pi_0132.jpg,pituitary,train,train/pituitary/Tr-pi_0132.jpg
P_809_BR_.jpg,pituitary,train,train/pituitary/P_809_BR_.jpg
Tr-pi_0654.jpg,pituitary,train,train/pituitary/Tr-pi_0654.jpg
P_798_RO_.jpg,pituitary,train,train/pituitary/P_798_RO_.jpg
Te-pi_0176.jpg,pituitary,train,train/pituitary/Te-pi_0176.jpg
P_765_SP_.jpg,pituitary,train,train/pituitary/P_765_SP_.jpg
P_74_SP_.jpg,pituitary,train,train/pituitary/P_74_SP_.jpg
P_775_SP_.jpg,pituitary,train,train/pituitary/P_775_SP_.jpg
P_788_RO_.jpg,pituitary,train,train/pituitary/P_788_RO_.jpg
Tr-pi_0683.jpg,pituitary,train,train/pituitary/Tr-pi_0683.jpg
p (593).jpg,pituitary,train,train/pituitary/p (593).jpg
P_844_RO_.jpg,pituitary,train,train/pituitary/P_844_RO_.jpg
Tr-pi_0697.jpg,pituitary,train,train/pituitary/Tr-pi_0697.jpg
Tr-pi_1006.jpg,pituitary,train,train/pituitary/Tr-pi_1006.jpg
Tr-pi_0318.jpg,pituitary,train,train/pituitary/Tr-pi_0318.jpg
P_721_RO_.jpg,pituitary,train,train/pituitary/P_721_RO_.jpg
1200.jpg,pituitary,train,train/pituitary/1200.jpg
Tr-pi_1012.jpg,pituitary,train,train/pituitary/Tr-pi_1012.jpg
P_731_RO_.jpg,pituitary,train,train/pituitary/P_731_RO_.jpg
p (602).jpg,pituitary,train,train/pituitary/p (602).jpg
Tr-pi_0324.jpg,pituitary,train,train/pituitary/Tr-pi_0324.jpg
P_763.jpg,pituitary,train,train/pituitary/P_763.jpg
Tr-pi_0442.jpg,pituitary,train,train/pituitary/Tr-pi_0442.jpg
P_810_SP_.jpg,pituitary,train,train/pituitary/P_810_SP_.jpg
Tr-pi_0456.jpg,pituitary,train,train/pituitary/Tr-pi_0456.jpg
P_777.jpg,pituitary,train,train/pituitary/P_777.jpg
P_800_SP_.jpg,pituitary,train,train/pituitary/P_800_SP_.jpg
Tr-pi_0330.jpg,pituitary,train,train/pituitary/Tr-pi_0330.jpg
P_796_VF_.jpg,pituitary,train,train/pituitary/P_796_VF_.jpg
p (481).jpg,pituitary,train,train/pituitary/p (481).jpg
P_786_VF_.jpg,pituitary,train,train/pituitary/P_786_VF_.jpg
P_788.jpg,pituitary,train,train/pituitary/P_788.jpg
P_748_DA_.jpg,pituitary,train,train/pituitary/P_748_DA_.jpg
Tr-pi_0481.jpg,pituitary,train,train/pituitary/Tr-pi_0481.jpg
Tr-pi_0495.jpg,pituitary,train,train/pituitary/Tr-pi_0495.jpg
P_758_DA_.jpg,pituitary,train,train/pituitary/P_758_DA_.jpg
Tr-pi_0494.jpg,pituitary,train,train/pituitary/Tr-pi_0494.jpg
P_844_BR_.jpg,pituitary,train,train/pituitary/P_844_BR_.jpg
Tr-pi_0480.jpg,pituitary,train,train/pituitary/Tr-pi_0480.jpg
P_789.jpg,pituitary,train,train/pituitary/P_789.jpg
P_772_VF_.jpg,pituitary,train,train/pituitary/P_772_VF_.jpg
P_73_VF_.jpg,pituitary,train,train/pituitary/P_73_VF_.jpg
P_788_BR_.jpg,pituitary,train,train/pituitary/P_788_BR_.jpg
P_762_VF_.jpg,pituitary,train,train/pituitary/P_762_VF_.jpg
P_798_BR_.jpg,pituitary,train,train/pituitary/P_798_BR_.jpg
P_776.jpg,pituitary,train,train/pituitary/P_776.jpg
Tr-pi_0457.jpg,pituitary,train,train/pituitary/Tr-pi_0457.jpg
P_809_RO_.jpg,pituitary,train,train/pituitary/P_809_RO_.jpg
Tr-pi_0331.jpg,pituitary,train,train/pituitary/Tr-pi_0331.jpg
Tr-pi_0325.jpg,pituitary,train,train/pituitary/Tr-pi_0325.jpg
Tr-pi_0443.jpg,pituitary,train,train/pituitary/Tr-pi_0443.jpg
P_819_RO_.jpg,pituitary,train,train/pituitary/P_819_RO_.jpg
P_762.jpg,pituitary,train,train/pituitary/P_762.jpg
p (550).jpg,pituitary,train,train/pituitary/p (550).jpg
P_738_SP_.jpg,pituitary,train,train/pituitary/P_738_SP_.jpg
Tr-pi_1013.jpg,pituitary,train,train/pituitary/Tr-pi_1013.jpg
Tr-pi_0319.jpg,pituitary,train,train/pituitary/Tr-pi_0319.jpg
Tr-pi_1007.jpg,pituitary,train,train/pituitary/Tr-pi_1007.jpg
P_728_SP_.jpg,pituitary,train,train/pituitary/P_728_SP_.jpg
Tr-pi_0696.jpg,pituitary,train,train/pituitary/Tr-pi_0696.jpg
Tr-pi_0682.jpg,pituitary,train,train/pituitary/Tr-pi_0682.jpg
P_80_SP_.jpg,pituitary,train,train/pituitary/P_80_SP_.jpg
P_781_SP_.jpg,pituitary,train,train/pituitary/P_781_SP_.jpg
P_791_SP_.jpg,pituitary,train,train/pituitary/P_791_SP_.jpg
Te-pi_0177.jpg,pituitary,train,train/pituitary/Te-pi_0177.jpg
P_807_VF_.jpg,pituitary,train,train/pituitary/P_807_VF_.jpg
Tr-pi_0133.jpg,pituitary,train,train/pituitary/Tr-pi_0133.jpg
Tr-pi_0655.jpg,pituitary,train,train/pituitary/Tr-pi_0655.jpg
P_715_DA_.jpg,pituitary,train,train/pituitary/P_715_DA_.jpg
Tr-pi_0641.jpg,pituitary,train,train/pituitary/Tr-pi_0641.jpg
P_817_VF_.jpg,pituitary,train,train/pituitary/P_817_VF_.jpg
Te-pi_0188.jpg,pituitary,train,train/pituitary/Te-pi_0188.jpg
Tr-pi_1239.jpg,pituitary,train,train/pituitary/Tr-pi_1239.jpg
P_705_DA_.jpg,pituitary,train,train/pituitary/P_705_DA_.jpg
Tr-pi_0127.jpg,pituitary,train,train/pituitary/Tr-pi_0127.jpg
Tr-pi_1211.jpg,pituitary,train,train/pituitary/Tr-pi_1211.jpg
P_731_BR_.jpg,pituitary,train,train/pituitary/P_731_BR_.jpg
Tr-pi_0669.jpg,pituitary,train,train/pituitary/Tr-pi_0669.jpg
p (507).jpg,pituitary,train,train/pituitary/p (507).jpg
Tr-pi_1205.jpg,pituitary,train,train/pituitary/Tr-pi_1205.jpg
P_721_BR_.jpg,pituitary,train,train/pituitary/P_721_BR_.jpg
Tr-pi_0084.jpg,pituitary,train,train/pituitary/Tr-pi_0084.jpg
P_794_HF_.jpg,pituitary,train,train/pituitary/P_794_HF_.jpg
1188.jpg,pituitary,train,train/pituitary/1188.jpg
P_753_BR_.jpg,pituitary,train,train/pituitary/P_753_BR_.jpg
P_743_BR_.jpg,pituitary,train,train/pituitary/P_743_BR_.jpg
Tr-pi_0090.jpg,pituitary,train,train/pituitary/Tr-pi_0090.jpg
P_784_HF_.jpg,pituitary,train,train/pituitary/P_784_HF_.jpg
P_76_DA_.jpg,pituitary,train,train/pituitary/P_76_DA_.jpg
Te-pi_0017.jpg,pituitary,train,train/pituitary/Te-pi_0017.jpg
P_777_DA_.jpg,pituitary,train,train/pituitary/P_777_DA_.jpg
P_767_DA_.jpg,pituitary,train,train/pituitary/P_767_DA_.jpg
P_74.jpg,pituitary,train,train/pituitary/P_74.jpg
Tr-pi_1359.jpg,pituitary,train,train/pituitary/Tr-pi_1359.jpg
Tr-pi_0721.jpg,pituitary,train,train/pituitary/Tr-pi_0721.jpg
Tr-pi_0735.jpg,pituitary,train,train/pituitary/Tr-pi_0735.jpg
Tr-pi_0053.jpg,pituitary,train,train/pituitary/Tr-pi_0053.jpg
Tr-pi_1365.jpg,pituitary,train,train/pituitary/Tr-pi_1365.jpg
p (511).jpg,pituitary,train,train/pituitary/p (511).jpg
Tr-pi_1403.jpg,pituitary,train,train/pituitary/Tr-pi_1403.jpg
Tr-pi_0709.jpg,pituitary,train,train/pituitary/Tr-pi_0709.jpg
Tr-pi_1371.jpg,pituitary,train,train/pituitary/Tr-pi_1371.jpg
P_819.jpg,pituitary,train,train/pituitary/P_819.jpg
Tr-pi_0286.jpg,pituitary,train,train/pituitary/Tr-pi_0286.jpg
Tr-pi_1198.jpg,pituitary,train,train/pituitary/Tr-pi_1198.jpg
Tr-pi_0292.jpg,pituitary,train,train/pituitary/Tr-pi_0292.jpg
P_825.jpg,pituitary,train,train/pituitary/P_825.jpg
Te-pi_0201.jpg,pituitary,train,train/pituitary/Te-pi_0201.jpg
P_831.jpg,pituitary,train,train/pituitary/P_831.jpg
Tr-pi_0523.jpg,pituitary,train,train/pituitary/Tr-pi_0523.jpg
P_710_VF_.jpg,pituitary,train,train/pituitary/P_710_VF_.jpg
P_802_DA_.jpg,pituitary,train,train/pituitary/P_802_DA_.jpg
Tr-pi_0245.jpg,pituitary,train,train/pituitary/Tr-pi_0245.jpg
Tr-pi_0251.jpg,pituitary,train,train/pituitary/Tr-pi_0251.jpg
Tr-pi_0537.jpg,pituitary,train,train/pituitary/Tr-pi_0537.jpg
P_812_DA_.jpg,pituitary,train,train/pituitary/P_812_DA_.jpg
Tr-pi_1167.jpg,pituitary,train,train/pituitary/Tr-pi_1167.jpg
P_826_BR_.jpg,pituitary,train,train/pituitary/P_826_BR_.jpg
Tr-pi_0279.jpg,pituitary,train,train/pituitary/Tr-pi_0279.jpg
Tr-pi_1173.jpg,pituitary,train,train/pituitary/Tr-pi_1173.jpg
p (546).jpg,pituitary,train,train/pituitary/p (546).jpg
P_836_BR_.jpg,pituitary,train,train/pituitary/P_836_BR_.jpg
P_736_VF_.jpg,pituitary,train,train/pituitary/P_736_VF_.jpg
Tr-pi_1165.jpg,pituitary,train,train/pituitary/Tr-pi_1165.jpg
p (531).jpg,pituitary,train,train/pituitary/p (531).jpg
P_824_DA_.jpg,pituitary,train,train/pituitary/P_824_DA_.jpg
Tr-pi_0509.jpg,pituitary,train,train/pituitary/Tr-pi_0509.jpg
P_726_VF_.jpg,pituitary,train,train/pituitary/P_726_VF_.jpg
P_834_DA_.jpg,pituitary,train,train/pituitary/P_834_DA_.jpg
Tr-pi_1171.jpg,pituitary,train,train/pituitary/Tr-pi_1171.jpg
Tr-pi_0247.jpg,pituitary,train,train/pituitary/Tr-pi_0247.jpg
Tr-pi_1159.jpg,pituitary,train,train/pituitary/Tr-pi_1159.jpg
P_800_BR_.jpg,pituitary,train,train/pituitary/P_800_BR_.jpg
Tr-pi_0521.jpg,pituitary,train,train/pituitary/Tr-pi_0521.jpg
Tr-pi_0535.jpg,pituitary,train,train/pituitary/Tr-pi_0535.jpg
Tr-pi_0253.jpg,pituitary,train,train/pituitary/Tr-pi_0253.jpg
P_810_BR_.jpg,pituitary,train,train/pituitary/P_810_BR_.jpg
P_80_RO_.jpg,pituitary,train,train/pituitary/P_80_RO_.jpg
P_781_RO_.jpg,pituitary,train,train/pituitary/P_781_RO_.jpg
P_827.jpg,pituitary,train,train/pituitary/P_827.jpg
P_833.jpg,pituitary,train,train/pituitary/P_833.jpg
Te-pi_0203.jpg,pituitary,train,train/pituitary/Te-pi_0203.jpg
P_791_RO_.jpg,pituitary,train,train/pituitary/P_791_RO_.jpg
Tr-pi_0284.jpg,pituitary,train,train/pituitary/Tr-pi_0284.jpg
Tr-pi_0290.jpg,pituitary,train,train/pituitary/Tr-pi_0290.jpg
Tr-pi_1401.jpg,pituitary,train,train/pituitary/Tr-pi_1401.jpg
P_738_RO_.jpg,pituitary,train,train/pituitary/P_738_RO_.jpg
Tr-pi_1373.jpg,pituitary,train,train/pituitary/Tr-pi_1373.jpg
p (566).jpg,pituitary,train,train/pituitary/p (566).jpg
P_728_RO_.jpg,pituitary,train,train/pituitary/P_728_RO_.jpg
Tr-pi_0723.jpg,pituitary,train,train/pituitary/Tr-pi_0723.jpg
P_809_SP_.jpg,pituitary,train,train/pituitary/P_809_SP_.jpg
P_76.jpg,pituitary,train,train/pituitary/P_76.jpg
Tr-pi_0051.jpg,pituitary,train,train/pituitary/Tr-pi_0051.jpg
Tr-pi_0737.jpg,pituitary,train,train/pituitary/Tr-pi_0737.jpg
P_819_SP_.jpg,pituitary,train,train/pituitary/P_819_SP_.jpg
P_74_BR_.jpg,pituitary,train,train/pituitary/P_74_BR_.jpg
P_775_BR_.jpg,pituitary,train,train/pituitary/P_775_BR_.jpg
Te-pi_0015.jpg,pituitary,train,train/pituitary/Te-pi_0015.jpg
P_765_BR_.jpg,pituitary,train,train/pituitary/P_765_BR_.jpg
P_843_VF_.jpg,pituitary,train,train/pituitary/P_843_VF_.jpg
P_751_DA_.jpg,pituitary,train,train/pituitary/P_751_DA_.jpg
Tr-pi_0086.jpg,pituitary,train,train/pituitary/Tr-pi_0086.jpg
Te-pi_0029.jpg,pituitary,train,train/pituitary/Te-pi_0029.jpg
Tr-pi_0092.jpg,pituitary,train,train/pituitary/Tr-pi_0092.jpg
P_741_DA_.jpg,pituitary,train,train/pituitary/P_741_DA_.jpg
P_821_VF_.jpg,pituitary,train,train/pituitary/P_821_VF_.jpg
P_733_DA_.jpg,pituitary,train,train/pituitary/P_733_DA_.jpg
p (570).jpg,pituitary,train,train/pituitary/p (570).jpg
Tr-pi_1213.jpg,pituitary,train,train/pituitary/Tr-pi_1213.jpg
P_831_VF_.jpg,pituitary,train,train/pituitary/P_831_VF_.jpg
Tr-pi_0119.jpg,pituitary,train,train/pituitary/Tr-pi_0119.jpg
Tr-pi_1207.jpg,pituitary,train,train/pituitary/Tr-pi_1207.jpg
P_723_DA_.jpg,pituitary,train,train/pituitary/P_723_DA_.jpg
Tr-pi_0657.jpg,pituitary,train,train/pituitary/Tr-pi_0657.jpg
Tr-pi_0131.jpg,pituitary,train,train/pituitary/Tr-pi_0131.jpg
P_717_BR_.jpg,pituitary,train,train/pituitary/P_717_BR_.jpg
Tr-pi_0125.jpg,pituitary,train,train/pituitary/Tr-pi_0125.jpg
P_707_BR_.jpg,pituitary,train,train/pituitary/P_707_BR_.jpg
Tr-pi_0643.jpg,pituitary,train,train/pituitary/Tr-pi_0643.jpg
Te-pi_0161.jpg,pituitary,train,train/pituitary/Te-pi_0161.jpg
Te-pi_0175.jpg,pituitary,train,train/pituitary/Te-pi_0175.jpg
Tr-pi_0694.jpg,pituitary,train,train/pituitary/Tr-pi_0694.jpg
Te-pi_0149.jpg,pituitary,train,train/pituitary/Te-pi_0149.jpg
Tr-pi_0680.jpg,pituitary,train,train/pituitary/Tr-pi_0680.jpg
Tr-pi_1011.jpg,pituitary,train,train/pituitary/Tr-pi_1011.jpg
P_748.jpg,pituitary,train,train/pituitary/P_748.jpg
Tr-pi_0469.jpg,pituitary,train,train/pituitary/Tr-pi_0469.jpg
p (527).jpg,pituitary,train,train/pituitary/p (527).jpg
Tr-pi_1005.jpg,pituitary,train,train/pituitary/Tr-pi_1005.jpg
Tr-pi_0333.jpg,pituitary,train,train/pituitary/Tr-pi_0333.jpg
Tr-pi_0455.jpg,pituitary,train,train/pituitary/Tr-pi_0455.jpg
P_774.jpg,pituitary,train,train/pituitary/P_774.jpg
P_760.jpg,pituitary,train,train/pituitary/P_760.jpg
Tr-pi_0441.jpg,pituitary,train,train/pituitary/Tr-pi_0441.jpg
Tr-pi_1039.jpg,pituitary,train,train/pituitary/Tr-pi_1039.jpg
Tr-pi_0327.jpg,pituitary,train,train/pituitary/Tr-pi_0327.jpg
P_754_VF_.jpg,pituitary,train,train/pituitary/P_754_VF_.jpg
P_769_HF_.jpg,pituitary,train,train/pituitary/P_769_HF_.jpg
Tr-pi_0496.jpg,pituitary,train,train/pituitary/Tr-pi_0496.jpg
P_78_HF_.jpg,pituitary,train,train/pituitary/P_78_HF_.jpg
Tr-pi_0482.jpg,pituitary,train,train/pituitary/Tr-pi_0482.jpg
P_744_VF_.jpg,pituitary,train,train/pituitary/P_744_VF_.jpg
P_779_HF_.jpg,pituitary,train,train/pituitary/P_779_HF_.jpg
Tr-pi_0483.jpg,pituitary,train,train/pituitary/Tr-pi_0483.jpg
Tr-pi_0497.jpg,pituitary,train,train/pituitary/Tr-pi_0497.jpg
P_841_HF_.jpg,pituitary,train,train/pituitary/P_841_HF_.jpg
Tr-pi_0440.jpg,pituitary,train,train/pituitary/Tr-pi_0440.jpg
P_761.jpg,pituitary,train,train/pituitary/P_761.jpg
Tr-pi_0326.jpg,pituitary,train,train/pituitary/Tr-pi_0326.jpg
Tr-pi_0332.jpg,pituitary,train,train/pituitary/Tr-pi_0332.jpg
P_775.jpg,pituitary,train,train/pituitary/P_775.jpg
Tr-pi_0454.jpg,pituitary,train,train/pituitary/Tr-pi_0454.jpg
P_717_RO_.jpg,pituitary,train,train/pituitary/P_717_RO_.jpg
P_836_SP_.jpg,pituitary,train,train/pituitary/P_836_SP_.jpg
Tr-pi_1004.jpg,pituitary,train,train/pituitary/Tr-pi_1004.jpg
Tr-pi_1010.jpg,pituitary,train,train/pituitary/Tr-pi_1010.jpg
Tr-pi_0468.jpg,pituitary,train,train/pituitary/Tr-pi_0468.jpg
P_826_SP_.jpg,pituitary,train,train/pituitary/P_826_SP_.jpg
P_749.jpg,pituitary,train,train/pituitary/P_749.jpg
Te-pi_0148.jpg,pituitary,train,train/pituitary/Te-pi_0148.jpg
Tr-pi_0681.jpg,pituitary,train,train/pituitary/Tr-pi_0681.jpg
P_743_SP_.jpg,pituitary,train,train/pituitary/P_743_SP_.jpg
Tr-pi_0695.jpg,pituitary,train,train/pituitary/Tr-pi_0695.jpg
P_753_SP_.jpg,pituitary,train,train/pituitary/P_753_SP_.jpg
Te-pi_0174.jpg,pituitary,train,train/pituitary/Te-pi_0174.jpg
Te-pi_0160.jpg,pituitary,train,train/pituitary/Te-pi_0160.jpg
Tr-pi_0124.jpg,pituitary,train,train/pituitary/Tr-pi_0124.jpg
P_734_HF_.jpg,pituitary,train,train/pituitary/P_734_HF_.jpg
Tr-pi_0642.jpg,pituitary,train,train/pituitary/Tr-pi_0642.jpg
Tr-pi_0656.jpg,pituitary,train,train/pituitary/Tr-pi_0656.jpg
P_719_VF_.jpg,pituitary,train,train/pituitary/P_719_VF_.jpg
P_724_HF_.jpg,pituitary,train,train/pituitary/P_724_HF_.jpg
Tr-pi_0130.jpg,pituitary,train,train/pituitary/Tr-pi_0130.jpg
Tr-pi_1206.jpg,pituitary,train,train/pituitary/Tr-pi_1206.jpg
Tr-pi_0118.jpg,pituitary,train,train/pituitary/Tr-pi_0118.jpg
Tr-pi_1212.jpg,pituitary,train,train/pituitary/Tr-pi_1212.jpg
P_7_HF_.jpg,pituitary,train,train/pituitary/P_7_HF_.jpg
Tr-pi_0093.jpg,pituitary,train,train/pituitary/Tr-pi_0093.jpg
Te-pi_0028.jpg,pituitary,train,train/pituitary/Te-pi_0028.jpg
Tr-pi_1399.jpg,pituitary,train,train/pituitary/Tr-pi_1399.jpg
Tr-pi_0087.jpg,pituitary,train,train/pituitary/Tr-pi_0087.jpg
P_791_BR_.jpg,pituitary,train,train/pituitary/P_791_BR_.jpg
P_756_HF_.jpg,pituitary,train,train/pituitary/P_756_HF_.jpg
P_80_BR_.jpg,pituitary,train,train/pituitary/P_80_BR_.jpg
P_746_HF_.jpg,pituitary,train,train/pituitary/P_746_HF_.jpg
P_781_BR_.jpg,pituitary,train,train/pituitary/P_781_BR_.jpg
Tr-pi_0050.jpg,pituitary,train,train/pituitary/Tr-pi_0050.jpg
P_810_RO_.jpg,pituitary,train,train/pituitary/P_810_RO_.jpg
Tr-pi_0736.jpg,pituitary,train,train/pituitary/Tr-pi_0736.jpg
Tr-pi_0722.jpg,pituitary,train,train/pituitary/Tr-pi_0722.jpg
P_800_RO_.jpg,pituitary,train,train/pituitary/P_800_RO_.jpg
P_77.jpg,pituitary,train,train/pituitary/P_77.jpg
Tr-pi_1372.jpg,pituitary,train,train/pituitary/Tr-pi_1372.jpg
P_721_SP_.jpg,pituitary,train,train/pituitary/P_721_SP_.jpg
P_731_SP_.jpg,pituitary,train,train/pituitary/P_731_SP_.jpg
Tr-pi_1366.jpg,pituitary,train,train/pituitary/Tr-pi_1366.jpg
Tr-pi_0291.jpg,pituitary,train,train/pituitary/Tr-pi_0291.jpg
Tr-pi_0285.jpg,pituitary,train,train/pituitary/Tr-pi_0285.jpg
P_844_SP_.jpg,pituitary,train,train/pituitary/P_844_SP_.jpg
P_832.jpg,pituitary,train,train/pituitary/P_832.jpg
P_798_SP_.jpg,pituitary,train,train/pituitary/P_798_SP_.jpg
P_765_RO_.jpg,pituitary,train,train/pituitary/P_765_RO_.jpg
Te-pi_0202.jpg,pituitary,train,train/pituitary/Te-pi_0202.jpg
P_74_RO_.jpg,pituitary,train,train/pituitary/P_74_RO_.jpg
P_826.jpg,pituitary,train,train/pituitary/P_826.jpg
P_775_RO_.jpg,pituitary,train,train/pituitary/P_775_RO_.jpg
P_788_SP_.jpg,pituitary,train,train/pituitary/P_788_SP_.jpg
Tr-pi_0534.jpg,pituitary,train,train/pituitary/Tr-pi_0534.jpg
P_823_HF_.jpg,pituitary,train,train/pituitary/P_823_HF_.jpg
Tr-pi_0252.jpg,pituitary,train,train/pituitary/Tr-pi_0252.jpg
Tr-pi_1158.jpg,pituitary,train,train/pituitary/Tr-pi_1158.jpg
Tr-pi_0246.jpg,pituitary,train,train/pituitary/Tr-pi_0246.jpg
P_833_HF_.jpg,pituitary,train,train/pituitary/P_833_HF_.jpg
Tr-pi_0520.jpg,pituitary,train,train/pituitary/Tr-pi_0520.jpg
Tr-pi_0508.jpg,pituitary,train,train/pituitary/Tr-pi_0508.jpg
Tr-pi_1170.jpg,pituitary,train,train/pituitary/Tr-pi_1170.jpg
P_728_BR_.jpg,pituitary,train,train/pituitary/P_728_BR_.jpg
Tr-pi_1164.jpg,pituitary,train,train/pituitary/Tr-pi_1164.jpg
P_738_BR_.jpg,pituitary,train,train/pituitary/P_738_BR_.jpg
N_377_VF_.jpg,notumor,train,train/notumor/N_377_VF_.jpg
Te-no_0079.jpg,notumor,train,train/notumor/Te-no_0079.jpg
Te-no_0092.jpg,notumor,train,train/notumor/Te-no_0092.jpg
N_410_SP_.jpg,notumor,train,train/notumor/N_410_SP_.jpg
N_37_DA_.jpg,notumor,train,train/notumor/N_37_DA_.jpg
Tr-no_0029.jpg,notumor,train,train/notumor/Tr-no_0029.jpg
Te-no_0086.jpg,notumor,train,train/notumor/Te-no_0086.jpg
N_400_SP_.jpg,notumor,train,train/notumor/N_400_SP_.jpg
N_3_HF_.jpg,notumor,train,train/notumor/N_3_HF_.jpg
image(142).jpg,notumor,train,train/notumor/image(142).jpg
Te-no_0253.jpg,notumor,train,train/notumor/Te-no_0253.jpg
Te-no_0247.jpg,notumor,train,train/notumor/Te-no_0247.jpg
N_379_RO_.jpg,notumor,train,train/notumor/N_379_RO_.jpg
1637.jpg,notumor,train,train/notumor/1637.jpg
N_384_SP_.jpg,notumor,train,train/notumor/N_384_SP_.jpg
N_40_VF_.jpg,notumor,train,train/notumor/N_40_VF_.jpg
N_394_SP_.jpg,notumor,train,train/notumor/N_394_SP_.jpg
N_369_RO_.jpg,notumor,train,train/notumor/N_369_RO_.jpg
1623.jpg,notumor,train,train/notumor/1623.jpg
N_50_VF_.jpg,notumor,train,train/notumor/N_50_VF_.jpg
Tr-no_0559.jpg,notumor,train,train/notumor/Tr-no_0559.jpg
1810.jpg,notumor,train,train/notumor/1810.jpg
Te-no_0290.jpg,notumor,train,train/notumor/Te-no_0290.jpg
N_419_BR_.jpg,notumor,train,train/notumor/N_419_BR_.jpg
Te-no_0284.jpg,notumor,train,train/notumor/Te-no_0284.jpg
1804.jpg,notumor,train,train/notumor/1804.jpg
N_409_BR_.jpg,notumor,train,train/notumor/N_409_BR_.jpg
Tr-no_0565.jpg,notumor,train,train/notumor/Tr-no_0565.jpg
Tr-no_0203.jpg,notumor,train,train/notumor/Tr-no_0203.jpg
Tr-no_0217.jpg,notumor,train,train/notumor/Tr-no_0217.jpg
Tr-no_0571.jpg,notumor,train,train/notumor/Tr-no_0571.jpg
1838.jpg,notumor,train,train/notumor/1838.jpg
N_391_HF_.jpg,notumor,train,train/notumor/N_391_HF_.jpg
Tr-no_0388.jpg,notumor,train,train/notumor/Tr-no_0388.jpg
N_381_HF_.jpg,notumor,train,train/notumor/N_381_HF_.jpg
image(154).jpg,notumor,train,train/notumor/image(154).jpg
22 no.jpg,notumor,train,train/notumor/22 no.jpg
N_372_DA_.jpg,notumor,train,train/notumor/N_372_DA_.jpg
1743.jpg,notumor,train,train/notumor/1743.jpg
1757.jpg,notumor,train,train/notumor/1757.jpg
image(154) - Copy.jpg,notumor,train,train/notumor/image(154) - Copy.jpg
Tr-no_0439.jpg,notumor,train,train/notumor/Tr-no_0439.jpg
1780.jpg,notumor,train,train/notumor/1780.jpg
Tr-no_0411.jpg,notumor,train,train/notumor/Tr-no_0411.jpg
N_436_RO_.jpg,notumor,train,train/notumor/N_436_RO_.jpg
Tr-no_0377.jpg,notumor,train,train/notumor/Tr-no_0377.jpg
Tr-no_0363.jpg,notumor,train,train/notumor/Tr-no_0363.jpg
N_426_RO_.jpg,notumor,train,train/notumor/N_426_RO_.jpg
1794.jpg,notumor,train,train/notumor/1794.jpg
Tr-no_0405.jpg,notumor,train,train/notumor/Tr-no_0405.jpg
Te-no_0125.jpg,notumor,train,train/notumor/Te-no_0125.jpg
Te-no_0131.jpg,notumor,train,train/notumor/Te-no_0131.jpg
N_45_DA_.jpg,notumor,train,train/notumor/N_45_DA_.jpg
Te-no_0119.jpg,notumor,train,train/notumor/Te-no_0119.jpg
Tr-no_0149.jpg,notumor,train,train/notumor/Tr-no_0149.jpg
Tr-no_0175.jpg,notumor,train,train/notumor/Tr-no_0175.jpg
N_438_VF_.jpg,notumor,train,train/notumor/N_438_VF_.jpg
Tr-no_0613.jpg,notumor,train,train/notumor/Tr-no_0613.jpg
N_405_HF_.jpg,notumor,train,train/notumor/N_405_HF_.jpg
Tr-no_0607.jpg,notumor,train,train/notumor/Tr-no_0607.jpg
N_428_VF_.jpg,notumor,train,train/notumor/N_428_VF_.jpg
1596.jpg,notumor,train,train/notumor/1596.jpg
N_415_HF_.jpg,notumor,train,train/notumor/N_415_HF_.jpg
Tr-no_0161.jpg,notumor,train,train/notumor/Tr-no_0161.jpg
1597.jpg,notumor,train,train/notumor/1597.jpg
Tr-no_0606.jpg,notumor,train,train/notumor/Tr-no_0606.jpg
N_426_BR_.jpg,notumor,train,train/notumor/N_426_BR_.jpg
Tr-no_0160.jpg,notumor,train,train/notumor/Tr-no_0160.jpg
14 no.jpg,notumor,train,train/notumor/14 no.jpg
Tr-no_0174.jpg,notumor,train,train/notumor/Tr-no_0174.jpg
Tr-no_0612.jpg,notumor,train,train/notumor/Tr-no_0612.jpg
N_436_BR_.jpg,notumor,train,train/notumor/N_436_BR_.jpg
image(178).jpg,notumor,train,train/notumor/image(178).jpg
N_402_DA_.jpg,notumor,train,train/notumor/N_402_DA_.jpg
Tr-no_0148.jpg,notumor,train,train/notumor/Tr-no_0148.jpg
N_412_DA_.jpg,notumor,train,train/notumor/N_412_DA_.jpg
Te-no_0118.jpg,notumor,train,train/notumor/Te-no_0118.jpg
N_42_HF_.jpg,notumor,train,train/notumor/N_42_HF_.jpg
Te-no_0130.jpg,notumor,train,train/notumor/Te-no_0130.jpg
N_52_HF_.jpg,notumor,train,train/notumor/N_52_HF_.jpg
Te-no_0124.jpg,notumor,train,train/notumor/Te-no_0124.jpg
Tr-no_0362.jpg,notumor,train,train/notumor/Tr-no_0362.jpg
Tr-no_0404.jpg,notumor,train,train/notumor/Tr-no_0404.jpg
1795.jpg,notumor,train,train/notumor/1795.jpg
Tr-no_0410.jpg,notumor,train,train/notumor/Tr-no_0410.jpg
1781.jpg,notumor,train,train/notumor/1781.jpg
Tr-no_0376.jpg,notumor,train,train/notumor/Tr-no_0376.jpg
image(148) - Copy.jpg,notumor,train,train/notumor/image(148) - Copy.jpg
Tr-no_0438.jpg,notumor,train,train/notumor/Tr-no_0438.jpg
N_396_DA_.jpg,notumor,train,train/notumor/N_396_DA_.jpg
1756.jpg,notumor,train,train/notumor/1756.jpg
1742.jpg,notumor,train,train/notumor/1742.jpg
N_386_DA_.jpg,notumor,train,train/notumor/N_386_DA_.jpg
N_375_HF_.jpg,notumor,train,train/notumor/N_375_HF_.jpg
Tr-no_0389.jpg,notumor,train,train/notumor/Tr-no_0389.jpg
Tr-no_0216.jpg,notumor,train,train/notumor/Tr-no_0216.jpg
1839.jpg,notumor,train,train/notumor/1839.jpg
Tr-no_0570.jpg,notumor,train,train/notumor/Tr-no_0570.jpg
Tr-no_0564.jpg,notumor,train,train/notumor/Tr-no_0564.jpg
Tr-no_0202.jpg,notumor,train,train/notumor/Tr-no_0202.jpg
Te-no_0285.jpg,notumor,train,train/notumor/Te-no_0285.jpg
N_407_VF_.jpg,notumor,train,train/notumor/N_407_VF_.jpg
1805.jpg,notumor,train,train/notumor/1805.jpg
N_417_VF_.jpg,notumor,train,train/notumor/N_417_VF_.jpg
1811.jpg,notumor,train,train/notumor/1811.jpg
Tr-no_0558.jpg,notumor,train,train/notumor/Tr-no_0558.jpg
Te-no_0291.jpg,notumor,train,train/notumor/Te-no_0291.jpg
1622.jpg,notumor,train,train/notumor/1622.jpg
1636.jpg,notumor,train,train/notumor/1636.jpg
Te-no_0246.jpg,notumor,train,train/notumor/Te-no_0246.jpg
Te-no_0252.jpg,notumor,train,train/notumor/Te-no_0252.jpg
image(181).jpg,notumor,train,train/notumor/image(181).jpg
Te-no_0087.jpg,notumor,train,train/notumor/Te-no_0087.jpg
N_409_RO_.jpg,notumor,train,train/notumor/N_409_RO_.jpg
Tr-no_0028.jpg,notumor,train,train/notumor/Tr-no_0028.jpg
Te-no_0093.jpg,notumor,train,train/notumor/Te-no_0093.jpg
N_4_DA_.jpg,notumor,train,train/notumor/N_4_DA_.jpg
N_419_RO_.jpg,notumor,train,train/notumor/N_419_RO_.jpg
18 no.jpg,notumor,train,train/notumor/18 no.jpg
N_57_SP_.jpg,notumor,train,train/notumor/N_57_SP_.jpg
N_369_BR_.jpg,notumor,train,train/notumor/N_369_BR_.jpg
N_393_VF_.jpg,notumor,train,train/notumor/N_393_VF_.jpg
Te-no_0078.jpg,notumor,train,train/notumor/Te-no_0078.jpg
N_379_BR_.jpg,notumor,train,train/notumor/N_379_BR_.jpg
N_47_SP_.jpg,notumor,train,train/notumor/N_47_SP_.jpg
N_383_VF_.jpg,notumor,train,train/notumor/N_383_VF_.jpg
N_388_HF_.jpg,notumor,train,train/notumor/N_388_HF_.jpg
N_398_HF_.jpg,notumor,train,train/notumor/N_398_HF_.jpg
Te-no_0085.jpg,notumor,train,train/notumor/Te-no_0085.jpg
image(12).jpg,notumor,train,train/notumor/image(12).jpg
Te-no_0091.jpg,notumor,train,train/notumor/Te-no_0091.jpg
Te-no_0244.jpg,notumor,train,train/notumor/Te-no_0244.jpg
Te-no_0250.jpg,notumor,train,train/notumor/Te-no_0250.jpg
1608.jpg,notumor,train,train/notumor/1608.jpg
Tr-no_0599.jpg,notumor,train,train/notumor/Tr-no_0599.jpg
1620.jpg,notumor,train,train/notumor/1620.jpg
Te-no_0278.jpg,notumor,train,train/notumor/Te-no_0278.jpg
1634.jpg,notumor,train,train/notumor/1634.jpg
1807.jpg,notumor,train,train/notumor/1807.jpg
Te-no_0287.jpg,notumor,train,train/notumor/Te-no_0287.jpg
Tr-no_0228.jpg,notumor,train,train/notumor/Tr-no_0228.jpg
Te-no_0293.jpg,notumor,train,train/notumor/Te-no_0293.jpg
1813.jpg,notumor,train,train/notumor/1813.jpg
N_421_VF_.jpg,notumor,train,train/notumor/N_421_VF_.jpg
Tr-no_0572.jpg,notumor,train,train/notumor/Tr-no_0572.jpg
Tr-no_0214.jpg,notumor,train,train/notumor/Tr-no_0214.jpg
N_431_VF_.jpg,notumor,train,train/notumor/N_431_VF_.jpg
Tr-no_0200.jpg,notumor,train,train/notumor/Tr-no_0200.jpg
Tr-no_0566.jpg,notumor,train,train/notumor/Tr-no_0566.jpg
1768.jpg,notumor,train,train/notumor/1768.jpg
N_57_RO_.jpg,notumor,train,train/notumor/N_57_RO_.jpg
1754.jpg,notumor,train,train/notumor/1754.jpg
N_394_BR_.jpg,notumor,train,train/notumor/N_394_BR_.jpg
Te-no_0318.jpg,notumor,train,train/notumor/Te-no_0318.jpg
N_384_BR_.jpg,notumor,train,train/notumor/N_384_BR_.jpg
N_47_RO_.jpg,notumor,train,train/notumor/N_47_RO_.jpg
1740.jpg,notumor,train,train/notumor/1740.jpg
image(158).jpg,notumor,train,train/notumor/image(158).jpg
N_409_SP_.jpg,notumor,train,train/notumor/N_409_SP_.jpg
Tr-no_0348.jpg,notumor,train,train/notumor/Tr-no_0348.jpg
N_419_SP_.jpg,notumor,train,train/notumor/N_419_SP_.jpg
1797.jpg,notumor,train,train/notumor/1797.jpg
Tr-no_0406.jpg,notumor,train,train/notumor/Tr-no_0406.jpg
Tr-no_0360.jpg,notumor,train,train/notumor/Tr-no_0360.jpg
Tr-no_0374.jpg,notumor,train,train/notumor/Tr-no_0374.jpg
1783.jpg,notumor,train,train/notumor/1783.jpg
Tr-no_0412.jpg,notumor,train,train/notumor/Tr-no_0412.jpg
Te-no_0132.jpg,notumor,train,train/notumor/Te-no_0132.jpg
Tr-no_0189.jpg,notumor,train,train/notumor/Tr-no_0189.jpg
Te-no_0126.jpg,notumor,train,train/notumor/Te-no_0126.jpg
N_49_VF_.jpg,notumor,train,train/notumor/N_49_VF_.jpg
Tr-no_0638.jpg,notumor,train,train/notumor/Tr-no_0638.jpg
N_400_BR_.jpg,notumor,train,train/notumor/N_400_BR_.jpg
N_410_BR_.jpg,notumor,train,train/notumor/N_410_BR_.jpg
Tr-no_0162.jpg,notumor,train,train/notumor/Tr-no_0162.jpg
Tr-no_0604.jpg,notumor,train,train/notumor/Tr-no_0604.jpg
1595.jpg,notumor,train,train/notumor/1595.jpg
N_424_DA_.jpg,notumor,train,train/notumor/N_424_DA_.jpg
Tr-no_0610.jpg,notumor,train,train/notumor/Tr-no_0610.jpg
Tr-no_0176.jpg,notumor,train,train/notumor/Tr-no_0176.jpg
N_434_DA_.jpg,notumor,train,train/notumor/N_434_DA_.jpg
Tr-no_0611.jpg,notumor,train,train/notumor/Tr-no_0611.jpg
Tr-no_0177.jpg,notumor,train,train/notumor/Tr-no_0177.jpg
Tr-no_0163.jpg,notumor,train,train/notumor/Tr-no_0163.jpg
1594.jpg,notumor,train,train/notumor/1594.jpg
Tr-no_0605.jpg,notumor,train,train/notumor/Tr-no_0605.jpg
N_423_HF_.jpg,notumor,train,train/notumor/N_423_HF_.jpg
Tr-no_0639.jpg,notumor,train,train/notumor/Tr-no_0639.jpg
N_433_HF_.jpg,notumor,train,train/notumor/N_433_HF_.jpg
N_379_SP_.jpg,notumor,train,train/notumor/N_379_SP_.jpg
N_47_BR_.jpg,notumor,train,train/notumor/N_47_BR_.jpg
N_384_RO_.jpg,notumor,train,train/notumor/N_384_RO_.jpg
image(141) - Copy.jpg,notumor,train,train/notumor/image(141) - Copy.jpg
N_394_RO_.jpg,notumor,train,train/notumor/N_394_RO_.jpg
N_57_BR_.jpg,notumor,train,train/notumor/N_57_BR_.jpg
N_369_SP_.jpg,notumor,train,train/notumor/N_369_SP_.jpg
Te-no_0127.jpg,notumor,train,train/notumor/Te-no_0127.jpg
Tr-no_0188.jpg,notumor,train,train/notumor/Tr-no_0188.jpg
Te-no_0133.jpg,notumor,train,train/notumor/Te-no_0133.jpg
image(174).jpg,notumor,train,train/notumor/image(174).jpg
Tr-no_0375.jpg,notumor,train,train/notumor/Tr-no_0375.jpg
N_39_HF_.jpg,notumor,train,train/notumor/N_39_HF_.jpg
Tr-no_0413.jpg,notumor,train,train/notumor/Tr-no_0413.jpg
1782.jpg,notumor,train,train/notumor/1782.jpg
Tr-no_0407.jpg,notumor,train,train/notumor/Tr-no_0407.jpg
1796.jpg,notumor,train,train/notumor/1796.jpg
Tr-no_0361.jpg,notumor,train,train/notumor/Tr-no_0361.jpg
Tr-no_0349.jpg,notumor,train,train/notumor/Tr-no_0349.jpg
N_410_RO_.jpg,notumor,train,train/notumor/N_410_RO_.jpg
N_400_RO_.jpg,notumor,train,train/notumor/N_400_RO_.jpg
N_370_BR_.jpg,notumor,train,train/notumor/N_370_BR_.jpg
1741.jpg,notumor,train,train/notumor/1741.jpg
1755.jpg,notumor,train,train/notumor/1755.jpg
1769.jpg,notumor,train,train/notumor/1769.jpg
Tr-no_0201.jpg,notumor,train,train/notumor/Tr-no_0201.jpg
Tr-no_0567.jpg,notumor,train,train/notumor/Tr-no_0567.jpg
Tr-no_0573.jpg,notumor,train,train/notumor/Tr-no_0573.jpg
Tr-no_0215.jpg,notumor,train,train/notumor/Tr-no_0215.jpg
Te-no_0292.jpg,notumor,train,train/notumor/Te-no_0292.jpg
1812.jpg,notumor,train,train/notumor/1812.jpg
1806.jpg,notumor,train,train/notumor/1806.jpg
Tr-no_0229.jpg,notumor,train,train/notumor/Tr-no_0229.jpg
Te-no_0286.jpg,notumor,train,train/notumor/Te-no_0286.jpg
1635.jpg,notumor,train,train/notumor/1635.jpg
1621.jpg,notumor,train,train/notumor/1621.jpg
Te-no_0279.jpg,notumor,train,train/notumor/Te-no_0279.jpg
Te-no_0251.jpg,notumor,train,train/notumor/Te-no_0251.jpg
Tr-no_0598.jpg,notumor,train,train/notumor/Tr-no_0598.jpg
1609.jpg,notumor,train,train/notumor/1609.jpg
Te-no_0245.jpg,notumor,train,train/notumor/Te-no_0245.jpg
N_436_SP_.jpg,notumor,train,train/notumor/N_436_SP_.jpg
N_426_SP_.jpg,notumor,train,train/notumor/N_426_SP_.jpg
Te-no_0090.jpg,notumor,train,train/notumor/Te-no_0090.jpg
Te-no_0084.jpg,notumor,train,train/notumor/Te-no_0084.jpg
image(162).jpg,notumor,train,train/notumor/image(162).jpg
image(163).jpg,notumor,train,train/notumor/image(163).jpg
no.jpg,notumor,train,train/notumor/no.jpg
N_430_VF_.jpg,notumor,train,train/notumor/N_430_VF_.jpg
N_420_VF_.jpg,notumor,train,train/notumor/N_420_VF_.jpg
Te-no_0080.jpg,notumor,train,train/notumor/Te-no_0080.jpg
image(158) - Copy.jpg,notumor,train,train/notumor/image(158) - Copy.jpg
Te-no_0094.jpg,notumor,train,train/notumor/Te-no_0094.jpg
image(15) - Copy.jpg,notumor,train,train/notumor/image(15) - Copy.jpg
1625.jpg,notumor,train,train/notumor/1625.jpg
1631.jpg,notumor,train,train/notumor/1631.jpg
Te-no_0269.jpg,notumor,train,train/notumor/Te-no_0269.jpg
Te-no_0241.jpg,notumor,train,train/notumor/Te-no_0241.jpg
N_399_HF_.jpg,notumor,train,train/notumor/N_399_HF_.jpg
1619.jpg,notumor,train,train/notumor/1619.jpg
Tr-no_0588.jpg,notumor,train,train/notumor/Tr-no_0588.jpg
N_389_HF_.jpg,notumor,train,train/notumor/N_389_HF_.jpg
Te-no_0255.jpg,notumor,train,train/notumor/Te-no_0255.jpg
Tr-no_0211.jpg,notumor,train,train/notumor/Tr-no_0211.jpg
Tr-no_0577.jpg,notumor,train,train/notumor/Tr-no_0577.jpg
Tr-no_0563.jpg,notumor,train,train/notumor/Tr-no_0563.jpg
Tr-no_0205.jpg,notumor,train,train/notumor/Tr-no_0205.jpg
Te-no_0282.jpg,notumor,train,train/notumor/Te-no_0282.jpg
1802.jpg,notumor,train,train/notumor/1802.jpg
1816.jpg,notumor,train,train/notumor/1816.jpg
3 no.jpg,notumor,train,train/notumor/3 no.jpg
Te-no_0296.jpg,notumor,train,train/notumor/Te-no_0296.jpg
Tr-no_0239.jpg,notumor,train,train/notumor/Tr-no_0239.jpg
Te-no_0309.jpg,notumor,train,train/notumor/Te-no_0309.jpg
N_48_VF_.jpg,notumor,train,train/notumor/N_48_VF_.jpg
N_371_RO_.jpg,notumor,train,train/notumor/N_371_RO_.jpg
1751.jpg,notumor,train,train/notumor/1751.jpg
1745.jpg,notumor,train,train/notumor/1745.jpg
1779.jpg,notumor,train,train/notumor/1779.jpg
Tr-no_0365.jpg,notumor,train,train/notumor/Tr-no_0365.jpg
N_435_DA_.jpg,notumor,train,train/notumor/N_435_DA_.jpg
1792.jpg,notumor,train,train/notumor/1792.jpg
Tr-no_0403.jpg,notumor,train,train/notumor/Tr-no_0403.jpg
N_425_DA_.jpg,notumor,train,train/notumor/N_425_DA_.jpg
1786.jpg,notumor,train,train/notumor/1786.jpg
Tr-no_0417.jpg,notumor,train,train/notumor/Tr-no_0417.jpg
Tr-no_0371.jpg,notumor,train,train/notumor/Tr-no_0371.jpg
N_411_BR_.jpg,notumor,train,train/notumor/N_411_BR_.jpg
Tr-no_0359.jpg,notumor,train,train/notumor/Tr-no_0359.jpg
N_401_BR_.jpg,notumor,train,train/notumor/N_401_BR_.jpg
N_46_RO_.jpg,notumor,train,train/notumor/N_46_RO_.jpg
N_385_BR_.jpg,notumor,train,train/notumor/N_385_BR_.jpg
N_395_BR_.jpg,notumor,train,train/notumor/N_395_BR_.jpg
Tr-no_0198.jpg,notumor,train,train/notumor/Tr-no_0198.jpg
Te-no_0137.jpg,notumor,train,train/notumor/Te-no_0137.jpg
Te-no_0123.jpg,notumor,train,train/notumor/Te-no_0123.jpg
image(175).jpg,notumor,train,train/notumor/image(175).jpg
Tr-no_0601.jpg,notumor,train,train/notumor/Tr-no_0601.jpg
1590.jpg,notumor,train,train/notumor/1590.jpg
Tr-no_0167.jpg,notumor,train,train/notumor/Tr-no_0167.jpg
Tr-no_0173.jpg,notumor,train,train/notumor/Tr-no_0173.jpg
Tr-no_0615.jpg,notumor,train,train/notumor/Tr-no_0615.jpg
N_418_SP_.jpg,notumor,train,train/notumor/N_418_SP_.jpg
N_408_SP_.jpg,notumor,train,train/notumor/N_408_SP_.jpg
Tr-no_0629.jpg,notumor,train,train/notumor/Tr-no_0629.jpg
N_401_RO_.jpg,notumor,train,train/notumor/N_401_RO_.jpg
Tr-no_0628.jpg,notumor,train,train/notumor/Tr-no_0628.jpg
N_411_RO_.jpg,notumor,train,train/notumor/N_411_RO_.jpg
Tr-no_0172.jpg,notumor,train,train/notumor/Tr-no_0172.jpg
Tr-no_0614.jpg,notumor,train,train/notumor/Tr-no_0614.jpg
1591.jpg,notumor,train,train/notumor/1591.jpg
Tr-no_0600.jpg,notumor,train,train/notumor/Tr-no_0600.jpg
Tr-no_0166.jpg,notumor,train,train/notumor/Tr-no_0166.jpg
N_38_HF_.jpg,notumor,train,train/notumor/N_38_HF_.jpg
Te-no_0122.jpg,notumor,train,train/notumor/Te-no_0122.jpg
Te-no_0136.jpg,notumor,train,train/notumor/Te-no_0136.jpg
Tr-no_0199.jpg,notumor,train,train/notumor/Tr-no_0199.jpg
N_371_BR_.jpg,notumor,train,train/notumor/N_371_BR_.jpg
N_432_HF_.jpg,notumor,train,train/notumor/N_432_HF_.jpg
image(159).jpg,notumor,train,train/notumor/image(159).jpg
N_422_HF_.jpg,notumor,train,train/notumor/N_422_HF_.jpg
Tr-no_0358.jpg,notumor,train,train/notumor/Tr-no_0358.jpg
Tr-no_0416.jpg,notumor,train,train/notumor/Tr-no_0416.jpg
1787.jpg,notumor,train,train/notumor/1787.jpg
Tr-no_0370.jpg,notumor,train,train/notumor/Tr-no_0370.jpg
Tr-no_0364.jpg,notumor,train,train/notumor/Tr-no_0364.jpg
Tr-no_0402.jpg,notumor,train,train/notumor/Tr-no_0402.jpg
1793.jpg,notumor,train,train/notumor/1793.jpg
1778.jpg,notumor,train,train/notumor/1778.jpg
1744.jpg,notumor,train,train/notumor/1744.jpg
N_395_RO_.jpg,notumor,train,train/notumor/N_395_RO_.jpg
N_368_SP_.jpg,notumor,train,train/notumor/N_368_SP_.jpg
Te-no_0308.jpg,notumor,train,train/notumor/Te-no_0308.jpg
N_378_SP_.jpg,notumor,train,train/notumor/N_378_SP_.jpg
N_385_RO_.jpg,notumor,train,train/notumor/N_385_RO_.jpg
1750.jpg,notumor,train,train/notumor/1750.jpg
N_46_BR_.jpg,notumor,train,train/notumor/N_46_BR_.jpg
1817.jpg,notumor,train,train/notumor/1817.jpg
Tr-no_0238.jpg,notumor,train,train/notumor/Tr-no_0238.jpg
Te-no_0297.jpg,notumor,train,train/notumor/Te-no_0297.jpg
Te-no_0283.jpg,notumor,train,train/notumor/Te-no_0283.jpg
1803.jpg,notumor,train,train/notumor/1803.jpg
N_427_SP_.jpg,notumor,train,train/notumor/N_427_SP_.jpg
Tr-no_0562.jpg,notumor,train,train/notumor/Tr-no_0562.jpg
Tr-no_0204.jpg,notumor,train,train/notumor/Tr-no_0204.jpg
Tr-no_0210.jpg,notumor,train,train/notumor/Tr-no_0210.jpg
N_437_SP_.jpg,notumor,train,train/notumor/N_437_SP_.jpg
Tr-no_0576.jpg,notumor,train,train/notumor/Tr-no_0576.jpg
Te-no_0254.jpg,notumor,train,train/notumor/Te-no_0254.jpg
Te-no_0240.jpg,notumor,train,train/notumor/Te-no_0240.jpg
Tr-no_0589.jpg,notumor,train,train/notumor/Tr-no_0589.jpg
1618.jpg,notumor,train,train/notumor/1618.jpg
1630.jpg,notumor,train,train/notumor/1630.jpg
Te-no_0268.jpg,notumor,train,train/notumor/Te-no_0268.jpg
1624.jpg,notumor,train,train/notumor/1624.jpg
Te-no_0095.jpg,notumor,train,train/notumor/Te-no_0095.jpg
image(13).jpg,notumor,train,train/notumor/image(13).jpg
image(144) - Copy.jpg,notumor,train,train/notumor/image(144) - Copy.jpg
Te-no_0081.jpg,notumor,train,train/notumor/Te-no_0081.jpg
N_51_VF_.jpg,notumor,train,train/notumor/N_51_VF_.jpg
N_395_SP_.jpg,notumor,train,train/notumor/N_395_SP_.jpg
Te-no_0068.jpg,notumor,train,train/notumor/Te-no_0068.jpg
N_368_RO_.jpg,notumor,train,train/notumor/N_368_RO_.jpg
N_41_VF_.jpg,notumor,train,train/notumor/N_41_VF_.jpg
N_378_RO_.jpg,notumor,train,train/notumor/N_378_RO_.jpg
N_385_SP_.jpg,notumor,train,train/notumor/N_385_SP_.jpg
image(180).jpg,notumor,train,train/notumor/image(180).jpg
N_408_BR_.jpg,notumor,train,train/notumor/N_408_BR_.jpg
Te-no_0097.jpg,notumor,train,train/notumor/Te-no_0097.jpg
Te-no_0083.jpg,notumor,train,train/notumor/Te-no_0083.jpg
N_418_BR_.jpg,notumor,train,train/notumor/N_418_BR_.jpg
20 no.jpg,notumor,train,train/notumor/20 no.jpg
1632.jpg,notumor,train,train/notumor/1632.jpg
image(151) - Copy.jpg,notumor,train,train/notumor/image(151) - Copy.jpg
1626.jpg,notumor,train,train/notumor/1626.jpg
N_376_VF_.jpg,notumor,train,train/notumor/N_376_VF_.jpg
Te-no_0256.jpg,notumor,train,train/notumor/Te-no_0256.jpg
Te-no_0242.jpg,notumor,train,train/notumor/Te-no_0242.jpg
Tr-no_0206.jpg,notumor,train,train/notumor/Tr-no_0206.jpg
1829.jpg,notumor,train,train/notumor/1829.jpg
Tr-no_0560.jpg,notumor,train,train/notumor/Tr-no_0560.jpg
Tr-no_0574.jpg,notumor,train,train/notumor/Tr-no_0574.jpg
Tr-no_0212.jpg,notumor,train,train/notumor/Tr-no_0212.jpg
Te-no_0295.jpg,notumor,train,train/notumor/Te-no_0295.jpg
N_401_SP_.jpg,notumor,train,train/notumor/N_401_SP_.jpg
1815.jpg,notumor,train,train/notumor/1815.jpg
N_36_DA_.jpg,notumor,train,train/notumor/N_36_DA_.jpg
1801.jpg,notumor,train,train/notumor/1801.jpg
Tr-no_0548.jpg,notumor,train,train/notumor/Tr-no_0548.jpg
N_411_SP_.jpg,notumor,train,train/notumor/N_411_SP_.jpg
Te-no_0281.jpg,notumor,train,train/notumor/Te-no_0281.jpg
1746.jpg,notumor,train,train/notumor/1746.jpg
1752.jpg,notumor,train,train/notumor/1752.jpg
N_44_DA_.jpg,notumor,train,train/notumor/N_44_DA_.jpg
Tr-no_0399.jpg,notumor,train,train/notumor/Tr-no_0399.jpg
N_37.jpg,notumor,train,train/notumor/N_37.jpg
N_414_HF_.jpg,notumor,train,train/notumor/N_414_HF_.jpg
Tr-no_0372.jpg,notumor,train,train/notumor/Tr-no_0372.jpg
1785.jpg,notumor,train,train/notumor/1785.jpg
N_429_VF_.jpg,notumor,train,train/notumor/N_429_VF_.jpg
Tr-no_0414.jpg,notumor,train,train/notumor/Tr-no_0414.jpg
N_404_HF_.jpg,notumor,train,train/notumor/N_404_HF_.jpg
1791.jpg,notumor,train,train/notumor/1791.jpg
Tr-no_0400.jpg,notumor,train,train/notumor/Tr-no_0400.jpg
Tr-no_0366.jpg,notumor,train,train/notumor/Tr-no_0366.jpg
Tr-no_0428.jpg,notumor,train,train/notumor/Tr-no_0428.jpg
N_373_DA_.jpg,notumor,train,train/notumor/N_373_DA_.jpg
Te-no_0120.jpg,notumor,train,train/notumor/Te-no_0120.jpg
N_380_HF_.jpg,notumor,train,train/notumor/N_380_HF_.jpg
Te-no_0134.jpg,notumor,train,train/notumor/Te-no_0134.jpg
N_390_HF_.jpg,notumor,train,train/notumor/N_390_HF_.jpg
N_427_RO_.jpg,notumor,train,train/notumor/N_427_RO_.jpg
Tr-no_0616.jpg,notumor,train,train/notumor/Tr-no_0616.jpg
1587.jpg,notumor,train,train/notumor/1587.jpg
Tr-no_0170.jpg,notumor,train,train/notumor/Tr-no_0170.jpg
Tr-no_0164.jpg,notumor,train,train/notumor/Tr-no_0164.jpg
N_437_RO_.jpg,notumor,train,train/notumor/N_437_RO_.jpg
Tr-no_0602.jpg,notumor,train,train/notumor/Tr-no_0602.jpg
1593.jpg,notumor,train,train/notumor/1593.jpg
image(179).jpg,notumor,train,train/notumor/image(179).jpg
Tr-no_0158.jpg,notumor,train,train/notumor/Tr-no_0158.jpg
Tr-no_0159.jpg,notumor,train,train/notumor/Tr-no_0159.jpg
Tr-no_0165.jpg,notumor,train,train/notumor/Tr-no_0165.jpg
1592.jpg,notumor,train,train/notumor/1592.jpg
Tr-no_0603.jpg,notumor,train,train/notumor/Tr-no_0603.jpg
Tr-no_0617.jpg,notumor,train,train/notumor/Tr-no_0617.jpg
Tr-no_0171.jpg,notumor,train,train/notumor/Tr-no_0171.jpg
Te-no_0135.jpg,notumor,train,train/notumor/Te-no_0135.jpg
N_374_HF_.jpg,notumor,train,train/notumor/N_374_HF_.jpg
Te-no_0121.jpg,notumor,train,train/notumor/Te-no_0121.jpg
N_387_DA_.jpg,notumor,train,train/notumor/N_387_DA_.jpg
2 no.jpeg,notumor,train,train/notumor/2 no.jpeg
N_397_DA_.jpg,notumor,train,train/notumor/N_397_DA_.jpg
N_413_DA_.jpg,notumor,train,train/notumor/N_413_DA_.jpg
N_403_DA_.jpg,notumor,train,train/notumor/N_403_DA_.jpg
Tr-no_0429.jpg,notumor,train,train/notumor/Tr-no_0429.jpg
Tr-no_0401.jpg,notumor,train,train/notumor/Tr-no_0401.jpg
1790.jpg,notumor,train,train/notumor/1790.jpg
N_437_BR_.jpg,notumor,train,train/notumor/N_437_BR_.jpg
Tr-no_0367.jpg,notumor,train,train/notumor/Tr-no_0367.jpg
Tr-no_0373.jpg,notumor,train,train/notumor/Tr-no_0373.jpg
N_427_BR_.jpg,notumor,train,train/notumor/N_427_BR_.jpg
Tr-no_0415.jpg,notumor,train,train/notumor/Tr-no_0415.jpg
1784.jpg,notumor,train,train/notumor/1784.jpg
Tr-no_0398.jpg,notumor,train,train/notumor/Tr-no_0398.jpg
image(155).jpg,notumor,train,train/notumor/image(155).jpg
N_43_HF_.jpg,notumor,train,train/notumor/N_43_HF_.jpg
1753.jpg,notumor,train,train/notumor/1753.jpg
1747.jpg,notumor,train,train/notumor/1747.jpg
N_418_RO_.jpg,notumor,train,train/notumor/N_418_RO_.jpg
Tr-no_0549.jpg,notumor,train,train/notumor/Tr-no_0549.jpg
1800.jpg,notumor,train,train/notumor/1800.jpg
Te-no_0280.jpg,notumor,train,train/notumor/Te-no_0280.jpg
Te-no_0294.jpg,notumor,train,train/notumor/Te-no_0294.jpg
N_408_RO_.jpg,notumor,train,train/notumor/N_408_RO_.jpg
1814.jpg,notumor,train,train/notumor/1814.jpg
Tr-no_0575.jpg,notumor,train,train/notumor/Tr-no_0575.jpg
Tr-no_0213.jpg,notumor,train,train/notumor/Tr-no_0213.jpg
Tr-no_0207.jpg,notumor,train,train/notumor/Tr-no_0207.jpg
Tr-no_0561.jpg,notumor,train,train/notumor/Tr-no_0561.jpg
1828.jpg,notumor,train,train/notumor/1828.jpg
image(143).jpg,notumor,train,train/notumor/image(143).jpg
Te-no_0243.jpg,notumor,train,train/notumor/Te-no_0243.jpg
Te-no_0257.jpg,notumor,train,train/notumor/Te-no_0257.jpg
N_382_VF_.jpg,notumor,train,train/notumor/N_382_VF_.jpg
1627.jpg,notumor,train,train/notumor/1627.jpg
N_378_BR_.jpg,notumor,train,train/notumor/N_378_BR_.jpg
N_46_SP_.jpg,notumor,train,train/notumor/N_46_SP_.jpg
N_392_VF_.jpg,notumor,train,train/notumor/N_392_VF_.jpg
N_56_SP_.jpg,notumor,train,train/notumor/N_56_SP_.jpg
1633.jpg,notumor,train,train/notumor/1633.jpg
N_368_BR_.jpg,notumor,train,train/notumor/N_368_BR_.jpg
Te-no_0082.jpg,notumor,train,train/notumor/Te-no_0082.jpg
N_416_VF_.jpg,notumor,train,train/notumor/N_416_VF_.jpg
Te-no_0096.jpg,notumor,train,train/notumor/Te-no_0096.jpg
N_406_VF_.jpg,notumor,train,train/notumor/N_406_VF_.jpg
N_371_SP_.jpg,notumor,train,train/notumor/N_371_SP_.jpg
Te-no_0069.jpg,notumor,train,train/notumor/Te-no_0069.jpg
N_403_BR_.jpg,notumor,train,train/notumor/N_403_BR_.jpg
Tr-no_0089.jpg,notumor,train,train/notumor/Tr-no_0089.jpg
N_413_BR_.jpg,notumor,train,train/notumor/N_413_BR_.jpg
N_427_DA_.jpg,notumor,train,train/notumor/N_427_DA_.jpg
N_437_DA_.jpg,notumor,train,train/notumor/N_437_DA_.jpg
image(14).jpg,notumor,train,train/notumor/image(14).jpg
Tr-no_0062.jpg,notumor,train,train/notumor/Tr-no_0062.jpg
Tr-no_0076.jpg,notumor,train,train/notumor/Tr-no_0076.jpg
N_373_RO_.jpg,notumor,train,train/notumor/N_373_RO_.jpg
Te-no_0230.jpg,notumor,train,train/notumor/Te-no_0230.jpg
1668.jpg,notumor,train,train/notumor/1668.jpg
Te-no_0224.jpg,notumor,train,train/notumor/Te-no_0224.jpg
1654.jpg,notumor,train,train/notumor/1654.jpg
1640.jpg,notumor,train,train/notumor/1640.jpg
Te-no_0218.jpg,notumor,train,train/notumor/Te-no_0218.jpg
image(148).jpg,notumor,train,train/notumor/image(148).jpg
1873.jpg,notumor,train,train/notumor/1873.jpg
1867.jpg,notumor,train,train/notumor/1867.jpg
Tr-no_0248.jpg,notumor,train,train/notumor/Tr-no_0248.jpg
Tr-no_0260.jpg,notumor,train,train/notumor/Tr-no_0260.jpg
Tr-no_0506.jpg,notumor,train,train/notumor/Tr-no_0506.jpg
N_397_BR_.jpg,notumor,train,train/notumor/N_397_BR_.jpg
1697.jpg,notumor,train,train/notumor/1697.jpg
Tr-no_0512.jpg,notumor,train,train/notumor/Tr-no_0512.jpg
1683.jpg,notumor,train,train/notumor/1683.jpg
N_387_BR_.jpg,notumor,train,train/notumor/N_387_BR_.jpg
N_44_RO_.jpg,notumor,train,train/notumor/N_44_RO_.jpg
Tr-no_0274.jpg,notumor,train,train/notumor/Tr-no_0274.jpg
N_45.jpg,notumor,train,train/notumor/N_45.jpg
N_36_RO_.jpg,notumor,train,train/notumor/N_36_RO_.jpg
1708.jpg,notumor,train,train/notumor/1708.jpg
N_51.jpg,notumor,train,train/notumor/N_51.jpg
1720.jpg,notumor,train,train/notumor/1720.jpg
N_422_VF_.jpg,notumor,train,train/notumor/N_422_VF_.jpg
1734.jpg,notumor,train,train/notumor/1734.jpg
N_432_VF_.jpg,notumor,train,train/notumor/N_432_VF_.jpg
Tr-no_0328.jpg,notumor,train,train/notumor/Tr-no_0328.jpg
Tr-no_0314.jpg,notumor,train,train/notumor/Tr-no_0314.jpg
Tr-no_0472.jpg,notumor,train,train/notumor/Tr-no_0472.jpg
Tr-no_0466.jpg,notumor,train,train/notumor/Tr-no_0466.jpg
Tr-no_0300.jpg,notumor,train,train/notumor/Tr-no_0300.jpg
N_38_VF_.jpg,notumor,train,train/notumor/N_38_VF_.jpg
Te-no_0146.jpg,notumor,train,train/notumor/Te-no_0146.jpg
Te-no_0152.jpg,notumor,train,train/notumor/Te-no_0152.jpg
N_379.jpg,notumor,train,train/notumor/N_379.jpg
N_437.jpg,notumor,train,train/notumor/N_437.jpg
N_423.jpg,notumor,train,train/notumor/N_423.jpg
Te-no_0185.jpg,notumor,train,train/notumor/Te-no_0185.jpg
Te-no_0191.jpg,notumor,train,train/notumor/Te-no_0191.jpg
Tr-no_0670.jpg,notumor,train,train/notumor/Tr-no_0670.jpg
N_392.jpg,notumor,train,train/notumor/N_392.jpg
N_368_DA_.jpg,notumor,train,train/notumor/N_368_DA_.jpg
Tr-no_0116.jpg,notumor,train,train/notumor/Tr-no_0116.jpg
N15.jpg,notumor,train,train/notumor/N15.jpg
Tr-no_0102.jpg,notumor,train,train/notumor/Tr-no_0102.jpg
no 99.jpg,notumor,train,train/notumor/no 99.jpg
N_378_DA_.jpg,notumor,train,train/notumor/N_378_DA_.jpg
N_386.jpg,notumor,train,train/notumor/N_386.jpg
Tr-no_0103.jpg,notumor,train,train/notumor/Tr-no_0103.jpg
N_387.jpg,notumor,train,train/notumor/N_387.jpg
no 98.jpg,notumor,train,train/notumor/no 98.jpg
N_393.jpg,notumor,train,train/notumor/N_393.jpg
Tr-no_0671.jpg,notumor,train,train/notumor/Tr-no_0671.jpg
Tr-no_0117.jpg,notumor,train,train/notumor/Tr-no_0117.jpg
Te-no_0190.jpg,notumor,train,train/notumor/Te-no_0190.jpg
Te-no_0184.jpg,notumor,train,train/notumor/Te-no_0184.jpg
N_435_SP_.jpg,notumor,train,train/notumor/N_435_SP_.jpg
N_422.jpg,notumor,train,train/notumor/N_422.jpg
N_425_SP_.jpg,notumor,train,train/notumor/N_425_SP_.jpg
N_436.jpg,notumor,train,train/notumor/N_436.jpg
Te-no_0153.jpg,notumor,train,train/notumor/Te-no_0153.jpg
N_378.jpg,notumor,train,train/notumor/N_378.jpg
Te-no_0147.jpg,notumor,train,train/notumor/Te-no_0147.jpg
N_36_BR_.jpg,notumor,train,train/notumor/N_36_BR_.jpg
Tr-no_0467.jpg,notumor,train,train/notumor/Tr-no_0467.jpg
Tr-no_0301.jpg,notumor,train,train/notumor/Tr-no_0301.jpg
Tr-no_0315.jpg,notumor,train,train/notumor/Tr-no_0315.jpg
Tr-no_0473.jpg,notumor,train,train/notumor/Tr-no_0473.jpg
N_58_HF_.jpg,notumor,train,train/notumor/N_58_HF_.jpg
Tr-no_0329.jpg,notumor,train,train/notumor/Tr-no_0329.jpg
N_48_HF_.jpg,notumor,train,train/notumor/N_48_HF_.jpg
1735.jpg,notumor,train,train/notumor/1735.jpg
No11.jpg,notumor,train,train/notumor/No11.jpg
1721.jpg,notumor,train,train/notumor/1721.jpg
1709.jpg,notumor,train,train/notumor/1709.jpg
Tr-no_0498.jpg,notumor,train,train/notumor/Tr-no_0498.jpg
N_418_DA_.jpg,notumor,train,train/notumor/N_418_DA_.jpg
N_50.jpg,notumor,train,train/notumor/N_50.jpg
N_44.jpg,notumor,train,train/notumor/N_44.jpg
N_408_DA_.jpg,notumor,train,train/notumor/N_408_DA_.jpg
N_389_VF_.jpg,notumor,train,train/notumor/N_389_VF_.jpg
1682.jpg,notumor,train,train/notumor/1682.jpg
Tr-no_0513.jpg,notumor,train,train/notumor/Tr-no_0513.jpg
Tr-no_0275.jpg,notumor,train,train/notumor/Tr-no_0275.jpg
N_373_BR_.jpg,notumor,train,train/notumor/N_373_BR_.jpg
Tr-no_0261.jpg,notumor,train,train/notumor/Tr-no_0261.jpg
N_399_VF_.jpg,notumor,train,train/notumor/N_399_VF_.jpg
1696.jpg,notumor,train,train/notumor/1696.jpg
Tr-no_0507.jpg,notumor,train,train/notumor/Tr-no_0507.jpg
1866.jpg,notumor,train,train/notumor/1866.jpg
Tr-no_0249.jpg,notumor,train,train/notumor/Tr-no_0249.jpg
1872.jpg,notumor,train,train/notumor/1872.jpg
1641.jpg,notumor,train,train/notumor/1641.jpg
Te-no_0219.jpg,notumor,train,train/notumor/Te-no_0219.jpg
1655.jpg,notumor,train,train/notumor/1655.jpg
N_413_RO_.jpg,notumor,train,train/notumor/N_413_RO_.jpg
Te-no_0225.jpg,notumor,train,train/notumor/Te-no_0225.jpg
N_403_RO_.jpg,notumor,train,train/notumor/N_403_RO_.jpg
Te-no_0231.jpg,notumor,train,train/notumor/Te-no_0231.jpg
1669.jpg,notumor,train,train/notumor/1669.jpg
Tr-no_0077.jpg,notumor,train,train/notumor/Tr-no_0077.jpg
N_44_BR_.jpg,notumor,train,train/notumor/N_44_BR_.jpg
N_387_RO_.jpg,notumor,train,train/notumor/N_387_RO_.jpg
Tr-no_0063.jpg,notumor,train,train/notumor/Tr-no_0063.jpg
N_397_RO_.jpg,notumor,train,train/notumor/N_397_RO_.jpg
7 no.jpg,notumor,train,train/notumor/7 no.jpg
Tr-no_0088.jpg,notumor,train,train/notumor/Tr-no_0088.jpg
N_420_HF_.jpg,notumor,train,train/notumor/N_420_HF_.jpg
image(152) - Copy.jpg,notumor,train,train/notumor/image(152) - Copy.jpg
N_430_HF_.jpg,notumor,train,train/notumor/N_430_HF_.jpg
image(164).jpg,notumor,train,train/notumor/image(164).jpg
N_406_HF_.jpg,notumor,train,train/notumor/N_406_HF_.jpg
N_416_HF_.jpg,notumor,train,train/notumor/N_416_HF_.jpg
Tr-no_0075.jpg,notumor,train,train/notumor/Tr-no_0075.jpg
N_46_DA_.jpg,notumor,train,train/notumor/N_46_DA_.jpg
Tr-no_0061.jpg,notumor,train,train/notumor/Tr-no_0061.jpg
Tr-no_0288.jpg,notumor,train,train/notumor/Tr-no_0288.jpg
Te-no_0227.jpg,notumor,train,train/notumor/Te-no_0227.jpg
Te-no_0233.jpg,notumor,train,train/notumor/Te-no_0233.jpg
image(144).jpg,notumor,train,train/notumor/image(144).jpg
N_435_RO_.jpg,notumor,train,train/notumor/N_435_RO_.jpg
1643.jpg,notumor,train,train/notumor/1643.jpg
1657.jpg,notumor,train,train/notumor/1657.jpg
N_425_RO_.jpg,notumor,train,train/notumor/N_425_RO_.jpg
1864.jpg,notumor,train,train/notumor/1864.jpg
N_392_HF_.jpg,notumor,train,train/notumor/N_392_HF_.jpg
Tr-no_0539.jpg,notumor,train,train/notumor/Tr-no_0539.jpg
1870.jpg,notumor,train,train/notumor/1870.jpg
N_382_HF_.jpg,notumor,train,train/notumor/N_382_HF_.jpg
Tr-no_0277.jpg,notumor,train,train/notumor/Tr-no_0277.jpg
Tr-no_0511.jpg,notumor,train,train/notumor/Tr-no_0511.jpg
1858.jpg,notumor,train,train/notumor/1858.jpg
1680.jpg,notumor,train,train/notumor/1680.jpg
12 no.jpg,notumor,train,train/notumor/12 no.jpg
N_371_DA_.jpg,notumor,train,train/notumor/N_371_DA_.jpg
image(147) - Copy.jpg,notumor,train,train/notumor/image(147) - Copy.jpg
Tr-no_0505.jpg,notumor,train,train/notumor/Tr-no_0505.jpg
1694.jpg,notumor,train,train/notumor/1694.jpg
Tr-no_0263.jpg,notumor,train,train/notumor/Tr-no_0263.jpg
N_52.jpg,notumor,train,train/notumor/N_52.jpg
image(152).jpg,notumor,train,train/notumor/image(152).jpg
N_46.jpg,notumor,train,train/notumor/N_46.jpg
No13.jpg,notumor,train,train/notumor/No13.jpg
1737.jpg,notumor,train,train/notumor/1737.jpg
1723.jpg,notumor,train,train/notumor/1723.jpg
Tr-no_0459.jpg,notumor,train,train/notumor/Tr-no_0459.jpg
N_43_VF_.jpg,notumor,train,train/notumor/N_43_VF_.jpg
Tr-no_0303.jpg,notumor,train,train/notumor/Tr-no_0303.jpg
N_387_SP_.jpg,notumor,train,train/notumor/N_387_SP_.jpg
Tr-no_0465.jpg,notumor,train,train/notumor/Tr-no_0465.jpg
Tr-no_0471.jpg,notumor,train,train/notumor/Tr-no_0471.jpg
Tr-no_0317.jpg,notumor,train,train/notumor/Tr-no_0317.jpg
N_397_SP_.jpg,notumor,train,train/notumor/N_397_SP_.jpg
N_413_SP_.jpg,notumor,train,train/notumor/N_413_SP_.jpg
Te-no_0151.jpg,notumor,train,train/notumor/Te-no_0151.jpg
N_403_SP_.jpg,notumor,train,train/notumor/N_403_SP_.jpg
Te-no_0145.jpg,notumor,train,train/notumor/Te-no_0145.jpg
N_408.jpg,notumor,train,train/notumor/N_408.jpg
N_420.jpg,notumor,train,train/notumor/N_420.jpg
Te-no_0179.jpg,notumor,train,train/notumor/Te-no_0179.jpg
N_434.jpg,notumor,train,train/notumor/N_434.jpg
Te-no_0192.jpg,notumor,train,train/notumor/Te-no_0192.jpg
Te-no_0186.jpg,notumor,train,train/notumor/Te-no_0186.jpg
Tr-no_0129.jpg,notumor,train,train/notumor/Tr-no_0129.jpg
N_374_VF_.jpg,notumor,train,train/notumor/N_374_VF_.jpg
Tr-no_0667.jpg,notumor,train,train/notumor/Tr-no_0667.jpg
N_385.jpg,notumor,train,train/notumor/N_385.jpg
Tr-no_0101.jpg,notumor,train,train/notumor/Tr-no_0101.jpg
N16.jpg,notumor,train,train/notumor/N16.jpg
Tr-no_0115.jpg,notumor,train,train/notumor/Tr-no_0115.jpg
Tr-no_0673.jpg,notumor,train,train/notumor/Tr-no_0673.jpg
N_391.jpg,notumor,train,train/notumor/N_391.jpg
N17.jpg,notumor,train,train/notumor/N17.jpg
Tr-no_0114.jpg,notumor,train,train/notumor/Tr-no_0114.jpg
N_390_VF_.jpg,notumor,train,train/notumor/N_390_VF_.jpg
image(191).jpg,notumor,train,train/notumor/image(191).jpg
N_390.jpg,notumor,train,train/notumor/N_390.jpg
Tr-no_0672.jpg,notumor,train,train/notumor/Tr-no_0672.jpg
N_384.jpg,notumor,train,train/notumor/N_384.jpg
N_380_VF_.jpg,notumor,train,train/notumor/N_380_VF_.jpg
N_44_SP_.jpg,notumor,train,train/notumor/N_44_SP_.jpg
Tr-no_0100.jpg,notumor,train,train/notumor/Tr-no_0100.jpg
Tr-no_0128.jpg,notumor,train,train/notumor/Tr-no_0128.jpg
Te-no_0187.jpg,notumor,train,train/notumor/Te-no_0187.jpg
Te-no_0193.jpg,notumor,train,train/notumor/Te-no_0193.jpg
N_435.jpg,notumor,train,train/notumor/N_435.jpg
Te-no_0178.jpg,notumor,train,train/notumor/Te-no_0178.jpg
N_421.jpg,notumor,train,train/notumor/N_421.jpg
N_409.jpg,notumor,train,train/notumor/N_409.jpg
Te-no_0144.jpg,notumor,train,train/notumor/Te-no_0144.jpg
Te-no_0150.jpg,notumor,train,train/notumor/Te-no_0150.jpg
Tr-no_0470.jpg,notumor,train,train/notumor/Tr-no_0470.jpg
Tr-no_0316.jpg,notumor,train,train/notumor/Tr-no_0316.jpg
Tr-no_0302.jpg,notumor,train,train/notumor/Tr-no_0302.jpg
Tr-no_0464.jpg,notumor,train,train/notumor/Tr-no_0464.jpg
N_373_SP_.jpg,notumor,train,train/notumor/N_373_SP_.jpg
Tr-no_0458.jpg,notumor,train,train/notumor/Tr-no_0458.jpg
1722.jpg,notumor,train,train/notumor/1722.jpg
36 no.jpg,notumor,train,train/notumor/36 no.jpg
1736.jpg,notumor,train,train/notumor/1736.jpg
No12.jpg,notumor,train,train/notumor/No12.jpg
N_404_VF_.jpg,notumor,train,train/notumor/N_404_VF_.jpg
N_47.jpg,notumor,train,train/notumor/N_47.jpg
N_429_HF_.jpg,notumor,train,train/notumor/N_429_HF_.jpg
N_414_VF_.jpg,notumor,train,train/notumor/N_414_VF_.jpg
1695.jpg,notumor,train,train/notumor/1695.jpg
Tr-no_0504.jpg,notumor,train,train/notumor/Tr-no_0504.jpg
Tr-no_0262.jpg,notumor,train,train/notumor/Tr-no_0262.jpg
N_395_DA_.jpg,notumor,train,train/notumor/N_395_DA_.jpg
Tr-no_0276.jpg,notumor,train,train/notumor/Tr-no_0276.jpg
N_385_DA_.jpg,notumor,train,train/notumor/N_385_DA_.jpg
1681.jpg,notumor,train,train/notumor/1681.jpg
1859.jpg,notumor,train,train/notumor/1859.jpg
Tr-no_0510.jpg,notumor,train,train/notumor/Tr-no_0510.jpg
1871.jpg,notumor,train,train/notumor/1871.jpg
Tr-no_0538.jpg,notumor,train,train/notumor/Tr-no_0538.jpg
N_376_HF_.jpg,notumor,train,train/notumor/N_376_HF_.jpg
1865.jpg,notumor,train,train/notumor/1865.jpg
1656.jpg,notumor,train,train/notumor/1656.jpg
1642.jpg,notumor,train,train/notumor/1642.jpg
Te-no_0232.jpg,notumor,train,train/notumor/Te-no_0232.jpg
Te-no_0226.jpg,notumor,train,train/notumor/Te-no_0226.jpg
Tr-no_0289.jpg,notumor,train,train/notumor/Tr-no_0289.jpg
Tr-no_0060.jpg,notumor,train,train/notumor/Tr-no_0060.jpg
image(187).jpg,notumor,train,train/notumor/image(187).jpg
Tr-no_0074.jpg,notumor,train,train/notumor/Tr-no_0074.jpg
N_41_HF_.jpg,notumor,train,train/notumor/N_41_HF_.jpg
N_51_HF_.jpg,notumor,train,train/notumor/N_51_HF_.jpg
N_425_BR_.jpg,notumor,train,train/notumor/N_425_BR_.jpg
N_435_BR_.jpg,notumor,train,train/notumor/N_435_BR_.jpg
N_401_DA_.jpg,notumor,train,train/notumor/N_401_DA_.jpg
N_36_SP_.jpg,notumor,train,train/notumor/N_36_SP_.jpg
image(16) - Copy.jpg,notumor,train,train/notumor/image(16) - Copy.jpg
N_411_DA_.jpg,notumor,train,train/notumor/N_411_DA_.jpg
N_424_RO_.jpg,notumor,train,train/notumor/N_424_RO_.jpg
N_434_RO_.jpg,notumor,train,train/notumor/N_434_RO_.jpg
Tr-no_0070.jpg,notumor,train,train/notumor/Tr-no_0070.jpg
N_370_DA_.jpg,notumor,train,train/notumor/N_370_DA_.jpg
image(186).jpg,notumor,train,train/notumor/image(186).jpg
Tr-no_0064.jpg,notumor,train,train/notumor/Tr-no_0064.jpg
N_383_HF_.jpg,notumor,train,train/notumor/N_383_HF_.jpg
N_393_HF_.jpg,notumor,train,train/notumor/N_393_HF_.jpg
Tr-no_0058.jpg,notumor,train,train/notumor/Tr-no_0058.jpg
1646.jpg,notumor,train,train/notumor/1646.jpg
N_417_HF_.jpg,notumor,train,train/notumor/N_417_HF_.jpg
1652.jpg,notumor,train,train/notumor/1652.jpg
N_407_HF_.jpg,notumor,train,train/notumor/N_407_HF_.jpg
Te-no_0222.jpg,notumor,train,train/notumor/Te-no_0222.jpg
Tr-no_0299.jpg,notumor,train,train/notumor/Tr-no_0299.jpg
N_4_SP_.jpg,notumor,train,train/notumor/N_4_SP_.jpg
Te-no_0236.jpg,notumor,train,train/notumor/Te-no_0236.jpg
Tr-no_0514.jpg,notumor,train,train/notumor/Tr-no_0514.jpg
1685.jpg,notumor,train,train/notumor/1685.jpg
N_57_DA_.jpg,notumor,train,train/notumor/N_57_DA_.jpg
Tr-no_0272.jpg,notumor,train,train/notumor/Tr-no_0272.jpg
Tr-no_0266.jpg,notumor,train,train/notumor/Tr-no_0266.jpg
N_47_DA_.jpg,notumor,train,train/notumor/N_47_DA_.jpg
1849.jpg,notumor,train,train/notumor/1849.jpg
1691.jpg,notumor,train,train/notumor/1691.jpg
1861.jpg,notumor,train,train/notumor/1861.jpg
Tr-no_0528.jpg,notumor,train,train/notumor/Tr-no_0528.jpg
1875.jpg,notumor,train,train/notumor/1875.jpg
No16.jpg,notumor,train,train/notumor/No16.jpg
1732.jpg,notumor,train,train/notumor/1732.jpg
1726.jpg,notumor,train,train/notumor/1726.jpg
N_57.jpg,notumor,train,train/notumor/N_57.jpg
N_402_SP_.jpg,notumor,train,train/notumor/N_402_SP_.jpg
N_43.jpg,notumor,train,train/notumor/N_43.jpg
image(142) - Copy.jpg,notumor,train,train/notumor/image(142) - Copy.jpg
N_412_SP_.jpg,notumor,train,train/notumor/N_412_SP_.jpg
Tr-no_0460.jpg,notumor,train,train/notumor/Tr-no_0460.jpg
Tr-no_0306.jpg,notumor,train,train/notumor/Tr-no_0306.jpg
10 no.jpg,notumor,train,train/notumor/10 no.jpg
Tr-no_0312.jpg,notumor,train,train/notumor/Tr-no_0312.jpg
Tr-no_0474.jpg,notumor,train,train/notumor/Tr-no_0474.jpg
N_375_VF_.jpg,notumor,train,train/notumor/N_375_VF_.jpg
Tr-no_0448.jpg,notumor,train,train/notumor/Tr-no_0448.jpg
N_425.jpg,notumor,train,train/notumor/N_425.jpg
Te-no_0168.jpg,notumor,train,train/notumor/Te-no_0168.jpg
N_431.jpg,notumor,train,train/notumor/N_431.jpg
N_419.jpg,notumor,train,train/notumor/N_419.jpg
Te-no_0154.jpg,notumor,train,train/notumor/Te-no_0154.jpg
Tr-no_0689.jpg,notumor,train,train/notumor/Tr-no_0689.jpg
Te-no_0140.jpg,notumor,train,train/notumor/Te-no_0140.jpg
Tr-no_0104.jpg,notumor,train,train/notumor/Tr-no_0104.jpg
N_396_SP_.jpg,notumor,train,train/notumor/N_396_SP_.jpg
image(190).jpg,notumor,train,train/notumor/image(190).jpg
N_380.jpg,notumor,train,train/notumor/N_380.jpg
N_386_SP_.jpg,notumor,train,train/notumor/N_386_SP_.jpg
Tr-no_0676.jpg,notumor,train,train/notumor/Tr-no_0676.jpg
N_394.jpg,notumor,train,train/notumor/N_394.jpg
N_42_VF_.jpg,notumor,train,train/notumor/N_42_VF_.jpg
Tr-no_0110.jpg,notumor,train,train/notumor/Tr-no_0110.jpg
Te-no_0197.jpg,notumor,train,train/notumor/Te-no_0197.jpg
Tr-no_0138.jpg,notumor,train,train/notumor/Tr-no_0138.jpg
Te-no_0183.jpg,notumor,train,train/notumor/Te-no_0183.jpg
Te-no_0182.jpg,notumor,train,train/notumor/Te-no_0182.jpg
Tr-no_0139.jpg,notumor,train,train/notumor/Tr-no_0139.jpg
Te-no_0196.jpg,notumor,train,train/notumor/Te-no_0196.jpg
N_395.jpg,notumor,train,train/notumor/N_395.jpg
Tr-no_0677.jpg,notumor,train,train/notumor/Tr-no_0677.jpg
N_372_SP_.jpg,notumor,train,train/notumor/N_372_SP_.jpg
Tr-no_0111.jpg,notumor,train,train/notumor/Tr-no_0111.jpg
Tr-no_0105.jpg,notumor,train,train/notumor/Tr-no_0105.jpg
N_381.jpg,notumor,train,train/notumor/N_381.jpg
N_415_VF_.jpg,notumor,train,train/notumor/N_415_VF_.jpg
Te-no_0141.jpg,notumor,train,train/notumor/Te-no_0141.jpg
N_428_HF_.jpg,notumor,train,train/notumor/N_428_HF_.jpg
N_405_VF_.jpg,notumor,train,train/notumor/N_405_VF_.jpg
Te-no_0155.jpg,notumor,train,train/notumor/Te-no_0155.jpg
N_418.jpg,notumor,train,train/notumor/N_418.jpg
N_438_HF_.jpg,notumor,train,train/notumor/N_438_HF_.jpg
N_430.jpg,notumor,train,train/notumor/N_430.jpg
Te-no_0169.jpg,notumor,train,train/notumor/Te-no_0169.jpg
N_424.jpg,notumor,train,train/notumor/N_424.jpg
Tr-no_0449.jpg,notumor,train,train/notumor/Tr-no_0449.jpg
N_45_SP_.jpg,notumor,train,train/notumor/N_45_SP_.jpg
Tr-no_0313.jpg,notumor,train,train/notumor/Tr-no_0313.jpg
N_381_VF_.jpg,notumor,train,train/notumor/N_381_VF_.jpg
Tr-no_0475.jpg,notumor,train,train/notumor/Tr-no_0475.jpg
Tr-no_0461.jpg,notumor,train,train/notumor/Tr-no_0461.jpg
no 923.jpg,notumor,train,train/notumor/no 923.jpg
N_391_VF_.jpg,notumor,train,train/notumor/N_391_VF_.jpg
image(153).jpg,notumor,train,train/notumor/image(153).jpg
N_42.jpg,notumor,train,train/notumor/N_42.jpg
38 no.jpg,notumor,train,train/notumor/38 no.jpg
1727.jpg,notumor,train,train/notumor/1727.jpg
1733.jpg,notumor,train,train/notumor/1733.jpg
No17.jpg,notumor,train,train/notumor/No17.jpg
N_50_HF_.jpg,notumor,train,train/notumor/N_50_HF_.jpg
1874.jpg,notumor,train,train/notumor/1874.jpg
Tr-no_0529.jpg,notumor,train,train/notumor/Tr-no_0529.jpg
1860.jpg,notumor,train,train/notumor/1860.jpg
N_40_HF_.jpg,notumor,train,train/notumor/N_40_HF_.jpg
Tr-no_0267.jpg,notumor,train,train/notumor/Tr-no_0267.jpg
1690.jpg,notumor,train,train/notumor/1690.jpg
1848.jpg,notumor,train,train/notumor/1848.jpg
1684.jpg,notumor,train,train/notumor/1684.jpg
Tr-no_0515.jpg,notumor,train,train/notumor/Tr-no_0515.jpg
Tr-no_0273.jpg,notumor,train,train/notumor/Tr-no_0273.jpg
Te-no_0237.jpg,notumor,train,train/notumor/Te-no_0237.jpg
Tr-no_0298.jpg,notumor,train,train/notumor/Tr-no_0298.jpg
N_410_DA_.jpg,notumor,train,train/notumor/N_410_DA_.jpg
N_37_SP_.jpg,notumor,train,train/notumor/N_37_SP_.jpg
Te-no_0223.jpg,notumor,train,train/notumor/Te-no_0223.jpg
N_400_DA_.jpg,notumor,train,train/notumor/N_400_DA_.jpg
image(145).jpg,notumor,train,train/notumor/image(145).jpg
N_434_BR_.jpg,notumor,train,train/notumor/N_434_BR_.jpg
1653.jpg,notumor,train,train/notumor/1653.jpg
1647.jpg,notumor,train,train/notumor/1647.jpg
34 no.jpg,notumor,train,train/notumor/34 no.jpg
N_424_BR_.jpg,notumor,train,train/notumor/N_424_BR_.jpg
Tr-no_0059.jpg,notumor,train,train/notumor/Tr-no_0059.jpg
N_377_HF_.jpg,notumor,train,train/notumor/N_377_HF_.jpg
N_384_DA_.jpg,notumor,train,train/notumor/N_384_DA_.jpg
Tr-no_0065.jpg,notumor,train,train/notumor/Tr-no_0065.jpg
1 no.jpeg,notumor,train,train/notumor/1 no.jpeg
Tr-no_0071.jpg,notumor,train,train/notumor/Tr-no_0071.jpg
N_394_DA_.jpg,notumor,train,train/notumor/N_394_DA_.jpg
N_3_VF_.jpg,notumor,train,train/notumor/N_3_VF_.jpg
Tr-no_0098.jpg,notumor,train,train/notumor/Tr-no_0098.jpg
image(165).jpg,notumor,train,train/notumor/image(165).jpg
N_45_RO_.jpg,notumor,train,train/notumor/N_45_RO_.jpg
N_386_BR_.jpg,notumor,train,train/notumor/N_386_BR_.jpg
Tr-no_0067.jpg,notumor,train,train/notumor/Tr-no_0067.jpg
N_396_BR_.jpg,notumor,train,train/notumor/N_396_BR_.jpg
Tr-no_0073.jpg,notumor,train,train/notumor/Tr-no_0073.jpg
1651.jpg,notumor,train,train/notumor/1651.jpg
N_436_DA_.jpg,notumor,train,train/notumor/N_436_DA_.jpg
Te-no_0209.jpg,notumor,train,train/notumor/Te-no_0209.jpg
1645.jpg,notumor,train,train/notumor/1645.jpg
N_426_DA_.jpg,notumor,train,train/notumor/N_426_DA_.jpg
no 100.jpg,notumor,train,train/notumor/no 100.jpg
Te-no_0235.jpg,notumor,train,train/notumor/Te-no_0235.jpg
N_412_BR_.jpg,notumor,train,train/notumor/N_412_BR_.jpg
Te-no_0221.jpg,notumor,train,train/notumor/Te-no_0221.jpg
1679.jpg,notumor,train,train/notumor/1679.jpg
N_402_BR_.jpg,notumor,train,train/notumor/N_402_BR_.jpg
1692.jpg,notumor,train,train/notumor/1692.jpg
N_372_RO_.jpg,notumor,train,train/notumor/N_372_RO_.jpg
Tr-no_0265.jpg,notumor,train,train/notumor/Tr-no_0265.jpg
Tr-no_0271.jpg,notumor,train,train/notumor/Tr-no_0271.jpg
Tr-no_0517.jpg,notumor,train,train/notumor/Tr-no_0517.jpg
1686.jpg,notumor,train,train/notumor/1686.jpg
1876.jpg,notumor,train,train/notumor/1876.jpg
Tr-no_0259.jpg,notumor,train,train/notumor/Tr-no_0259.jpg
1862.jpg,notumor,train,train/notumor/1862.jpg
1725.jpg,notumor,train,train/notumor/1725.jpg
No15.jpg,notumor,train,train/notumor/No15.jpg
1731.jpg,notumor,train,train/notumor/1731.jpg
N_4_BR_.jpg,notumor,train,train/notumor/N_4_BR_.jpg
Tr-no_0488.jpg,notumor,train,train/notumor/Tr-no_0488.jpg
1719.jpg,notumor,train,train/notumor/1719.jpg
N_40.jpg,notumor,train,train/notumor/N_40.jpg
N_39_VF_.jpg,notumor,train,train/notumor/N_39_VF_.jpg
N_379_DA_.jpg,notumor,train,train/notumor/N_379_DA_.jpg
Tr-no_0477.jpg,notumor,train,train/notumor/Tr-no_0477.jpg
N_369_DA_.jpg,notumor,train,train/notumor/N_369_DA_.jpg
Tr-no_0305.jpg,notumor,train,train/notumor/Tr-no_0305.jpg
Tr-no_0463.jpg,notumor,train,train/notumor/Tr-no_0463.jpg
Tr-no_0339.jpg,notumor,train,train/notumor/Tr-no_0339.jpg
N_432.jpg,notumor,train,train/notumor/N_432.jpg
N_433_VF_.jpg,notumor,train,train/notumor/N_433_VF_.jpg
N_423_VF_.jpg,notumor,train,train/notumor/N_423_VF_.jpg
N_426.jpg,notumor,train,train/notumor/N_426.jpg
image(173).jpg,notumor,train,train/notumor/image(173).jpg
Te-no_0143.jpg,notumor,train,train/notumor/Te-no_0143.jpg
N_368.jpg,notumor,train,train/notumor/N_368.jpg
N_37_RO_.jpg,notumor,train,train/notumor/N_37_RO_.jpg
Te-no_0157.jpg,notumor,train,train/notumor/Te-no_0157.jpg
Tr-no_0113.jpg,notumor,train,train/notumor/Tr-no_0113.jpg
Tr-no_0675.jpg,notumor,train,train/notumor/Tr-no_0675.jpg
N_397.jpg,notumor,train,train/notumor/N_397.jpg
N_383.jpg,notumor,train,train/notumor/N_383.jpg
Tr-no_0107.jpg,notumor,train,train/notumor/Tr-no_0107.jpg
Te-no_0180.jpg,notumor,train,train/notumor/Te-no_0180.jpg
Tr-no_0649.jpg,notumor,train,train/notumor/Tr-no_0649.jpg
Te-no_0194.jpg,notumor,train,train/notumor/Te-no_0194.jpg
N_49_HF_.jpg,notumor,train,train/notumor/N_49_HF_.jpg
Te-no_0195.jpg,notumor,train,train/notumor/Te-no_0195.jpg
5 no.jpg,notumor,train,train/notumor/5 no.jpg
Te-no_0181.jpg,notumor,train,train/notumor/Te-no_0181.jpg
Tr-no_0648.jpg,notumor,train,train/notumor/Tr-no_0648.jpg
N_382.jpg,notumor,train,train/notumor/N_382.jpg
Tr-no_0106.jpg,notumor,train,train/notumor/Tr-no_0106.jpg
image(157) - Copy.jpg,notumor,train,train/notumor/image(157) - Copy.jpg
N11.jpg,notumor,train,train/notumor/N11.jpg
Tr-no_0112.jpg,notumor,train,train/notumor/Tr-no_0112.jpg
N_396.jpg,notumor,train,train/notumor/N_396.jpg
Tr-no_0674.jpg,notumor,train,train/notumor/Tr-no_0674.jpg
N_409_DA_.jpg,notumor,train,train/notumor/N_409_DA_.jpg
Te-no_0156.jpg,notumor,train,train/notumor/Te-no_0156.jpg
Te-no_0142.jpg,notumor,train,train/notumor/Te-no_0142.jpg
N_4_RO_.jpg,notumor,train,train/notumor/N_4_RO_.jpg
N_419_DA_.jpg,notumor,train,train/notumor/N_419_DA_.jpg
N_369.jpg,notumor,train,train/notumor/N_369.jpg
N_427.jpg,notumor,train,train/notumor/N_427.jpg
N_433.jpg,notumor,train,train/notumor/N_433.jpg
Tr-no_0338.jpg,notumor,train,train/notumor/Tr-no_0338.jpg
Tr-no_0304.jpg,notumor,train,train/notumor/Tr-no_0304.jpg
Tr-no_0462.jpg,notumor,train,train/notumor/Tr-no_0462.jpg
Tr-no_0476.jpg,notumor,train,train/notumor/Tr-no_0476.jpg
N_37_BR_.jpg,notumor,train,train/notumor/N_37_BR_.jpg
1718.jpg,notumor,train,train/notumor/1718.jpg
Tr-no_0489.jpg,notumor,train,train/notumor/Tr-no_0489.jpg
N_41.jpg,notumor,train,train/notumor/N_41.jpg
Te-no_0368.jpg,notumor,train,train/notumor/Te-no_0368.jpg
1730.jpg,notumor,train,train/notumor/1730.jpg
No14.jpg,notumor,train,train/notumor/No14.jpg
N_424_SP_.jpg,notumor,train,train/notumor/N_424_SP_.jpg
1724.jpg,notumor,train,train/notumor/1724.jpg
N_434_SP_.jpg,notumor,train,train/notumor/N_434_SP_.jpg
image(149).jpg,notumor,train,train/notumor/image(149).jpg
1863.jpg,notumor,train,train/notumor/1863.jpg
1877.jpg,notumor,train,train/notumor/1877.jpg
Tr-no_0258.jpg,notumor,train,train/notumor/Tr-no_0258.jpg
Tr-no_0270.jpg,notumor,train,train/notumor/Tr-no_0270.jpg
N_396_RO_.jpg,notumor,train,train/notumor/N_396_RO_.jpg
1687.jpg,notumor,train,train/notumor/1687.jpg
Tr-no_0516.jpg,notumor,train,train/notumor/Tr-no_0516.jpg
N_386_RO_.jpg,notumor,train,train/notumor/N_386_RO_.jpg
N_45_BR_.jpg,notumor,train,train/notumor/N_45_BR_.jpg
1693.jpg,notumor,train,train/notumor/1693.jpg
Tr-no_0264.jpg,notumor,train,train/notumor/Tr-no_0264.jpg
Te-no_0220.jpg,notumor,train,train/notumor/Te-no_0220.jpg
N_431_HF_.jpg,notumor,train,train/notumor/N_431_HF_.jpg
1678.jpg,notumor,train,train/notumor/1678.jpg
Te-no_0234.jpg,notumor,train,train/notumor/Te-no_0234.jpg
N_421_HF_.jpg,notumor,train,train/notumor/N_421_HF_.jpg
1644.jpg,notumor,train,train/notumor/1644.jpg
1650.jpg,notumor,train,train/notumor/1650.jpg
Te-no_0208.jpg,notumor,train,train/notumor/Te-no_0208.jpg
image(15).jpg,notumor,train,train/notumor/image(15).jpg
9 no.jpg,notumor,train,train/notumor/9 no.jpg
N_398_VF_.jpg,notumor,train,train/notumor/N_398_VF_.jpg
Tr-no_0072.jpg,notumor,train,train/notumor/Tr-no_0072.jpg
Tr-no_0066.jpg,notumor,train,train/notumor/Tr-no_0066.jpg
N_372_BR_.jpg,notumor,train,train/notumor/N_372_BR_.jpg
N_388_VF_.jpg,notumor,train,train/notumor/N_388_VF_.jpg
N_402_RO_.jpg,notumor,train,train/notumor/N_402_RO_.jpg
N_412_RO_.jpg,notumor,train,train/notumor/N_412_RO_.jpg
Tr-no_0080.jpg,notumor,train,train/notumor/Tr-no_0080.jpg
N_438_BR_.jpg,notumor,train,train/notumor/N_438_BR_.jpg
Tr-no_0094.jpg,notumor,train,train/notumor/Tr-no_0094.jpg
image(189).jpg,notumor,train,train/notumor/image(189).jpg
N_428_BR_.jpg,notumor,train,train/notumor/N_428_BR_.jpg
Tr-no_0057.jpg,notumor,train,train/notumor/Tr-no_0057.jpg
Te-no_0211.jpg,notumor,train,train/notumor/Te-no_0211.jpg
1649.jpg,notumor,train,train/notumor/1649.jpg
Te-no_0205.jpg,notumor,train,train/notumor/Te-no_0205.jpg
Tr-no_0282.jpg,notumor,train,train/notumor/Tr-no_0282.jpg
1675.jpg,notumor,train,train/notumor/1675.jpg
N_431_SP_.jpg,notumor,train,train/notumor/N_431_SP_.jpg
1661.jpg,notumor,train,train/notumor/1661.jpg
N_421_SP_.jpg,notumor,train,train/notumor/N_421_SP_.jpg
Tr-no_0296.jpg,notumor,train,train/notumor/Tr-no_0296.jpg
Te-no_0239.jpg,notumor,train,train/notumor/Te-no_0239.jpg
1852.jpg,notumor,train,train/notumor/1852.jpg
1846.jpg,notumor,train,train/notumor/1846.jpg
Tr-no_0269.jpg,notumor,train,train/notumor/Tr-no_0269.jpg
Tr-no_0241.jpg,notumor,train,train/notumor/Tr-no_0241.jpg
N_388_DA_.jpg,notumor,train,train/notumor/N_388_DA_.jpg
Tr-no_0527.jpg,notumor,train,train/notumor/Tr-no_0527.jpg
N_398_DA_.jpg,notumor,train,train/notumor/N_398_DA_.jpg
Tr-no_0533.jpg,notumor,train,train/notumor/Tr-no_0533.jpg
Tr-no_0255.jpg,notumor,train,train/notumor/Tr-no_0255.jpg
N_419_VF_.jpg,notumor,train,train/notumor/N_419_VF_.jpg
Te-no_0365.jpg,notumor,train,train/notumor/Te-no_0365.jpg
N_424_HF_.jpg,notumor,train,train/notumor/N_424_HF_.jpg
No19.jpg,notumor,train,train/notumor/No19.jpg
N_409_VF_.jpg,notumor,train,train/notumor/N_409_VF_.jpg
1729.jpg,notumor,train,train/notumor/1729.jpg
N_434_HF_.jpg,notumor,train,train/notumor/N_434_HF_.jpg
N_58.jpg,notumor,train,train/notumor/N_58.jpg
Tr-no_0490.jpg,notumor,train,train/notumor/Tr-no_0490.jpg
1701.jpg,notumor,train,train/notumor/1701.jpg
Tr-no_0484.jpg,notumor,train,train/notumor/Tr-no_0484.jpg
1715.jpg,notumor,train,train/notumor/1715.jpg
1926.jpg,notumor,train,train/notumor/1926.jpg
Tr-no_0335.jpg,notumor,train,train/notumor/Tr-no_0335.jpg
N_40_BR_.jpg,notumor,train,train/notumor/N_40_BR_.jpg
N_383_RO_.jpg,notumor,train,train/notumor/N_383_RO_.jpg
Tr-no_0453.jpg,notumor,train,train/notumor/Tr-no_0453.jpg
N_393_RO_.jpg,notumor,train,train/notumor/N_393_RO_.jpg
N_50_BR_.jpg,notumor,train,train/notumor/N_50_BR_.jpg
Tr-no_0447.jpg,notumor,train,train/notumor/Tr-no_0447.jpg
Tr-no_0321.jpg,notumor,train,train/notumor/Tr-no_0321.jpg
Te-no_0167.jpg,notumor,train,train/notumor/Te-no_0167.jpg
N_417_RO_.jpg,notumor,train,train/notumor/N_417_RO_.jpg
Te-no_0173.jpg,notumor,train,train/notumor/Te-no_0173.jpg
N_407_RO_.jpg,notumor,train,train/notumor/N_407_RO_.jpg
N_370.jpg,notumor,train,train/notumor/N_370.jpg
Tr-no_0692.jpg,notumor,train,train/notumor/Tr-no_0692.jpg
N_416.jpg,notumor,train,train/notumor/N_416.jpg
N_402.jpg,notumor,train,train/notumor/N_402.jpg
no 90.jpg,notumor,train,train/notumor/no 90.jpg
N_377_BR_.jpg,notumor,train,train/notumor/N_377_BR_.jpg
Tr-no_0651.jpg,notumor,train,train/notumor/Tr-no_0651.jpg
N_49_SP_.jpg,notumor,train,train/notumor/N_49_SP_.jpg
Te-no_0198.jpg,notumor,train,train/notumor/Te-no_0198.jpg
Tr-no_0137.jpg,notumor,train,train/notumor/Tr-no_0137.jpg
Tr-no_0123.jpg,notumor,train,train/notumor/Tr-no_0123.jpg
N20.JPG,notumor,train,train/notumor/N20.JPG
Tr-no_0645.jpg,notumor,train,train/notumor/Tr-no_0645.jpg
N_50_RO_.jpg,notumor,train,train/notumor/N_50_RO_.jpg
Tr-no_0122.jpg,notumor,train,train/notumor/Tr-no_0122.jpg
N21.jpg,notumor,train,train/notumor/N21.jpg
N_393_BR_.jpg,notumor,train,train/notumor/N_393_BR_.jpg
Tr-no_0644.jpg,notumor,train,train/notumor/Tr-no_0644.jpg
N_369_VF_.jpg,notumor,train,train/notumor/N_369_VF_.jpg
Tr-no_0650.jpg,notumor,train,train/notumor/Tr-no_0650.jpg
N_383_BR_.jpg,notumor,train,train/notumor/N_383_BR_.jpg
N_40_RO_.jpg,notumor,train,train/notumor/N_40_RO_.jpg
N_379_VF_.jpg,notumor,train,train/notumor/N_379_VF_.jpg
Tr-no_0136.jpg,notumor,train,train/notumor/Tr-no_0136.jpg
Te-no_0199.jpg,notumor,train,train/notumor/Te-no_0199.jpg
N_403.jpg,notumor,train,train/notumor/N_403.jpg
Tr-no_0693.jpg,notumor,train,train/notumor/Tr-no_0693.jpg
N_371.jpg,notumor,train,train/notumor/N_371.jpg
N_417.jpg,notumor,train,train/notumor/N_417.jpg
Te-no_0172.jpg,notumor,train,train/notumor/Te-no_0172.jpg
N_39_DA_.jpg,notumor,train,train/notumor/N_39_DA_.jpg
image(150) - Copy.jpg,notumor,train,train/notumor/image(150) - Copy.jpg
Te-no_0166.jpg,notumor,train,train/notumor/Te-no_0166.jpg
Tr-no_0446.jpg,notumor,train,train/notumor/Tr-no_0446.jpg
Tr-no_0320.jpg,notumor,train,train/notumor/Tr-no_0320.jpg
N_377_RO_.jpg,notumor,train,train/notumor/N_377_RO_.jpg
Tr-no_0334.jpg,notumor,train,train/notumor/Tr-no_0334.jpg
Tr-no_0452.jpg,notumor,train,train/notumor/Tr-no_0452.jpg
1714.jpg,notumor,train,train/notumor/1714.jpg
Tr-no_0485.jpg,notumor,train,train/notumor/Tr-no_0485.jpg
N_423_DA_.jpg,notumor,train,train/notumor/N_423_DA_.jpg
1700.jpg,notumor,train,train/notumor/1700.jpg
Tr-no_0491.jpg,notumor,train,train/notumor/Tr-no_0491.jpg
N_433_DA_.jpg,notumor,train,train/notumor/N_433_DA_.jpg
1728.jpg,notumor,train,train/notumor/1728.jpg
N_407_BR_.jpg,notumor,train,train/notumor/N_407_BR_.jpg
Te-no_0364.jpg,notumor,train,train/notumor/Te-no_0364.jpg
No18.jpg,notumor,train,train/notumor/No18.jpg
N_417_BR_.jpg,notumor,train,train/notumor/N_417_BR_.jpg
Tr-no_0532.jpg,notumor,train,train/notumor/Tr-no_0532.jpg
Tr-no_0254.jpg,notumor,train,train/notumor/Tr-no_0254.jpg
Tr-no_0240.jpg,notumor,train,train/notumor/Tr-no_0240.jpg
Tr-no_0526.jpg,notumor,train,train/notumor/Tr-no_0526.jpg
1847.jpg,notumor,train,train/notumor/1847.jpg
Tr-no_0268.jpg,notumor,train,train/notumor/Tr-no_0268.jpg
1853.jpg,notumor,train,train/notumor/1853.jpg
1660.jpg,notumor,train,train/notumor/1660.jpg
Te-no_0238.jpg,notumor,train,train/notumor/Te-no_0238.jpg
Tr-no_0297.jpg,notumor,train,train/notumor/Tr-no_0297.jpg
N_428_RO_.jpg,notumor,train,train/notumor/N_428_RO_.jpg
Tr-no_0283.jpg,notumor,train,train/notumor/Tr-no_0283.jpg
1674.jpg,notumor,train,train/notumor/1674.jpg
N_438_RO_.jpg,notumor,train,train/notumor/N_438_RO_.jpg
1884.jpg,notumor,train,train/notumor/1884.jpg
Te-no_0204.jpg,notumor,train,train/notumor/Te-no_0204.jpg
Te-no_0210.jpg,notumor,train,train/notumor/Te-no_0210.jpg
1648.jpg,notumor,train,train/notumor/1648.jpg
Tr-no_0056.jpg,notumor,train,train/notumor/Tr-no_0056.jpg
image(16).jpg,notumor,train,train/notumor/image(16).jpg
N_426_VF_.jpg,notumor,train,train/notumor/N_426_VF_.jpg
Tr-no_0095.jpg,notumor,train,train/notumor/Tr-no_0095.jpg
N_436_VF_.jpg,notumor,train,train/notumor/N_436_VF_.jpg
Tr-no_0081.jpg,notumor,train,train/notumor/Tr-no_0081.jpg
N_400_VF_.jpg,notumor,train,train/notumor/N_400_VF_.jpg
N_410_VF_.jpg,notumor,train,train/notumor/N_410_VF_.jpg
Tr-no_0097.jpg,notumor,train,train/notumor/Tr-no_0097.jpg
Tr-no_0083.jpg,notumor,train,train/notumor/Tr-no_0083.jpg
Tr-no_0068.jpg,notumor,train,train/notumor/Tr-no_0068.jpg
image(185).jpg,notumor,train,train/notumor/image(185).jpg
Tr-no_0054.jpg,notumor,train,train/notumor/Tr-no_0054.jpg
N_377_SP_.jpg,notumor,train,train/notumor/N_377_SP_.jpg
N_49_BR_.jpg,notumor,train,train/notumor/N_49_BR_.jpg
Te-no_0206.jpg,notumor,train,train/notumor/Te-no_0206.jpg
N_3_DA_.jpg,notumor,train,train/notumor/N_3_DA_.jpg
Te-no_0212.jpg,notumor,train,train/notumor/Te-no_0212.jpg
Tr-no_0295.jpg,notumor,train,train/notumor/Tr-no_0295.jpg
1662.jpg,notumor,train,train/notumor/1662.jpg
1676.jpg,notumor,train,train/notumor/1676.jpg
N_37_HF_.jpg,notumor,train,train/notumor/N_37_HF_.jpg
Tr-no_0281.jpg,notumor,train,train/notumor/Tr-no_0281.jpg
1845.jpg,notumor,train,train/notumor/1845.jpg
Tr-no_0518.jpg,notumor,train,train/notumor/Tr-no_0518.jpg
1851.jpg,notumor,train,train/notumor/1851.jpg
1689.jpg,notumor,train,train/notumor/1689.jpg
15 no.jpg,notumor,train,train/notumor/15 no.jpg
N_50_SP_.jpg,notumor,train,train/notumor/N_50_SP_.jpg
Tr-no_0256.jpg,notumor,train,train/notumor/Tr-no_0256.jpg
N_394_VF_.jpg,notumor,train,train/notumor/N_394_VF_.jpg
Tr-no_0530.jpg,notumor,train,train/notumor/Tr-no_0530.jpg
1879.jpg,notumor,train,train/notumor/1879.jpg
Tr-no_0524.jpg,notumor,train,train/notumor/Tr-no_0524.jpg
N_40_SP_.jpg,notumor,train,train/notumor/N_40_SP_.jpg
N_384_VF_.jpg,notumor,train,train/notumor/N_384_VF_.jpg
Tr-no_0242.jpg,notumor,train,train/notumor/Tr-no_0242.jpg
N_405_DA_.jpg,notumor,train,train/notumor/N_405_DA_.jpg
N_415_DA_.jpg,notumor,train,train/notumor/N_415_DA_.jpg
Te-no_0366.jpg,notumor,train,train/notumor/Te-no_0366.jpg
Tr-no_0487.jpg,notumor,train,train/notumor/Tr-no_0487.jpg
N_421_BR_.jpg,notumor,train,train/notumor/N_421_BR_.jpg
1716.jpg,notumor,train,train/notumor/1716.jpg
Tr-no_0493.jpg,notumor,train,train/notumor/Tr-no_0493.jpg
1702.jpg,notumor,train,train/notumor/1702.jpg
N_431_BR_.jpg,notumor,train,train/notumor/N_431_BR_.jpg
N_45_HF_.jpg,notumor,train,train/notumor/N_45_HF_.jpg
Tr-no_0478.jpg,notumor,train,train/notumor/Tr-no_0478.jpg
1925.jpg,notumor,train,train/notumor/1925.jpg
Tr-no_0322.jpg,notumor,train,train/notumor/Tr-no_0322.jpg
19 no.jpg,notumor,train,train/notumor/19 no.jpg
Tr-no_0444.jpg,notumor,train,train/notumor/Tr-no_0444.jpg
image(145) - Copy.jpg,notumor,train,train/notumor/image(145) - Copy.jpg
Tr-no_0450.jpg,notumor,train,train/notumor/Tr-no_0450.jpg
Tr-no_0336.jpg,notumor,train,train/notumor/Tr-no_0336.jpg
Te-no_0170.jpg,notumor,train,train/notumor/Te-no_0170.jpg
Te-no_0164.jpg,notumor,train,train/notumor/Te-no_0164.jpg
N_429.jpg,notumor,train,train/notumor/N_429.jpg
N_401.jpg,notumor,train,train/notumor/N_401.jpg
N_428_SP_.jpg,notumor,train,train/notumor/N_428_SP_.jpg
Te-no_0158.jpg,notumor,train,train/notumor/Te-no_0158.jpg
N_415.jpg,notumor,train,train/notumor/N_415.jpg
N_373.jpg,notumor,train,train/notumor/N_373.jpg
Tr-no_0691.jpg,notumor,train,train/notumor/Tr-no_0691.jpg
N_438_SP_.jpg,notumor,train,train/notumor/N_438_SP_.jpg
N_372_HF_.jpg,notumor,train,train/notumor/N_372_HF_.jpg
N_398.jpg,notumor,train,train/notumor/N_398.jpg
Tr-no_0108.jpg,notumor,train,train/notumor/Tr-no_0108.jpg
Tr-no_0646.jpg,notumor,train,train/notumor/Tr-no_0646.jpg
N_391_DA_.jpg,notumor,train,train/notumor/N_391_DA_.jpg
Tr-no_0120.jpg,notumor,train,train/notumor/Tr-no_0120.jpg
Tr-no_0134.jpg,notumor,train,train/notumor/Tr-no_0134.jpg
image(193).jpg,notumor,train,train/notumor/image(193).jpg
N_381_DA_.jpg,notumor,train,train/notumor/N_381_DA_.jpg
N_375_DA_.jpg,notumor,train,train/notumor/N_375_DA_.jpg
Tr-no_0135.jpg,notumor,train,train/notumor/Tr-no_0135.jpg
Tr-no_0647.jpg,notumor,train,train/notumor/Tr-no_0647.jpg
N22.JPG,notumor,train,train/notumor/N22.JPG
Tr-no_0121.jpg,notumor,train,train/notumor/Tr-no_0121.jpg
Tr-no_0109.jpg,notumor,train,train/notumor/Tr-no_0109.jpg
N_396_HF_.jpg,notumor,train,train/notumor/N_396_HF_.jpg
no 92.jpg,notumor,train,train/notumor/no 92.jpg
N_399.jpg,notumor,train,train/notumor/N_399.jpg
N_386_HF_.jpg,notumor,train,train/notumor/N_386_HF_.jpg
N_414.jpg,notumor,train,train/notumor/N_414.jpg
Te-no_0159.jpg,notumor,train,train/notumor/Te-no_0159.jpg
Tr-no_0690.jpg,notumor,train,train/notumor/Tr-no_0690.jpg
N_431_RO_.jpg,notumor,train,train/notumor/N_431_RO_.jpg
N_372.jpg,notumor,train,train/notumor/N_372.jpg
N_421_RO_.jpg,notumor,train,train/notumor/N_421_RO_.jpg
N_400.jpg,notumor,train,train/notumor/N_400.jpg
N_428.jpg,notumor,train,train/notumor/N_428.jpg
Te-no_0165.jpg,notumor,train,train/notumor/Te-no_0165.jpg
Te-no_0171.jpg,notumor,train,train/notumor/Te-no_0171.jpg
Tr-no_0451.jpg,notumor,train,train/notumor/Tr-no_0451.jpg
image(159) - Copy.jpg,notumor,train,train/notumor/image(159) - Copy.jpg
N_42_DA_.jpg,notumor,train,train/notumor/N_42_DA_.jpg
Tr-no_0337.jpg,notumor,train,train/notumor/Tr-no_0337.jpg
N_52_DA_.jpg,notumor,train,train/notumor/N_52_DA_.jpg
Tr-no_0323.jpg,notumor,train,train/notumor/Tr-no_0323.jpg
Tr-no_0445.jpg,notumor,train,train/notumor/Tr-no_0445.jpg
1924.jpg,notumor,train,train/notumor/1924.jpg
Tr-no_0479.jpg,notumor,train,train/notumor/Tr-no_0479.jpg
1703.jpg,notumor,train,train/notumor/1703.jpg
Tr-no_0492.jpg,notumor,train,train/notumor/Tr-no_0492.jpg
N_402_HF_.jpg,notumor,train,train/notumor/N_402_HF_.jpg
N_412_HF_.jpg,notumor,train,train/notumor/N_412_HF_.jpg
1717.jpg,notumor,train,train/notumor/1717.jpg
Tr-no_0486.jpg,notumor,train,train/notumor/Tr-no_0486.jpg
Te-no_0367.jpg,notumor,train,train/notumor/Te-no_0367.jpg
image(150).jpg,notumor,train,train/notumor/image(150).jpg
N_49_RO_.jpg,notumor,train,train/notumor/N_49_RO_.jpg
Tr-no_0525.jpg,notumor,train,train/notumor/Tr-no_0525.jpg
Tr-no_0243.jpg,notumor,train,train/notumor/Tr-no_0243.jpg
N_370_VF_.jpg,notumor,train,train/notumor/N_370_VF_.jpg
Tr-no_0257.jpg,notumor,train,train/notumor/Tr-no_0257.jpg
40 no.jpg,notumor,train,train/notumor/40 no.jpg
1878.jpg,notumor,train,train/notumor/1878.jpg
Tr-no_0531.jpg,notumor,train,train/notumor/Tr-no_0531.jpg
1688.jpg,notumor,train,train/notumor/1688.jpg
1850.jpg,notumor,train,train/notumor/1850.jpg
Tr-no_0519.jpg,notumor,train,train/notumor/Tr-no_0519.jpg
1844.jpg,notumor,train,train/notumor/1844.jpg
1677.jpg,notumor,train,train/notumor/1677.jpg
Tr-no_0280.jpg,notumor,train,train/notumor/Tr-no_0280.jpg
Tr-no_0294.jpg,notumor,train,train/notumor/Tr-no_0294.jpg
N_4_HF_.jpg,notumor,train,train/notumor/N_4_HF_.jpg
1663.jpg,notumor,train,train/notumor/1663.jpg
Te-no_0213.jpg,notumor,train,train/notumor/Te-no_0213.jpg
N_417_SP_.jpg,notumor,train,train/notumor/N_417_SP_.jpg
image(146).jpg,notumor,train,train/notumor/image(146).jpg
Te-no_0207.jpg,notumor,train,train/notumor/Te-no_0207.jpg
N_407_SP_.jpg,notumor,train,train/notumor/N_407_SP_.jpg
N_383_SP_.jpg,notumor,train,train/notumor/N_383_SP_.jpg
N_47_VF_.jpg,notumor,train,train/notumor/N_47_VF_.jpg
N_393_SP_.jpg,notumor,train,train/notumor/N_393_SP_.jpg
N_57_VF_.jpg,notumor,train,train/notumor/N_57_VF_.jpg
Tr-no_0055.jpg,notumor,train,train/notumor/Tr-no_0055.jpg
Tr-no_0069.jpg,notumor,train,train/notumor/Tr-no_0069.jpg
Tr-no_0082.jpg,notumor,train,train/notumor/Tr-no_0082.jpg
Tr-no_0096.jpg,notumor,train,train/notumor/Tr-no_0096.jpg
Tr-no_0092.jpg,notumor,train,train/notumor/Tr-no_0092.jpg
N_36_HF_.jpg,notumor,train,train/notumor/N_36_HF_.jpg
Tr-no_0086.jpg,notumor,train,train/notumor/Tr-no_0086.jpg
N_385_VF_.jpg,notumor,train,train/notumor/N_385_VF_.jpg
N_41_SP_.jpg,notumor,train,train/notumor/N_41_SP_.jpg
N_395_VF_.jpg,notumor,train,train/notumor/N_395_VF_.jpg
N_51_SP_.jpg,notumor,train,train/notumor/N_51_SP_.jpg
Tr-no_0079.jpg,notumor,train,train/notumor/Tr-no_0079.jpg
1667.jpg,notumor,train,train/notumor/1667.jpg
Tr-no_0290.jpg,notumor,train,train/notumor/Tr-no_0290.jpg
Tr-no_0284.jpg,notumor,train,train/notumor/Tr-no_0284.jpg
1673.jpg,notumor,train,train/notumor/1673.jpg
image(140) - Copy.jpg,notumor,train,train/notumor/image(140) - Copy.jpg
1883.jpg,notumor,train,train/notumor/1883.jpg
N_411_VF_.jpg,notumor,train,train/notumor/N_411_VF_.jpg
Te-no_0203.jpg,notumor,train,train/notumor/Te-no_0203.jpg
image(147).jpg,notumor,train,train/notumor/image(147).jpg
Te-no_0217.jpg,notumor,train,train/notumor/Te-no_0217.jpg
N_401_VF_.jpg,notumor,train,train/notumor/N_401_VF_.jpg
N_5.jpg,notumor,train,train/notumor/N_5.jpg
Tr-no_0535.jpg,notumor,train,train/notumor/Tr-no_0535.jpg
N_376_SP_.jpg,notumor,train,train/notumor/N_376_SP_.jpg
Tr-no_0253.jpg,notumor,train,train/notumor/Tr-no_0253.jpg
N_48_BR_.jpg,notumor,train,train/notumor/N_48_BR_.jpg
Tr-no_0247.jpg,notumor,train,train/notumor/Tr-no_0247.jpg
1868.jpg,notumor,train,train/notumor/1868.jpg
Tr-no_0521.jpg,notumor,train,train/notumor/Tr-no_0521.jpg
N_58_BR_.jpg,notumor,train,train/notumor/N_58_BR_.jpg
1840.jpg,notumor,train,train/notumor/1840.jpg
Tr-no_0509.jpg,notumor,train,train/notumor/Tr-no_0509.jpg
1698.jpg,notumor,train,train/notumor/1698.jpg
1854.jpg,notumor,train,train/notumor/1854.jpg
Tr-no_0482.jpg,notumor,train,train/notumor/Tr-no_0482.jpg
1713.jpg,notumor,train,train/notumor/1713.jpg
N_429_SP_.jpg,notumor,train,train/notumor/N_429_SP_.jpg
Tr-no_0496.jpg,notumor,train,train/notumor/Tr-no_0496.jpg
1707.jpg,notumor,train,train/notumor/1707.jpg
image(151).jpg,notumor,train,train/notumor/image(151).jpg
Te-no_0363.jpg,notumor,train,train/notumor/Te-no_0363.jpg
Tr-no_0441.jpg,notumor,train,train/notumor/Tr-no_0441.jpg
Tr-no_0327.jpg,notumor,train,train/notumor/Tr-no_0327.jpg
N_380_DA_.jpg,notumor,train,train/notumor/N_380_DA_.jpg
Tr-no_0333.jpg,notumor,train,train/notumor/Tr-no_0333.jpg
N_390_DA_.jpg,notumor,train,train/notumor/N_390_DA_.jpg
Tr-no_0455.jpg,notumor,train,train/notumor/Tr-no_0455.jpg
N_373_HF_.jpg,notumor,train,train/notumor/N_373_HF_.jpg
Tr-no_0469.jpg,notumor,train,train/notumor/Tr-no_0469.jpg
17 no.jpg,notumor,train,train/notumor/17 no.jpg
N_404.jpg,notumor,train,train/notumor/N_404.jpg
Te-no_0149.jpg,notumor,train,train/notumor/Te-no_0149.jpg
N_430_BR_.jpg,notumor,train,train/notumor/N_430_BR_.jpg
N_376.jpg,notumor,train,train/notumor/N_376.jpg
N_420_BR_.jpg,notumor,train,train/notumor/N_420_BR_.jpg
Tr-no_0694.jpg,notumor,train,train/notumor/Tr-no_0694.jpg
N_410.jpg,notumor,train,train/notumor/N_410.jpg
N_414_DA_.jpg,notumor,train,train/notumor/N_414_DA_.jpg
N_438.jpg,notumor,train,train/notumor/N_438.jpg
Te-no_0175.jpg,notumor,train,train/notumor/Te-no_0175.jpg
N_404_DA_.jpg,notumor,train,train/notumor/N_404_DA_.jpg
Te-no_0161.jpg,notumor,train,train/notumor/Te-no_0161.jpg
Tr-no_0125.jpg,notumor,train,train/notumor/Tr-no_0125.jpg
N26.JPG,notumor,train,train/notumor/N26.JPG
Tr-no_0643.jpg,notumor,train,train/notumor/Tr-no_0643.jpg
Tr-no_0131.jpg,notumor,train,train/notumor/Tr-no_0131.jpg
Tr-no_0119.jpg,notumor,train,train/notumor/Tr-no_0119.jpg
no 96.jpg,notumor,train,train/notumor/no 96.jpg
N_389.jpg,notumor,train,train/notumor/N_389.jpg
N_44_HF_.jpg,notumor,train,train/notumor/N_44_HF_.jpg
N_388.jpg,notumor,train,train/notumor/N_388.jpg
no 97.jpg,notumor,train,train/notumor/no 97.jpg
Tr-no_0118.jpg,notumor,train,train/notumor/Tr-no_0118.jpg
Tr-no_0130.jpg,notumor,train,train/notumor/Tr-no_0130.jpg
Tr-no_0124.jpg,notumor,train,train/notumor/Tr-no_0124.jpg
image(192).jpg,notumor,train,train/notumor/image(192).jpg
N_43_DA_.jpg,notumor,train,train/notumor/N_43_DA_.jpg
Tr-no_0642.jpg,notumor,train,train/notumor/Tr-no_0642.jpg
Te-no_0160.jpg,notumor,train,train/notumor/Te-no_0160.jpg
Te-no_0174.jpg,notumor,train,train/notumor/Te-no_0174.jpg
21 no.jpg,notumor,train,train/notumor/21 no.jpg
N_413_HF_.jpg,notumor,train,train/notumor/N_413_HF_.jpg
Tr-no_0695.jpg,notumor,train,train/notumor/Tr-no_0695.jpg
N_377.jpg,notumor,train,train/notumor/N_377.jpg
N_411.jpg,notumor,train,train/notumor/N_411.jpg
Te-no_0148.jpg,notumor,train,train/notumor/Te-no_0148.jpg
N_405.jpg,notumor,train,train/notumor/N_405.jpg
N_403_HF_.jpg,notumor,train,train/notumor/N_403_HF_.jpg
Tr-no_0468.jpg,notumor,train,train/notumor/Tr-no_0468.jpg
N_387_HF_.jpg,notumor,train,train/notumor/N_387_HF_.jpg
N_397_HF_.jpg,notumor,train,train/notumor/N_397_HF_.jpg
Tr-no_0332.jpg,notumor,train,train/notumor/Tr-no_0332.jpg
Tr-no_0454.jpg,notumor,train,train/notumor/Tr-no_0454.jpg
Tr-no_0440.jpg,notumor,train,train/notumor/Tr-no_0440.jpg
N_374_DA_.jpg,notumor,train,train/notumor/N_374_DA_.jpg
Tr-no_0326.jpg,notumor,train,train/notumor/Tr-no_0326.jpg
Te-no_0362.jpg,notumor,train,train/notumor/Te-no_0362.jpg
N_420_RO_.jpg,notumor,train,train/notumor/N_420_RO_.jpg
1706.jpg,notumor,train,train/notumor/1706.jpg
Tr-no_0497.jpg,notumor,train,train/notumor/Tr-no_0497.jpg
No22.jpg,notumor,train,train/notumor/No22.jpg
1712.jpg,notumor,train,train/notumor/1712.jpg
N_430_RO_.jpg,notumor,train,train/notumor/N_430_RO_.jpg
Tr-no_0483.jpg,notumor,train,train/notumor/Tr-no_0483.jpg
1855.jpg,notumor,train,train/notumor/1855.jpg
1699.jpg,notumor,train,train/notumor/1699.jpg
Tr-no_0508.jpg,notumor,train,train/notumor/Tr-no_0508.jpg
1841.jpg,notumor,train,train/notumor/1841.jpg
Tr-no_0246.jpg,notumor,train,train/notumor/Tr-no_0246.jpg
N_56_VF_.jpg,notumor,train,train/notumor/N_56_VF_.jpg
N_392_SP_.jpg,notumor,train,train/notumor/N_392_SP_.jpg
Tr-no_0520.jpg,notumor,train,train/notumor/Tr-no_0520.jpg
1869.jpg,notumor,train,train/notumor/1869.jpg
Tr-no_0534.jpg,notumor,train,train/notumor/Tr-no_0534.jpg
N_46_VF_.jpg,notumor,train,train/notumor/N_46_VF_.jpg
N_4.jpg,notumor,train,train/notumor/N_4.jpg
Tr-no_0252.jpg,notumor,train,train/notumor/Tr-no_0252.jpg
N_382_SP_.jpg,notumor,train,train/notumor/N_382_SP_.jpg
Te-no_0216.jpg,notumor,train,train/notumor/Te-no_0216.jpg
33 no.jpg,notumor,train,train/notumor/33 no.jpg
1882.jpg,notumor,train,train/notumor/1882.jpg
Te-no_0202.jpg,notumor,train,train/notumor/Te-no_0202.jpg
Tr-no_0285.jpg,notumor,train,train/notumor/Tr-no_0285.jpg
1672.jpg,notumor,train,train/notumor/1672.jpg
1666.jpg,notumor,train,train/notumor/1666.jpg
Tr-no_0291.jpg,notumor,train,train/notumor/Tr-no_0291.jpg
Tr-no_0078.jpg,notumor,train,train/notumor/Tr-no_0078.jpg
50 no.jpg,notumor,train,train/notumor/50 no.jpg
image(184).jpg,notumor,train,train/notumor/image(184).jpg
N_371_VF_.jpg,notumor,train,train/notumor/N_371_VF_.jpg
N_48_RO_.jpg,notumor,train,train/notumor/N_48_RO_.jpg
N_406_SP_.jpg,notumor,train,train/notumor/N_406_SP_.jpg
N_416_SP_.jpg,notumor,train,train/notumor/N_416_SP_.jpg
Tr-no_0087.jpg,notumor,train,train/notumor/Tr-no_0087.jpg
Tr-no_0093.jpg,notumor,train,train/notumor/Tr-no_0093.jpg
N_420_SP_.jpg,notumor,train,train/notumor/N_420_SP_.jpg
Tr-no_0085.jpg,notumor,train,train/notumor/Tr-no_0085.jpg
N_430_SP_.jpg,notumor,train,train/notumor/N_430_SP_.jpg
Tr-no_0091.jpg,notumor,train,train/notumor/Tr-no_0091.jpg
N_399_DA_.jpg,notumor,train,train/notumor/N_399_DA_.jpg
image(149) - Copy.jpg,notumor,train,train/notumor/image(149) - Copy.jpg
N_389_DA_.jpg,notumor,train,train/notumor/N_389_DA_.jpg
N_429_BR_.jpg,notumor,train,train/notumor/N_429_BR_.jpg
1670.jpg,notumor,train,train/notumor/1670.jpg
Tr-no_0287.jpg,notumor,train,train/notumor/Tr-no_0287.jpg
Te-no_0228.jpg,notumor,train,train/notumor/Te-no_0228.jpg
Tr-no_0293.jpg,notumor,train,train/notumor/Tr-no_0293.jpg
1664.jpg,notumor,train,train/notumor/1664.jpg
Te-no_0214.jpg,notumor,train,train/notumor/Te-no_0214.jpg
Te-no_0200.jpg,notumor,train,train/notumor/Te-no_0200.jpg
1658.jpg,notumor,train,train/notumor/1658.jpg
1880.jpg,notumor,train,train/notumor/1880.jpg
Tr-no_0522.jpg,notumor,train,train/notumor/Tr-no_0522.jpg
Tr-no_0244.jpg,notumor,train,train/notumor/Tr-no_0244.jpg
Tr-no_0250.jpg,notumor,train,train/notumor/Tr-no_0250.jpg
Tr-no_0536.jpg,notumor,train,train/notumor/Tr-no_0536.jpg
1857.jpg,notumor,train,train/notumor/1857.jpg
Tr-no_0278.jpg,notumor,train,train/notumor/Tr-no_0278.jpg
1843.jpg,notumor,train,train/notumor/1843.jpg
No20.jpg,notumor,train,train/notumor/No20.jpg
Tr-no_0495.jpg,notumor,train,train/notumor/Tr-no_0495.jpg
1704.jpg,notumor,train,train/notumor/1704.jpg
N_49.jpg,notumor,train,train/notumor/N_49.jpg
Tr-no_0481.jpg,notumor,train,train/notumor/Tr-no_0481.jpg
1710.jpg,notumor,train,train/notumor/1710.jpg
1738.jpg,notumor,train,train/notumor/1738.jpg
N_406_RO_.jpg,notumor,train,train/notumor/N_406_RO_.jpg
Te-no_0360.jpg,notumor,train,train/notumor/Te-no_0360.jpg
N_416_RO_.jpg,notumor,train,train/notumor/N_416_RO_.jpg
Tr-no_0456.jpg,notumor,train,train/notumor/Tr-no_0456.jpg
Tr-no_0330.jpg,notumor,train,train/notumor/Tr-no_0330.jpg
Tr-no_0324.jpg,notumor,train,train/notumor/Tr-no_0324.jpg
N_376_BR_.jpg,notumor,train,train/notumor/N_376_BR_.jpg
Tr-no_0442.jpg,notumor,train,train/notumor/Tr-no_0442.jpg
N_48_SP_.jpg,notumor,train,train/notumor/N_48_SP_.jpg
1923.jpg,notumor,train,train/notumor/1923.jpg
Tr-no_0318.jpg,notumor,train,train/notumor/Tr-no_0318.jpg
N_413.jpg,notumor,train,train/notumor/N_413.jpg
N_375.jpg,notumor,train,train/notumor/N_375.jpg
N_407.jpg,notumor,train,train/notumor/N_407.jpg
Te-no_0162.jpg,notumor,train,train/notumor/Te-no_0162.jpg
N_435_HF_.jpg,notumor,train,train/notumor/N_435_HF_.jpg
N_408_VF_.jpg,notumor,train,train/notumor/N_408_VF_.jpg
N_425_HF_.jpg,notumor,train,train/notumor/N_425_HF_.jpg
N_418_VF_.jpg,notumor,train,train/notumor/N_418_VF_.jpg
Te-no_0176.jpg,notumor,train,train/notumor/Te-no_0176.jpg
Tr-no_0132.jpg,notumor,train,train/notumor/Tr-no_0132.jpg
N_51_BR_.jpg,notumor,train,train/notumor/N_51_BR_.jpg
N_392_RO_.jpg,notumor,train,train/notumor/N_392_RO_.jpg
Tr-no_0640.jpg,notumor,train,train/notumor/Tr-no_0640.jpg
Te-no_0189.jpg,notumor,train,train/notumor/Te-no_0189.jpg
N_382_RO_.jpg,notumor,train,train/notumor/N_382_RO_.jpg
Tr-no_0126.jpg,notumor,train,train/notumor/Tr-no_0126.jpg
N_41_BR_.jpg,notumor,train,train/notumor/N_41_BR_.jpg
no 95.jpg,notumor,train,train/notumor/no 95.jpg
Tr-no_0668.jpg,notumor,train,train/notumor/Tr-no_0668.jpg
N19.JPG,notumor,train,train/notumor/N19.JPG
Tr-no_0669.jpg,notumor,train,train/notumor/Tr-no_0669.jpg
no 94.jpg,notumor,train,train/notumor/no 94.jpg
Tr-no_0641.jpg,notumor,train,train/notumor/Tr-no_0641.jpg
Tr-no_0127.jpg,notumor,train,train/notumor/Tr-no_0127.jpg
N_376_RO_.jpg,notumor,train,train/notumor/N_376_RO_.jpg
Te-no_0188.jpg,notumor,train,train/notumor/Te-no_0188.jpg
Tr-no_0133.jpg,notumor,train,train/notumor/Tr-no_0133.jpg
N_416_BR_.jpg,notumor,train,train/notumor/N_416_BR_.jpg
Te-no_0177.jpg,notumor,train,train/notumor/Te-no_0177.jpg
N_406_BR_.jpg,notumor,train,train/notumor/N_406_BR_.jpg
Te-no_0163.jpg,notumor,train,train/notumor/Te-no_0163.jpg
N_432_DA_.jpg,notumor,train,train/notumor/N_432_DA_.jpg
N_406.jpg,notumor,train,train/notumor/N_406.jpg
N_412.jpg,notumor,train,train/notumor/N_412.jpg
N_422_DA_.jpg,notumor,train,train/notumor/N_422_DA_.jpg
Tr-no_0696.jpg,notumor,train,train/notumor/Tr-no_0696.jpg
N_374.jpg,notumor,train,train/notumor/N_374.jpg
Tr-no_0319.jpg,notumor,train,train/notumor/Tr-no_0319.jpg
1922.jpg,notumor,train,train/notumor/1922.jpg
N_378_VF_.jpg,notumor,train,train/notumor/N_378_VF_.jpg
Tr-no_0325.jpg,notumor,train,train/notumor/Tr-no_0325.jpg
Tr-no_0443.jpg,notumor,train,train/notumor/Tr-no_0443.jpg
N_41_RO_.jpg,notumor,train,train/notumor/N_41_RO_.jpg
N_382_BR_.jpg,notumor,train,train/notumor/N_382_BR_.jpg
N_368_VF_.jpg,notumor,train,train/notumor/N_368_VF_.jpg
Tr-no_0457.jpg,notumor,train,train/notumor/Tr-no_0457.jpg
N_392_BR_.jpg,notumor,train,train/notumor/N_392_BR_.jpg
Tr-no_0331.jpg,notumor,train,train/notumor/Tr-no_0331.jpg
N_51_RO_.jpg,notumor,train,train/notumor/N_51_RO_.jpg
1739.jpg,notumor,train,train/notumor/1739.jpg
Te-no_0361.jpg,notumor,train,train/notumor/Te-no_0361.jpg
N_38_DA_.jpg,notumor,train,train/notumor/N_38_DA_.jpg
N_48.jpg,notumor,train,train/notumor/N_48.jpg
1711.jpg,notumor,train,train/notumor/1711.jpg
Tr-no_0480.jpg,notumor,train,train/notumor/Tr-no_0480.jpg
1705.jpg,notumor,train,train/notumor/1705.jpg
Tr-no_0494.jpg,notumor,train,train/notumor/Tr-no_0494.jpg
No21.jpg,notumor,train,train/notumor/No21.jpg
1842.jpg,notumor,train,train/notumor/1842.jpg
1856.jpg,notumor,train,train/notumor/1856.jpg
Tr-no_0279.jpg,notumor,train,train/notumor/Tr-no_0279.jpg
Tr-no_0251.jpg,notumor,train,train/notumor/Tr-no_0251.jpg
Tr-no_0537.jpg,notumor,train,train/notumor/Tr-no_0537.jpg
Tr-no_0523.jpg,notumor,train,train/notumor/Tr-no_0523.jpg
Tr-no_0245.jpg,notumor,train,train/notumor/Tr-no_0245.jpg
Te-no_0201.jpg,notumor,train,train/notumor/Te-no_0201.jpg
1881.jpg,notumor,train,train/notumor/1881.jpg
1659.jpg,notumor,train,train/notumor/1659.jpg
Te-no_0215.jpg,notumor,train,train/notumor/Te-no_0215.jpg
Tr-no_0292.jpg,notumor,train,train/notumor/Tr-no_0292.jpg
N_437_VF_.jpg,notumor,train,train/notumor/N_437_VF_.jpg
1665.jpg,notumor,train,train/notumor/1665.jpg
1671.jpg,notumor,train,train/notumor/1671.jpg
N_427_VF_.jpg,notumor,train,train/notumor/N_427_VF_.jpg
Te-no_0229.jpg,notumor,train,train/notumor/Te-no_0229.jpg
Tr-no_0286.jpg,notumor,train,train/notumor/Tr-no_0286.jpg
image(155) - Copy.jpg,notumor,train,train/notumor/image(155) - Copy.jpg
Tr-no_0090.jpg,notumor,train,train/notumor/Tr-no_0090.jpg
Tr-no_0084.jpg,notumor,train,train/notumor/Tr-no_0084.jpg
N_429_RO_.jpg,notumor,train,train/notumor/N_429_RO_.jpg
image(188).jpg,notumor,train,train/notumor/image(188).jpg
Te-no_0070.jpg,notumor,train,train/notumor/Te-no_0070.jpg
37 no.jpg,notumor,train,train/notumor/37 no.jpg
N_371_HF_.jpg,notumor,train,train/notumor/N_371_HF_.jpg
N_392_DA_.jpg,notumor,train,train/notumor/N_392_DA_.jpg
N_382_DA_.jpg,notumor,train,train/notumor/N_382_DA_.jpg
N_38_BR_.jpg,notumor,train,train/notumor/N_38_BR_.jpg
Tr-no_0020.jpg,notumor,train,train/notumor/Tr-no_0020.jpg
N6.jpg,notumor,train,train/notumor/N6.jpg
image(183).jpg,notumor,train,train/notumor/image(183).jpg
Te-no_0272.jpg,notumor,train,train/notumor/Te-no_0272.jpg
N_46_HF_.jpg,notumor,train,train/notumor/N_46_HF_.jpg
Te-no_0266.jpg,notumor,train,train/notumor/Te-no_0266.jpg
1616.jpg,notumor,train,train/notumor/1616.jpg
Tr-no_0587.jpg,notumor,train,train/notumor/Tr-no_0587.jpg
1602.jpg,notumor,train,train/notumor/1602.jpg
Tr-no_0593.jpg,notumor,train,train/notumor/Tr-no_0593.jpg
N_406_DA_.jpg,notumor,train,train/notumor/N_406_DA_.jpg
Tr-no_0578.jpg,notumor,train,train/notumor/Tr-no_0578.jpg
1831.jpg,notumor,train,train/notumor/1831.jpg
N_416_DA_.jpg,notumor,train,train/notumor/N_416_DA_.jpg
image(156) - Copy.jpg,notumor,train,train/notumor/image(156) - Copy.jpg
1825.jpg,notumor,train,train/notumor/1825.jpg
Tr-no_0544.jpg,notumor,train,train/notumor/Tr-no_0544.jpg
N_422_BR_.jpg,notumor,train,train/notumor/N_422_BR_.jpg
Tr-no_0222.jpg,notumor,train,train/notumor/Tr-no_0222.jpg
N_432_BR_.jpg,notumor,train,train/notumor/N_432_BR_.jpg
Te-no_0299.jpg,notumor,train,train/notumor/Te-no_0299.jpg
Tr-no_0236.jpg,notumor,train,train/notumor/Tr-no_0236.jpg
Tr-no_0550.jpg,notumor,train,train/notumor/Tr-no_0550.jpg
1819.jpg,notumor,train,train/notumor/1819.jpg
Te-no_0306.jpg,notumor,train,train/notumor/Te-no_0306.jpg
Te-no_0312.jpg,notumor,train,train/notumor/Te-no_0312.jpg
1762.jpg,notumor,train,train/notumor/1762.jpg
N_397_VF_.jpg,notumor,train,train/notumor/N_397_VF_.jpg
Tr-no_0395.jpg,notumor,train,train/notumor/Tr-no_0395.jpg
N_387_VF_.jpg,notumor,train,train/notumor/N_387_VF_.jpg
Tr-no_0381.jpg,notumor,train,train/notumor/Tr-no_0381.jpg
N_43_SP_.jpg,notumor,train,train/notumor/N_43_SP_.jpg
1776.jpg,notumor,train,train/notumor/1776.jpg
1789.jpg,notumor,train,train/notumor/1789.jpg
Tr-no_0418.jpg,notumor,train,train/notumor/Tr-no_0418.jpg
Tr-no_0430.jpg,notumor,train,train/notumor/Tr-no_0430.jpg
Tr-no_0356.jpg,notumor,train,train/notumor/Tr-no_0356.jpg
Tr-no_0342.jpg,notumor,train,train/notumor/Tr-no_0342.jpg
Tr-no_0424.jpg,notumor,train,train/notumor/Tr-no_0424.jpg
Tr-no_0197.jpg,notumor,train,train/notumor/Tr-no_0197.jpg
Te-no_0138.jpg,notumor,train,train/notumor/Te-no_0138.jpg
N_399_RO_.jpg,notumor,train,train/notumor/N_399_RO_.jpg
N_389_RO_.jpg,notumor,train,train/notumor/N_389_RO_.jpg
Tr-no_0183.jpg,notumor,train,train/notumor/Tr-no_0183.jpg
N_374_SP_.jpg,notumor,train,train/notumor/N_374_SP_.jpg
Tr-no_0168.jpg,notumor,train,train/notumor/Tr-no_0168.jpg
N_403_VF_.jpg,notumor,train,train/notumor/N_403_VF_.jpg
no 91.jpeg,notumor,train,train/notumor/no 91.jpeg
N_413_VF_.jpg,notumor,train,train/notumor/N_413_VF_.jpg
Tr-no_0154.jpg,notumor,train,train/notumor/Tr-no_0154.jpg
Tr-no_0632.jpg,notumor,train,train/notumor/Tr-no_0632.jpg
Tr-no_0626.jpg,notumor,train,train/notumor/Tr-no_0626.jpg
Tr-no_0140.jpg,notumor,train,train/notumor/Tr-no_0140.jpg
Tr-no_0627.jpg,notumor,train,train/notumor/Tr-no_0627.jpg
Tr-no_0141.jpg,notumor,train,train/notumor/Tr-no_0141.jpg
Tr-no_0155.jpg,notumor,train,train/notumor/Tr-no_0155.jpg
N_429_DA_.jpg,notumor,train,train/notumor/N_429_DA_.jpg
Tr-no_0633.jpg,notumor,train,train/notumor/Tr-no_0633.jpg
Tr-no_0169.jpg,notumor,train,train/notumor/Tr-no_0169.jpg
13 no.jpg,notumor,train,train/notumor/13 no.jpg
N_44_VF_.jpg,notumor,train,train/notumor/N_44_VF_.jpg
N_380_SP_.jpg,notumor,train,train/notumor/N_380_SP_.jpg
Tr-no_0182.jpg,notumor,train,train/notumor/Tr-no_0182.jpg
Te-no_0139.jpg,notumor,train,train/notumor/Te-no_0139.jpg
Tr-no_0196.jpg,notumor,train,train/notumor/Tr-no_0196.jpg
N_390_SP_.jpg,notumor,train,train/notumor/N_390_SP_.jpg
Tr-no_0343.jpg,notumor,train,train/notumor/Tr-no_0343.jpg
Tr-no_0425.jpg,notumor,train,train/notumor/Tr-no_0425.jpg
Tr-no_0431.jpg,notumor,train,train/notumor/Tr-no_0431.jpg
Tr-no_0357.jpg,notumor,train,train/notumor/Tr-no_0357.jpg
N_414_SP_.jpg,notumor,train,train/notumor/N_414_SP_.jpg
Tr-no_0419.jpg,notumor,train,train/notumor/Tr-no_0419.jpg
1788.jpg,notumor,train,train/notumor/1788.jpg
N_404_SP_.jpg,notumor,train,train/notumor/N_404_SP_.jpg
Tr-no_0380.jpg,notumor,train,train/notumor/Tr-no_0380.jpg
N_373_VF_.jpg,notumor,train,train/notumor/N_373_VF_.jpg
N_389_BR_.jpg,notumor,train,train/notumor/N_389_BR_.jpg
1777.jpg,notumor,train,train/notumor/1777.jpg
1763.jpg,notumor,train,train/notumor/1763.jpg
Tr-no_0394.jpg,notumor,train,train/notumor/Tr-no_0394.jpg
N_399_BR_.jpg,notumor,train,train/notumor/N_399_BR_.jpg
Te-no_0313.jpg,notumor,train,train/notumor/Te-no_0313.jpg
image(156).jpg,notumor,train,train/notumor/image(156).jpg
Te-no_0307.jpg,notumor,train,train/notumor/Te-no_0307.jpg
Tr-no_0237.jpg,notumor,train,train/notumor/Tr-no_0237.jpg
N_401_HF_.jpg,notumor,train,train/notumor/N_401_HF_.jpg
Te-no_0298.jpg,notumor,train,train/notumor/Te-no_0298.jpg
1818.jpg,notumor,train,train/notumor/1818.jpg
Tr-no_0551.jpg,notumor,train,train/notumor/Tr-no_0551.jpg
Tr-no_0545.jpg,notumor,train,train/notumor/Tr-no_0545.jpg
N_411_HF_.jpg,notumor,train,train/notumor/N_411_HF_.jpg
Tr-no_0223.jpg,notumor,train,train/notumor/Tr-no_0223.jpg
1824.jpg,notumor,train,train/notumor/1824.jpg
1830.jpg,notumor,train,train/notumor/1830.jpg
Tr-no_0579.jpg,notumor,train,train/notumor/Tr-no_0579.jpg
N_38_RO_.jpg,notumor,train,train/notumor/N_38_RO_.jpg
Tr-no_0592.jpg,notumor,train,train/notumor/Tr-no_0592.jpg
1603.jpg,notumor,train,train/notumor/1603.jpg
N_41_DA_.jpg,notumor,train,train/notumor/N_41_DA_.jpg
Tr-no_0586.jpg,notumor,train,train/notumor/Tr-no_0586.jpg
1617.jpg,notumor,train,train/notumor/1617.jpg
N_51_DA_.jpg,notumor,train,train/notumor/N_51_DA_.jpg
Te-no_0267.jpg,notumor,train,train/notumor/Te-no_0267.jpg
image(140).jpg,notumor,train,train/notumor/image(140).jpg
Te-no_0273.jpg,notumor,train,train/notumor/Te-no_0273.jpg
N_432_RO_.jpg,notumor,train,train/notumor/N_432_RO_.jpg
Tr-no_0021.jpg,notumor,train,train/notumor/Tr-no_0021.jpg
N_422_RO_.jpg,notumor,train,train/notumor/N_422_RO_.jpg
N_36_VF_.jpg,notumor,train,train/notumor/N_36_VF_.jpg
N_376_DA_.jpg,notumor,train,train/notumor/N_376_DA_.jpg
image(117).jpg,notumor,train,train/notumor/image(117).jpg
N_395_HF_.jpg,notumor,train,train/notumor/N_395_HF_.jpg
Te-no_0071.jpg,notumor,train,train/notumor/Te-no_0071.jpg
N_385_HF_.jpg,notumor,train,train/notumor/N_385_HF_.jpg
Te-no_0067.jpg,notumor,train,train/notumor/Te-no_0067.jpg
image(160).jpg,notumor,train,train/notumor/image(160).jpg
Te-no_0073.jpg,notumor,train,train/notumor/Te-no_0073.jpg
N_374_BR_.jpg,notumor,train,train/notumor/N_374_BR_.jpg
N_414_RO_.jpg,notumor,train,train/notumor/N_414_RO_.jpg
N_404_RO_.jpg,notumor,train,train/notumor/N_404_RO_.jpg
N5.jpg,notumor,train,train/notumor/N5.jpg
Tr-no_0023.jpg,notumor,train,train/notumor/Tr-no_0023.jpg
Te-no_0265.jpg,notumor,train,train/notumor/Te-no_0265.jpg
Te-no_0271.jpg,notumor,train,train/notumor/Te-no_0271.jpg
1629.jpg,notumor,train,train/notumor/1629.jpg
1601.jpg,notumor,train,train/notumor/1601.jpg
Tr-no_0590.jpg,notumor,train,train/notumor/Tr-no_0590.jpg
N_43_BR_.jpg,notumor,train,train/notumor/N_43_BR_.jpg
N_380_RO_.jpg,notumor,train,train/notumor/N_380_RO_.jpg
Te-no_0259.jpg,notumor,train,train/notumor/Te-no_0259.jpg
1615.jpg,notumor,train,train/notumor/1615.jpg
Tr-no_0584.jpg,notumor,train,train/notumor/Tr-no_0584.jpg
N_390_RO_.jpg,notumor,train,train/notumor/N_390_RO_.jpg
N_427_HF_.jpg,notumor,train,train/notumor/N_427_HF_.jpg
1826.jpg,notumor,train,train/notumor/1826.jpg
Tr-no_0209.jpg,notumor,train,train/notumor/Tr-no_0209.jpg
N_437_HF_.jpg,notumor,train,train/notumor/N_437_HF_.jpg
1832.jpg,notumor,train,train/notumor/1832.jpg
Tr-no_0553.jpg,notumor,train,train/notumor/Tr-no_0553.jpg
Tr-no_0235.jpg,notumor,train,train/notumor/Tr-no_0235.jpg
Tr-no_0221.jpg,notumor,train,train/notumor/Tr-no_0221.jpg
Tr-no_0547.jpg,notumor,train,train/notumor/Tr-no_0547.jpg
1749.jpg,notumor,train,train/notumor/1749.jpg
N_368_HF_.jpg,notumor,train,train/notumor/N_368_HF_.jpg
Te-no_0311.jpg,notumor,train,train/notumor/Te-no_0311.jpg
Te-no_0305.jpg,notumor,train,train/notumor/Te-no_0305.jpg
N_378_HF_.jpg,notumor,train,train/notumor/N_378_HF_.jpg
1775.jpg,notumor,train,train/notumor/1775.jpg
Tr-no_0382.jpg,notumor,train,train/notumor/Tr-no_0382.jpg
N_38.jpg,notumor,train,train/notumor/N_38.jpg
Tr-no_0396.jpg,notumor,train,train/notumor/Tr-no_0396.jpg
1761.jpg,notumor,train,train/notumor/1761.jpg
Tr-no_0369.jpg,notumor,train,train/notumor/Tr-no_0369.jpg
N_432_SP_.jpg,notumor,train,train/notumor/N_432_SP_.jpg
Tr-no_0427.jpg,notumor,train,train/notumor/Tr-no_0427.jpg
6 no.jpg,notumor,train,train/notumor/6 no.jpg
Tr-no_0341.jpg,notumor,train,train/notumor/Tr-no_0341.jpg
Tr-no_0355.jpg,notumor,train,train/notumor/Tr-no_0355.jpg
N_422_SP_.jpg,notumor,train,train/notumor/N_422_SP_.jpg
Tr-no_0433.jpg,notumor,train,train/notumor/Tr-no_0433.jpg
image(176).jpg,notumor,train,train/notumor/image(176).jpg
Tr-no_0180.jpg,notumor,train,train/notumor/Tr-no_0180.jpg
Tr-no_0194.jpg,notumor,train,train/notumor/Tr-no_0194.jpg
Tr-no_0619.jpg,notumor,train,train/notumor/Tr-no_0619.jpg
1588.jpg,notumor,train,train/notumor/1588.jpg
N_38_SP_.jpg,notumor,train,train/notumor/N_38_SP_.jpg
Tr-no_0143.jpg,notumor,train,train/notumor/Tr-no_0143.jpg
Tr-no_0625.jpg,notumor,train,train/notumor/Tr-no_0625.jpg
Tr-no_0631.jpg,notumor,train,train/notumor/Tr-no_0631.jpg
Tr-no_0157.jpg,notumor,train,train/notumor/Tr-no_0157.jpg
N_418_HF_.jpg,notumor,train,train/notumor/N_418_HF_.jpg
Tr-no_0630.jpg,notumor,train,train/notumor/Tr-no_0630.jpg
Tr-no_0156.jpg,notumor,train,train/notumor/Tr-no_0156.jpg
N_425_VF_.jpg,notumor,train,train/notumor/N_425_VF_.jpg
N_408_HF_.jpg,notumor,train,train/notumor/N_408_HF_.jpg
Tr-no_0142.jpg,notumor,train,train/notumor/Tr-no_0142.jpg
N_435_VF_.jpg,notumor,train,train/notumor/N_435_VF_.jpg
Tr-no_0624.jpg,notumor,train,train/notumor/Tr-no_0624.jpg
1589.jpg,notumor,train,train/notumor/1589.jpg
Tr-no_0618.jpg,notumor,train,train/notumor/Tr-no_0618.jpg
Tr-no_0195.jpg,notumor,train,train/notumor/Tr-no_0195.jpg
N_58_DA_.jpg,notumor,train,train/notumor/N_58_DA_.jpg
Tr-no_0181.jpg,notumor,train,train/notumor/Tr-no_0181.jpg
N_48_DA_.jpg,notumor,train,train/notumor/N_48_DA_.jpg
Tr-no_0354.jpg,notumor,train,train/notumor/Tr-no_0354.jpg
Tr-no_0432.jpg,notumor,train,train/notumor/Tr-no_0432.jpg
Tr-no_0426.jpg,notumor,train,train/notumor/Tr-no_0426.jpg
Tr-no_0340.jpg,notumor,train,train/notumor/Tr-no_0340.jpg
Tr-no_0368.jpg,notumor,train,train/notumor/Tr-no_0368.jpg
Tr-no_0397.jpg,notumor,train,train/notumor/Tr-no_0397.jpg
N_39.jpg,notumor,train,train/notumor/N_39.jpg
1760.jpg,notumor,train,train/notumor/1760.jpg
1774.jpg,notumor,train,train/notumor/1774.jpg
Tr-no_0383.jpg,notumor,train,train/notumor/Tr-no_0383.jpg
Te-no_0304.jpg,notumor,train,train/notumor/Te-no_0304.jpg
1748.jpg,notumor,train,train/notumor/1748.jpg
Te-no_0310.jpg,notumor,train,train/notumor/Te-no_0310.jpg
Tr-no_0220.jpg,notumor,train,train/notumor/Tr-no_0220.jpg
N_420_DA_.jpg,notumor,train,train/notumor/N_420_DA_.jpg
Tr-no_0546.jpg,notumor,train,train/notumor/Tr-no_0546.jpg
N_430_DA_.jpg,notumor,train,train/notumor/N_430_DA_.jpg
Tr-no_0552.jpg,notumor,train,train/notumor/Tr-no_0552.jpg
Tr-no_0234.jpg,notumor,train,train/notumor/Tr-no_0234.jpg
N_404_BR_.jpg,notumor,train,train/notumor/N_404_BR_.jpg
1833.jpg,notumor,train,train/notumor/1833.jpg
1827.jpg,notumor,train,train/notumor/1827.jpg
N_414_BR_.jpg,notumor,train,train/notumor/N_414_BR_.jpg
Tr-no_0208.jpg,notumor,train,train/notumor/Tr-no_0208.jpg
N_399_SP_.jpg,notumor,train,train/notumor/N_399_SP_.jpg
Tr-no_0585.jpg,notumor,train,train/notumor/Tr-no_0585.jpg
1614.jpg,notumor,train,train/notumor/1614.jpg
Tr-no_0591.jpg,notumor,train,train/notumor/Tr-no_0591.jpg
1600.jpg,notumor,train,train/notumor/1600.jpg
N_389_SP_.jpg,notumor,train,train/notumor/N_389_SP_.jpg
Te-no_0258.jpg,notumor,train,train/notumor/Te-no_0258.jpg
N_374_RO_.jpg,notumor,train,train/notumor/N_374_RO_.jpg
Te-no_0270.jpg,notumor,train,train/notumor/Te-no_0270.jpg
1628.jpg,notumor,train,train/notumor/1628.jpg
Te-no_0264.jpg,notumor,train,train/notumor/Te-no_0264.jpg
Tr-no_0022.jpg,notumor,train,train/notumor/Tr-no_0022.jpg
N_390_BR_.jpg,notumor,train,train/notumor/N_390_BR_.jpg
image(143) - Copy.jpg,notumor,train,train/notumor/image(143) - Copy.jpg
N_380_BR_.jpg,notumor,train,train/notumor/N_380_BR_.jpg
N_43_RO_.jpg,notumor,train,train/notumor/N_43_RO_.jpg
Te-no_0072.jpg,notumor,train,train/notumor/Te-no_0072.jpg
Te-no_0066.jpg,notumor,train,train/notumor/Te-no_0066.jpg
N_52_BR_.jpg,notumor,train,train/notumor/N_52_BR_.jpg
N_391_RO_.jpg,notumor,train,train/notumor/N_391_RO_.jpg
N_381_RO_.jpg,notumor,train,train/notumor/N_381_RO_.jpg
N_42_BR_.jpg,notumor,train,train/notumor/N_42_BR_.jpg
Te-no_0076.jpg,notumor,train,train/notumor/Te-no_0076.jpg
Tr-no_0026.jpg,notumor,train,train/notumor/Tr-no_0026.jpg
Te-no_0089.jpg,notumor,train,train/notumor/Te-no_0089.jpg
N_436_HF_.jpg,notumor,train,train/notumor/N_436_HF_.jpg
N_426_HF_.jpg,notumor,train,train/notumor/N_426_HF_.jpg
1604.jpg,notumor,train,train/notumor/1604.jpg
Tr-no_0595.jpg,notumor,train,train/notumor/Tr-no_0595.jpg
1610.jpg,notumor,train,train/notumor/1610.jpg
Tr-no_0581.jpg,notumor,train,train/notumor/Tr-no_0581.jpg
N_375_BR_.jpg,notumor,train,train/notumor/N_375_BR_.jpg
Te-no_0248.jpg,notumor,train,train/notumor/Te-no_0248.jpg
Te-no_0260.jpg,notumor,train,train/notumor/Te-no_0260.jpg
1638.jpg,notumor,train,train/notumor/1638.jpg
Te-no_0274.jpg,notumor,train,train/notumor/Te-no_0274.jpg
4 no.jpg,notumor,train,train/notumor/4 no.jpg
Tr-no_0230.jpg,notumor,train,train/notumor/Tr-no_0230.jpg
Tr-no_0556.jpg,notumor,train,train/notumor/Tr-no_0556.jpg
Tr-no_0542.jpg,notumor,train,train/notumor/Tr-no_0542.jpg
Tr-no_0224.jpg,notumor,train,train/notumor/Tr-no_0224.jpg
N_405_RO_.jpg,notumor,train,train/notumor/N_405_RO_.jpg
1823.jpg,notumor,train,train/notumor/1823.jpg
1837.jpg,notumor,train,train/notumor/1837.jpg
N_415_RO_.jpg,notumor,train,train/notumor/N_415_RO_.jpg
Tr-no_0218.jpg,notumor,train,train/notumor/Tr-no_0218.jpg
Tr-no_0387.jpg,notumor,train,train/notumor/Tr-no_0387.jpg
1770.jpg,notumor,train,train/notumor/1770.jpg
1764.jpg,notumor,train,train/notumor/1764.jpg
Tr-no_0393.jpg,notumor,train,train/notumor/Tr-no_0393.jpg
Te-no_0314.jpg,notumor,train,train/notumor/Te-no_0314.jpg
1758.jpg,notumor,train,train/notumor/1758.jpg
Te-no_0300.jpg,notumor,train,train/notumor/Te-no_0300.jpg
Tr-no_0344.jpg,notumor,train,train/notumor/Tr-no_0344.jpg
Tr-no_0422.jpg,notumor,train,train/notumor/Tr-no_0422.jpg
Tr-no_0436.jpg,notumor,train,train/notumor/Tr-no_0436.jpg
Tr-no_0350.jpg,notumor,train,train/notumor/Tr-no_0350.jpg
Tr-no_0378.jpg,notumor,train,train/notumor/Tr-no_0378.jpg
N_39_SP_.jpg,notumor,train,train/notumor/N_39_SP_.jpg
N_3_RO_.jpg,notumor,train,train/notumor/N_3_RO_.jpg
8 no.jpg,notumor,train,train/notumor/8 no.jpg
Tr-no_0185.jpg,notumor,train,train/notumor/Tr-no_0185.jpg
Tr-no_0191.jpg,notumor,train,train/notumor/Tr-no_0191.jpg
N_379_HF_.jpg,notumor,train,train/notumor/N_379_HF_.jpg
N_369_HF_.jpg,notumor,train,train/notumor/N_369_HF_.jpg
Tr-no_0620.jpg,notumor,train,train/notumor/Tr-no_0620.jpg
Tr-no_0146.jpg,notumor,train,train/notumor/Tr-no_0146.jpg
N_423_SP_.jpg,notumor,train,train/notumor/N_423_SP_.jpg
Tr-no_0152.jpg,notumor,train,train/notumor/Tr-no_0152.jpg
N_433_SP_.jpg,notumor,train,train/notumor/N_433_SP_.jpg
Tr-no_0634.jpg,notumor,train,train/notumor/Tr-no_0634.jpg
Tr-no_0608.jpg,notumor,train,train/notumor/Tr-no_0608.jpg
1599.jpg,notumor,train,train/notumor/1599.jpg
N_3_BR_.jpg,notumor,train,train/notumor/N_3_BR_.jpg
image(146) - Copy.jpg,notumor,train,train/notumor/image(146) - Copy.jpg
1598.jpg,notumor,train,train/notumor/1598.jpg
Tr-no_0609.jpg,notumor,train,train/notumor/Tr-no_0609.jpg
Tr-no_0153.jpg,notumor,train,train/notumor/Tr-no_0153.jpg
Tr-no_0635.jpg,notumor,train,train/notumor/Tr-no_0635.jpg
Tr-no_0621.jpg,notumor,train,train/notumor/Tr-no_0621.jpg
Tr-no_0147.jpg,notumor,train,train/notumor/Tr-no_0147.jpg
image(177).jpg,notumor,train,train/notumor/image(177).jpg
Tr-no_0190.jpg,notumor,train,train/notumor/Tr-no_0190.jpg
Tr-no_0184.jpg,notumor,train,train/notumor/Tr-no_0184.jpg
Tr-no_0379.jpg,notumor,train,train/notumor/Tr-no_0379.jpg
Tr-no_0437.jpg,notumor,train,train/notumor/Tr-no_0437.jpg
N_434_VF_.jpg,notumor,train,train/notumor/N_434_VF_.jpg
N_409_HF_.jpg,notumor,train,train/notumor/N_409_HF_.jpg
Tr-no_0351.jpg,notumor,train,train/notumor/Tr-no_0351.jpg
Tr-no_0345.jpg,notumor,train,train/notumor/Tr-no_0345.jpg
N_424_VF_.jpg,notumor,train,train/notumor/N_424_VF_.jpg
Tr-no_0423.jpg,notumor,train,train/notumor/Tr-no_0423.jpg
N_419_HF_.jpg,notumor,train,train/notumor/N_419_HF_.jpg
1759.jpg,notumor,train,train/notumor/1759.jpg
Te-no_0301.jpg,notumor,train,train/notumor/Te-no_0301.jpg
Te-no_0315.jpg,notumor,train,train/notumor/Te-no_0315.jpg
N_49_DA_.jpg,notumor,train,train/notumor/N_49_DA_.jpg
1765.jpg,notumor,train,train/notumor/1765.jpg
Tr-no_0392.jpg,notumor,train,train/notumor/Tr-no_0392.jpg
Tr-no_0386.jpg,notumor,train,train/notumor/Tr-no_0386.jpg
1771.jpg,notumor,train,train/notumor/1771.jpg
1836.jpg,notumor,train,train/notumor/1836.jpg
Tr-no_0219.jpg,notumor,train,train/notumor/Tr-no_0219.jpg
1822.jpg,notumor,train,train/notumor/1822.jpg
Tr-no_0543.jpg,notumor,train,train/notumor/Tr-no_0543.jpg
Tr-no_0225.jpg,notumor,train,train/notumor/Tr-no_0225.jpg
Tr-no_0231.jpg,notumor,train,train/notumor/Tr-no_0231.jpg
Tr-no_0557.jpg,notumor,train,train/notumor/Tr-no_0557.jpg
Te-no_0275.jpg,notumor,train,train/notumor/Te-no_0275.jpg
Te-no_0261.jpg,notumor,train,train/notumor/Te-no_0261.jpg
1639.jpg,notumor,train,train/notumor/1639.jpg
N_42_RO_.jpg,notumor,train,train/notumor/N_42_RO_.jpg
N_381_BR_.jpg,notumor,train,train/notumor/N_381_BR_.jpg
Tr-no_0580.jpg,notumor,train,train/notumor/Tr-no_0580.jpg
1611.jpg,notumor,train,train/notumor/1611.jpg
Te-no_0249.jpg,notumor,train,train/notumor/Te-no_0249.jpg
N_391_BR_.jpg,notumor,train,train/notumor/N_391_BR_.jpg
N_52_RO_.jpg,notumor,train,train/notumor/N_52_RO_.jpg
Tr-no_0594.jpg,notumor,train,train/notumor/Tr-no_0594.jpg
1605.jpg,notumor,train,train/notumor/1605.jpg
N_415_BR_.jpg,notumor,train,train/notumor/N_415_BR_.jpg
N_405_BR_.jpg,notumor,train,train/notumor/N_405_BR_.jpg
Te-no_0088.jpg,notumor,train,train/notumor/Te-no_0088.jpg
Tr-no_0027.jpg,notumor,train,train/notumor/Tr-no_0027.jpg
N_431_DA_.jpg,notumor,train,train/notumor/N_431_DA_.jpg
N1.JPG,notumor,train,train/notumor/N1.JPG
N_421_DA_.jpg,notumor,train,train/notumor/N_421_DA_.jpg
Te-no_0077.jpg,notumor,train,train/notumor/Te-no_0077.jpg
image(161).jpg,notumor,train,train/notumor/image(161).jpg
N_388_SP_.jpg,notumor,train,train/notumor/N_388_SP_.jpg
N_375_RO_.jpg,notumor,train,train/notumor/N_375_RO_.jpg
N_398_SP_.jpg,notumor,train,train/notumor/N_398_SP_.jpg
39 no.jpg,notumor,train,train/notumor/39 no.jpg
N_57_HF_.jpg,notumor,train,train/notumor/N_57_HF_.jpg
image(116).jpg,notumor,train,train/notumor/image(116).jpg
Te-no_0075.jpg,notumor,train,train/notumor/Te-no_0075.jpg
N_47_HF_.jpg,notumor,train,train/notumor/N_47_HF_.jpg
N3.jpg,notumor,train,train/notumor/N3.jpg
N_433_BR_.jpg,notumor,train,train/notumor/N_433_BR_.jpg
Tr-no_0025.jpg,notumor,train,train/notumor/Tr-no_0025.jpg
N_423_BR_.jpg,notumor,train,train/notumor/N_423_BR_.jpg
N_417_DA_.jpg,notumor,train,train/notumor/N_417_DA_.jpg
N_407_DA_.jpg,notumor,train,train/notumor/N_407_DA_.jpg
N_383_DA_.jpg,notumor,train,train/notumor/N_383_DA_.jpg
1613.jpg,notumor,train,train/notumor/1613.jpg
Tr-no_0582.jpg,notumor,train,train/notumor/Tr-no_0582.jpg
1607.jpg,notumor,train,train/notumor/1607.jpg
N_393_DA_.jpg,notumor,train,train/notumor/N_393_DA_.jpg
Tr-no_0596.jpg,notumor,train,train/notumor/Tr-no_0596.jpg
Te-no_0277.jpg,notumor,train,train/notumor/Te-no_0277.jpg
N_370_HF_.jpg,notumor,train,train/notumor/N_370_HF_.jpg
image(141).jpg,notumor,train,train/notumor/image(141).jpg
Te-no_0263.jpg,notumor,train,train/notumor/Te-no_0263.jpg
Te-no_0288.jpg,notumor,train,train/notumor/Te-no_0288.jpg
Tr-no_0227.jpg,notumor,train,train/notumor/Tr-no_0227.jpg
1808.jpg,notumor,train,train/notumor/1808.jpg
Tr-no_0541.jpg,notumor,train,train/notumor/Tr-no_0541.jpg
Tr-no_0555.jpg,notumor,train,train/notumor/Tr-no_0555.jpg
Tr-no_0233.jpg,notumor,train,train/notumor/Tr-no_0233.jpg
1834.jpg,notumor,train,train/notumor/1834.jpg
N_4_VF_.jpg,notumor,train,train/notumor/N_4_VF_.jpg
N_39_BR_.jpg,notumor,train,train/notumor/N_39_BR_.jpg
1820.jpg,notumor,train,train/notumor/1820.jpg
Tr-no_0569.jpg,notumor,train,train/notumor/Tr-no_0569.jpg
N_388_RO_.jpg,notumor,train,train/notumor/N_388_RO_.jpg
N_375_SP_.jpg,notumor,train,train/notumor/N_375_SP_.jpg
Tr-no_0390.jpg,notumor,train,train/notumor/Tr-no_0390.jpg
1767.jpg,notumor,train,train/notumor/1767.jpg
image(153) - Copy.jpg,notumor,train,train/notumor/image(153) - Copy.jpg
1773.jpg,notumor,train,train/notumor/1773.jpg
N_398_RO_.jpg,notumor,train,train/notumor/N_398_RO_.jpg
Tr-no_0384.jpg,notumor,train,train/notumor/Tr-no_0384.jpg
Te-no_0303.jpg,notumor,train,train/notumor/Te-no_0303.jpg
image(157).jpg,notumor,train,train/notumor/image(157).jpg
Te-no_0317.jpg,notumor,train,train/notumor/Te-no_0317.jpg
Tr-no_0353.jpg,notumor,train,train/notumor/Tr-no_0353.jpg
Tr-no_0435.jpg,notumor,train,train/notumor/Tr-no_0435.jpg
Tr-no_0421.jpg,notumor,train,train/notumor/Tr-no_0421.jpg
Tr-no_0347.jpg,notumor,train,train/notumor/Tr-no_0347.jpg
N_412_VF_.jpg,notumor,train,train/notumor/N_412_VF_.jpg
1798.jpg,notumor,train,train/notumor/1798.jpg
Tr-no_0409.jpg,notumor,train,train/notumor/Tr-no_0409.jpg
N_402_VF_.jpg,notumor,train,train/notumor/N_402_VF_.jpg
N_42_SP_.jpg,notumor,train,train/notumor/N_42_SP_.jpg
Tr-no_0192.jpg,notumor,train,train/notumor/Tr-no_0192.jpg
N_386_VF_.jpg,notumor,train,train/notumor/N_386_VF_.jpg
Tr-no_0186.jpg,notumor,train,train/notumor/Tr-no_0186.jpg
Te-no_0129.jpg,notumor,train,train/notumor/Te-no_0129.jpg
N_396_VF_.jpg,notumor,train,train/notumor/N_396_VF_.jpg
35 no.jpg,notumor,train,train/notumor/35 no.jpg
Tr-no_0637.jpg,notumor,train,train/notumor/Tr-no_0637.jpg
Tr-no_0151.jpg,notumor,train,train/notumor/Tr-no_0151.jpg
Tr-no_0145.jpg,notumor,train,train/notumor/Tr-no_0145.jpg
Tr-no_0623.jpg,notumor,train,train/notumor/Tr-no_0623.jpg
Tr-no_0179.jpg,notumor,train,train/notumor/Tr-no_0179.jpg
Tr-no_0178.jpg,notumor,train,train/notumor/Tr-no_0178.jpg
N_405_SP_.jpg,notumor,train,train/notumor/N_405_SP_.jpg
N_415_SP_.jpg,notumor,train,train/notumor/N_415_SP_.jpg
image(194).jpg,notumor,train,train/notumor/image(194).jpg
Tr-no_0144.jpg,notumor,train,train/notumor/Tr-no_0144.jpg
Tr-no_0622.jpg,notumor,train,train/notumor/Tr-no_0622.jpg
Tr-no_0636.jpg,notumor,train,train/notumor/Tr-no_0636.jpg
Tr-no_0150.jpg,notumor,train,train/notumor/Tr-no_0150.jpg
Te-no_0128.jpg,notumor,train,train/notumor/Te-no_0128.jpg
Tr-no_0187.jpg,notumor,train,train/notumor/Tr-no_0187.jpg
N_398_BR_.jpg,notumor,train,train/notumor/N_398_BR_.jpg
N_388_BR_.jpg,notumor,train,train/notumor/N_388_BR_.jpg
N_372_VF_.jpg,notumor,train,train/notumor/N_372_VF_.jpg
Tr-no_0193.jpg,notumor,train,train/notumor/Tr-no_0193.jpg
Tr-no_0408.jpg,notumor,train,train/notumor/Tr-no_0408.jpg
1799.jpg,notumor,train,train/notumor/1799.jpg
Tr-no_0420.jpg,notumor,train,train/notumor/Tr-no_0420.jpg
Tr-no_0346.jpg,notumor,train,train/notumor/Tr-no_0346.jpg
N_428_DA_.jpg,notumor,train,train/notumor/N_428_DA_.jpg
Tr-no_0352.jpg,notumor,train,train/notumor/Tr-no_0352.jpg
Tr-no_0434.jpg,notumor,train,train/notumor/Tr-no_0434.jpg
N_438_DA_.jpg,notumor,train,train/notumor/N_438_DA_.jpg
Te-no_0316.jpg,notumor,train,train/notumor/Te-no_0316.jpg
Te-no_0302.jpg,notumor,train,train/notumor/Te-no_0302.jpg
1772.jpg,notumor,train,train/notumor/1772.jpg
N_391_SP_.jpg,notumor,train,train/notumor/N_391_SP_.jpg
Tr-no_0385.jpg,notumor,train,train/notumor/Tr-no_0385.jpg
Tr-no_0391.jpg,notumor,train,train/notumor/Tr-no_0391.jpg
N_381_SP_.jpg,notumor,train,train/notumor/N_381_SP_.jpg
N_45_VF_.jpg,notumor,train,train/notumor/N_45_VF_.jpg
1766.jpg,notumor,train,train/notumor/1766.jpg
Tr-no_0568.jpg,notumor,train,train/notumor/Tr-no_0568.jpg
1821.jpg,notumor,train,train/notumor/1821.jpg
N_37_VF_.jpg,notumor,train,train/notumor/N_37_VF_.jpg
1835.jpg,notumor,train,train/notumor/1835.jpg
Tr-no_0554.jpg,notumor,train,train/notumor/Tr-no_0554.jpg
Tr-no_0232.jpg,notumor,train,train/notumor/Tr-no_0232.jpg
N_423_RO_.jpg,notumor,train,train/notumor/N_423_RO_.jpg
Tr-no_0226.jpg,notumor,train,train/notumor/Tr-no_0226.jpg
Te-no_0289.jpg,notumor,train,train/notumor/Te-no_0289.jpg
N_433_RO_.jpg,notumor,train,train/notumor/N_433_RO_.jpg
Tr-no_0540.jpg,notumor,train,train/notumor/Tr-no_0540.jpg
1809.jpg,notumor,train,train/notumor/1809.jpg
N_384_HF_.jpg,notumor,train,train/notumor/N_384_HF_.jpg
Te-no_0262.jpg,notumor,train,train/notumor/Te-no_0262.jpg
N_394_HF_.jpg,notumor,train,train/notumor/N_394_HF_.jpg
Te-no_0276.jpg,notumor,train,train/notumor/Te-no_0276.jpg
Tr-no_0597.jpg,notumor,train,train/notumor/Tr-no_0597.jpg
1606.jpg,notumor,train,train/notumor/1606.jpg
N_377_DA_.jpg,notumor,train,train/notumor/N_377_DA_.jpg
Tr-no_0583.jpg,notumor,train,train/notumor/Tr-no_0583.jpg
1612.jpg,notumor,train,train/notumor/1612.jpg
N_39_RO_.jpg,notumor,train,train/notumor/N_39_RO_.jpg
N_3_SP_.jpg,notumor,train,train/notumor/N_3_SP_.jpg
11 no.jpg,notumor,train,train/notumor/11 no.jpg
Tr-no_0030.jpg,notumor,train,train/notumor/Tr-no_0030.jpg
N_410_HF_.jpg,notumor,train,train/notumor/N_410_HF_.jpg
N2.JPG,notumor,train,train/notumor/N2.JPG
Tr-no_0024.jpg,notumor,train,train/notumor/Tr-no_0024.jpg
N_400_HF_.jpg,notumor,train,train/notumor/N_400_HF_.jpg
image(182).jpg,notumor,train,train/notumor/image(182).jpg
Te-no_0074.jpg,notumor,train,train/notumor/Te-no_0074.jpg
N_50_DA_.jpg,notumor,train,train/notumor/N_50_DA_.jpg
N_40_DA_.jpg,notumor,train,train/notumor/N_40_DA_.jpg
Tr-gl_1135.jpg,glioma,train,train/glioma/Tr-gl_1135.jpg
Te-gl_0284.jpg,glioma,train,train/glioma/Te-gl_0284.jpg
Tr-gl_0559.jpg,glioma,train,train/glioma/Tr-gl_0559.jpg
Te-gl_0290.jpg,glioma,train,train/glioma/Te-gl_0290.jpg
Tr-gl_1121.jpg,glioma,train,train/glioma/Tr-gl_1121.jpg
Tr-gl_0217.jpg,glioma,train,train/glioma/Tr-gl_0217.jpg
Tr-gl_1109.jpg,glioma,train,train/glioma/Tr-gl_1109.jpg
Tr-gl_0571.jpg,glioma,train,train/glioma/Tr-gl_0571.jpg
Tr-gl_0565.jpg,glioma,train,train/glioma/Tr-gl_0565.jpg
Tr-gl_0203.jpg,glioma,train,train/glioma/Tr-gl_0203.jpg
gg (677).jpg,glioma,train,train/glioma/gg (677).jpg
G_872.jpg,glioma,train,train/glioma/G_872.jpg
Te-gl_0247.jpg,glioma,train,train/glioma/Te-gl_0247.jpg
G_861_BR_.jpg,glioma,train,train/glioma/G_861_BR_.jpg
G_789_DA_.jpg,glioma,train,train/glioma/G_789_DA_.jpg
G_871_BR_.jpg,glioma,train,train/glioma/G_871_BR_.jpg
G_799_DA_.jpg,glioma,train,train/glioma/G_799_DA_.jpg
Te-gl_0253.jpg,glioma,train,train/glioma/Te-gl_0253.jpg
G_866.jpg,glioma,train,train/glioma/G_866.jpg
G_845_DA_.jpg,glioma,train,train/glioma/G_845_DA_.jpg
G_757_VF_.jpg,glioma,train,train/glioma/G_757_VF_.jpg
G_855_DA_.jpg,glioma,train,train/glioma/G_855_DA_.jpg
G_747_VF_.jpg,glioma,train,train/glioma/G_747_VF_.jpg
G_730_DA_.jpg,glioma,train,train/glioma/G_730_DA_.jpg
Tr-gl_0997.jpg,glioma,train,train/glioma/Tr-gl_0997.jpg
Te-gl_0086.jpg,glioma,train,train/glioma/Te-gl_0086.jpg
G_822_VF_.jpg,glioma,train,train/glioma/G_822_VF_.jpg
Tr-gl_0029.jpg,glioma,train,train/glioma/Tr-gl_0029.jpg
Te-gl_0092.jpg,glioma,train,train/glioma/Te-gl_0092.jpg
G_87_HF_.jpg,glioma,train,train/glioma/G_87_HF_.jpg
G_720_DA_.jpg,glioma,train,train/glioma/G_720_DA_.jpg
G_832_VF_.jpg,glioma,train,train/glioma/G_832_VF_.jpg
Tr-gl_0983.jpg,glioma,train,train/glioma/Tr-gl_0983.jpg
gg (335).jpg,glioma,train,train/glioma/gg (335).jpg
gg (620).jpg,glioma,train,train/glioma/gg (620).jpg
G_714_BR_.jpg,glioma,train,train/glioma/G_714_BR_.jpg
G_704_BR_.jpg,glioma,train,train/glioma/G_704_BR_.jpg
gg (53).jpg,glioma,train,train/glioma/gg (53).jpg
Tr-gl_0954.jpg,glioma,train,train/glioma/Tr-gl_0954.jpg
G_868_SP_.jpg,glioma,train,train/glioma/G_868_SP_.jpg
gg (509).jpg,glioma,train,train/glioma/gg (509).jpg
image(1).jpg,glioma,train,train/glioma/image(1).jpg
G_878_SP_.jpg,glioma,train,train/glioma/G_878_SP_.jpg
G_885_RO_.jpg,glioma,train,train/glioma/G_885_RO_.jpg
Tr-gl_0940.jpg,glioma,train,train/glioma/Tr-gl_0940.jpg
Tr-gl_0798.jpg,glioma,train,train/glioma/Tr-gl_0798.jpg
Tr-gl_0968.jpg,glioma,train,train/glioma/Tr-gl_0968.jpg
G_759_RO_.jpg,glioma,train,train/glioma/G_759_RO_.jpg
Te-gl_0079.jpg,glioma,train,train/glioma/Te-gl_0079.jpg
G_749_RO_.jpg,glioma,train,train/glioma/G_749_RO_.jpg
Tr-gl_0149.jpg,glioma,train,train/glioma/Tr-gl_0149.jpg
Tr-gl_0607.jpg,glioma,train,train/glioma/Tr-gl_0607.jpg
Tr-gl_0161.jpg,glioma,train,train/glioma/Tr-gl_0161.jpg
Tr-gl_0175.jpg,glioma,train,train/glioma/Tr-gl_0175.jpg
Tr-gl_0613.jpg,glioma,train,train/glioma/Tr-gl_0613.jpg
gg (636).jpg,glioma,train,train/glioma/gg (636).jpg
G_776_BR_.jpg,glioma,train,train/glioma/G_776_BR_.jpg
Tr-gl_0820.jpg,glioma,train,train/glioma/Tr-gl_0820.jpg
Te-gl_0131.jpg,glioma,train,train/glioma/Te-gl_0131.jpg
Te-gl_0125.jpg,glioma,train,train/glioma/Te-gl_0125.jpg
G_766_BR_.jpg,glioma,train,train/glioma/G_766_BR_.jpg
gg (45).jpg,glioma,train,train/glioma/gg (45).jpg
G_752_DA_.jpg,glioma,train,train/glioma/G_752_DA_.jpg
G_840_VF_.jpg,glioma,train,train/glioma/G_840_VF_.jpg
Te-gl_0119.jpg,glioma,train,train/glioma/Te-gl_0119.jpg
G_742_DA_.jpg,glioma,train,train/glioma/G_742_DA_.jpg
G_850_VF_.jpg,glioma,train,train/glioma/G_850_VF_.jpg
Tr-gl_0808.jpg,glioma,train,train/glioma/Tr-gl_0808.jpg
Tr-gl_1041.jpg,glioma,train,train/glioma/Tr-gl_1041.jpg
G_708_HF_.jpg,glioma,train,train/glioma/G_708_HF_.jpg
G_827_DA_.jpg,glioma,train,train/glioma/G_827_DA_.jpg
G_735_VF_.jpg,glioma,train,train/glioma/G_735_VF_.jpg
Tr-gl_0439.jpg,glioma,train,train/glioma/Tr-gl_0439.jpg
G_837_DA_.jpg,glioma,train,train/glioma/G_837_DA_.jpg
G_718_HF_.jpg,glioma,train,train/glioma/G_718_HF_.jpg
G_709.jpg,glioma,train,train/glioma/G_709.jpg
Tr-gl_1055.jpg,glioma,train,train/glioma/Tr-gl_1055.jpg
gg (374).jpg,glioma,train,train/glioma/gg (374).jpg
G_725_VF_.jpg,glioma,train,train/glioma/G_725_VF_.jpg
gg (661).jpg,glioma,train,train/glioma/gg (661).jpg
G_803_BR_.jpg,glioma,train,train/glioma/G_803_BR_.jpg
G_721.jpg,glioma,train,train/glioma/G_721.jpg
Tr-gl_0363.jpg,glioma,train,train/glioma/Tr-gl_0363.jpg
Tr-gl_0405.jpg,glioma,train,train/glioma/Tr-gl_0405.jpg
Tr-gl_0411.jpg,glioma,train,train/glioma/Tr-gl_0411.jpg
G_813_BR_.jpg,glioma,train,train/glioma/G_813_BR_.jpg
Tr-gl_1069.jpg,glioma,train,train/glioma/Tr-gl_1069.jpg
Tr-gl_0377.jpg,glioma,train,train/glioma/Tr-gl_0377.jpg
G_735.jpg,glioma,train,train/glioma/G_735.jpg
G_782_RO_.jpg,glioma,train,train/glioma/G_782_RO_.jpg
Tr-gl_1082.jpg,glioma,train,train/glioma/Tr-gl_1082.jpg
gg (548).jpg,glioma,train,train/glioma/gg (548).jpg
G_792_RO_.jpg,glioma,train,train/glioma/G_792_RO_.jpg
Tr-gl_0388.jpg,glioma,train,train/glioma/Tr-gl_0388.jpg
Tr-gl_1096.jpg,glioma,train,train/glioma/Tr-gl_1096.jpg
G_857_SP_.jpg,glioma,train,train/glioma/G_857_SP_.jpg
G_847_SP_.jpg,glioma,train,train/glioma/G_847_SP_.jpg
G_766_RO_.jpg,glioma,train,train/glioma/G_766_RO_.jpg
Tr-gl_1097.jpg,glioma,train,train/glioma/Tr-gl_1097.jpg
Tr-gl_0389.jpg,glioma,train,train/glioma/Tr-gl_0389.jpg
Tr-gl_1083.jpg,glioma,train,train/glioma/Tr-gl_1083.jpg
G_776_RO_.jpg,glioma,train,train/glioma/G_776_RO_.jpg
image(73).jpg,glioma,train,train/glioma/image(73).jpg
Tr-gl_0410.jpg,glioma,train,train/glioma/Tr-gl_0410.jpg
G_820_HF_.jpg,glioma,train,train/glioma/G_820_HF_.jpg
G_734.jpg,glioma,train,train/glioma/G_734.jpg
Tr-gl_0376.jpg,glioma,train,train/glioma/Tr-gl_0376.jpg
Tr-gl_1068.jpg,glioma,train,train/glioma/Tr-gl_1068.jpg
Tr-gl_0362.jpg,glioma,train,train/glioma/Tr-gl_0362.jpg
G_830_HF_.jpg,glioma,train,train/glioma/G_830_HF_.jpg
G_720.jpg,glioma,train,train/glioma/G_720.jpg
gg (476).jpg,glioma,train,train/glioma/gg (476).jpg
Tr-gl_0404.jpg,glioma,train,train/glioma/Tr-gl_0404.jpg
G_85_VF_.jpg,glioma,train,train/glioma/G_85_VF_.jpg
gg (499).jpg,glioma,train,train/glioma/gg (499).jpg
gg (533).jpg,glioma,train,train/glioma/gg (533).jpg
Tr-gl_1054.jpg,glioma,train,train/glioma/Tr-gl_1054.jpg
G_708.jpg,glioma,train,train/glioma/G_708.jpg
Tr-gl_1040.jpg,glioma,train,train/glioma/Tr-gl_1040.jpg
Tr-gl_0438.jpg,glioma,train,train/glioma/Tr-gl_0438.jpg
Te-gl_0118.jpg,glioma,train,train/glioma/Te-gl_0118.jpg
Tr-gl_0809.jpg,glioma,train,train/glioma/Tr-gl_0809.jpg
G_889_HF_.jpg,glioma,train,train/glioma/G_889_HF_.jpg
G_792_BR_.jpg,glioma,train,train/glioma/G_792_BR_.jpg
Te-gl_0124.jpg,glioma,train,train/glioma/Te-gl_0124.jpg
image(24).jpg,glioma,train,train/glioma/image(24).jpg
G_755_HF_.jpg,glioma,train,train/glioma/G_755_HF_.jpg
G_768_VF_.jpg,glioma,train,train/glioma/G_768_VF_.jpg
Tr-gl_0821.jpg,glioma,train,train/glioma/Tr-gl_0821.jpg
G_745_HF_.jpg,glioma,train,train/glioma/G_745_HF_.jpg
G_782_BR_.jpg,glioma,train,train/glioma/G_782_BR_.jpg
G_778_VF_.jpg,glioma,train,train/glioma/G_778_VF_.jpg
Te-gl_0130.jpg,glioma,train,train/glioma/Te-gl_0130.jpg
gg (421).jpg,glioma,train,train/glioma/gg (421).jpg
Tr-gl_0174.jpg,glioma,train,train/glioma/Tr-gl_0174.jpg
G_813_RO_.jpg,glioma,train,train/glioma/G_813_RO_.jpg
Tr-gl_0612.jpg,glioma,train,train/glioma/Tr-gl_0612.jpg
G_803_RO_.jpg,glioma,train,train/glioma/G_803_RO_.jpg
Tr-gl_0606.jpg,glioma,train,train/glioma/Tr-gl_0606.jpg
Tr-gl_0160.jpg,glioma,train,train/glioma/Tr-gl_0160.jpg
Tr-gl_0148.jpg,glioma,train,train/glioma/Tr-gl_0148.jpg
G_722_SP_.jpg,glioma,train,train/glioma/G_722_SP_.jpg
G_732_SP_.jpg,glioma,train,train/glioma/G_732_SP_.jpg
gg (564).jpg,glioma,train,train/glioma/gg (564).jpg
Tr-gl_1242.jpg,glioma,train,train/glioma/Tr-gl_1242.jpg
G_740_SP_.jpg,glioma,train,train/glioma/G_740_SP_.jpg
G_750_SP_.jpg,glioma,train,train/glioma/G_750_SP_.jpg
Tr-gl_0969.jpg,glioma,train,train/glioma/Tr-gl_0969.jpg
Te-gl_0078.jpg,glioma,train,train/glioma/Te-gl_0078.jpg
G_871_RO_.jpg,glioma,train,train/glioma/G_871_RO_.jpg
Tr-gl_0799.jpg,glioma,train,train/glioma/Tr-gl_0799.jpg
Tr-gl_0941.jpg,glioma,train,train/glioma/Tr-gl_0941.jpg
Tr-gl_0955.jpg,glioma,train,train/glioma/Tr-gl_0955.jpg
G_861_RO_.jpg,glioma,train,train/glioma/G_861_RO_.jpg
image(32).jpg,glioma,train,train/glioma/image(32).jpg
G_737_HF_.jpg,glioma,train,train/glioma/G_737_HF_.jpg
G_818_DA_.jpg,glioma,train,train/glioma/G_818_DA_.jpg
G_808_DA_.jpg,glioma,train,train/glioma/G_808_DA_.jpg
G_727_HF_.jpg,glioma,train,train/glioma/G_727_HF_.jpg
gg (437).jpg,glioma,train,train/glioma/gg (437).jpg
Te-gl_0093.jpg,glioma,train,train/glioma/Te-gl_0093.jpg
Tr-gl_0982.jpg,glioma,train,train/glioma/Tr-gl_0982.jpg
gg (572).jpg,glioma,train,train/glioma/gg (572).jpg
Tr-gl_0996.jpg,glioma,train,train/glioma/Tr-gl_0996.jpg
Tr-gl_0028.jpg,glioma,train,train/glioma/Tr-gl_0028.jpg
Te-gl_0087.jpg,glioma,train,train/glioma/Te-gl_0087.jpg
G_749_BR_.jpg,glioma,train,train/glioma/G_749_BR_.jpg
G_759_BR_.jpg,glioma,train,train/glioma/G_759_BR_.jpg
G_842_HF_.jpg,glioma,train,train/glioma/G_842_HF_.jpg
G_885_BR_.jpg,glioma,train,train/glioma/G_885_BR_.jpg
image(65).jpg,glioma,train,train/glioma/image(65).jpg
G_867.jpg,glioma,train,train/glioma/G_867.jpg
Te-gl_0252.jpg,glioma,train,train/glioma/Te-gl_0252.jpg
Te-gl_0246.jpg,glioma,train,train/glioma/Te-gl_0246.jpg
G_852_HF_.jpg,glioma,train,train/glioma/G_852_HF_.jpg
G_873.jpg,glioma,train,train/glioma/G_873.jpg
Tr-gl_0564.jpg,glioma,train,train/glioma/Tr-gl_0564.jpg
G_704_RO_.jpg,glioma,train,train/glioma/G_704_RO_.jpg
gg (460).jpg,glioma,train,train/glioma/gg (460).jpg
Tr-gl_0202.jpg,glioma,train,train/glioma/Tr-gl_0202.jpg
Tr-gl_1108.jpg,glioma,train,train/glioma/Tr-gl_1108.jpg
Tr-gl_0216.jpg,glioma,train,train/glioma/Tr-gl_0216.jpg
G_714_RO_.jpg,glioma,train,train/glioma/G_714_RO_.jpg
Tr-gl_0570.jpg,glioma,train,train/glioma/Tr-gl_0570.jpg
G_835_SP_.jpg,glioma,train,train/glioma/G_835_SP_.jpg
Tr-gl_0558.jpg,glioma,train,train/glioma/Tr-gl_0558.jpg
Te-gl_0291.jpg,glioma,train,train/glioma/Te-gl_0291.jpg
Tr-gl_1120.jpg,glioma,train,train/glioma/Tr-gl_1120.jpg
Tr-gl_1134.jpg,glioma,train,train/glioma/Tr-gl_1134.jpg
Te-gl_0285.jpg,glioma,train,train/glioma/Te-gl_0285.jpg
G_825_SP_.jpg,glioma,train,train/glioma/G_825_SP_.jpg
gg (525).jpg,glioma,train,train/glioma/gg (525).jpg
G_722_RO_.jpg,glioma,train,train/glioma/G_722_RO_.jpg
Tr-gl_1122.jpg,glioma,train,train/glioma/Tr-gl_1122.jpg
Te-gl_0293.jpg,glioma,train,train/glioma/Te-gl_0293.jpg
gg (552).jpg,glioma,train,train/glioma/gg (552).jpg
G_732_RO_.jpg,glioma,train,train/glioma/G_732_RO_.jpg
Tr-gl_0228.jpg,glioma,train,train/glioma/Tr-gl_0228.jpg
Te-gl_0287.jpg,glioma,train,train/glioma/Te-gl_0287.jpg
Tr-gl_1136.jpg,glioma,train,train/glioma/Tr-gl_1136.jpg
Tr-gl_0200.jpg,glioma,train,train/glioma/Tr-gl_0200.jpg
G_813_SP_.jpg,glioma,train,train/glioma/G_813_SP_.jpg
Tr-gl_0566.jpg,glioma,train,train/glioma/Tr-gl_0566.jpg
G_803_SP_.jpg,glioma,train,train/glioma/G_803_SP_.jpg
Tr-gl_0572.jpg,glioma,train,train/glioma/Tr-gl_0572.jpg
Tr-gl_0214.jpg,glioma,train,train/glioma/Tr-gl_0214.jpg
gg (417).jpg,glioma,train,train/glioma/gg (417).jpg
Te-gl_0250.jpg,glioma,train,train/glioma/Te-gl_0250.jpg
G_865.jpg,glioma,train,train/glioma/G_865.jpg
G_887_DA_.jpg,glioma,train,train/glioma/G_887_DA_.jpg
G_795_VF_.jpg,glioma,train,train/glioma/G_795_VF_.jpg
Tr-gl_0599.jpg,glioma,train,train/glioma/Tr-gl_0599.jpg
G_871.jpg,glioma,train,train/glioma/G_871.jpg
image(12).jpg,glioma,train,train/glioma/image(12).jpg
G_785_VF_.jpg,glioma,train,train/glioma/G_785_VF_.jpg
Te-gl_0244.jpg,glioma,train,train/glioma/Te-gl_0244.jpg
G_859.jpg,glioma,train,train/glioma/G_859.jpg
G_864_HF_.jpg,glioma,train,train/glioma/G_864_HF_.jpg
gg (381).jpg,glioma,train,train/glioma/gg (381).jpg
G_859_VF_.jpg,glioma,train,train/glioma/G_859_VF_.jpg
G_874_HF_.jpg,glioma,train,train/glioma/G_874_HF_.jpg
G_849_VF_.jpg,glioma,train,train/glioma/G_849_VF_.jpg
G_711_HF_.jpg,glioma,train,train/glioma/G_711_HF_.jpg
Tr-gl_0980.jpg,glioma,train,train/glioma/Tr-gl_0980.jpg
Te-gl_0091.jpg,glioma,train,train/glioma/Te-gl_0091.jpg
Te-gl_0085.jpg,glioma,train,train/glioma/Te-gl_0085.jpg
gg (505).jpg,glioma,train,train/glioma/gg (505).jpg
Tr-gl_0994.jpg,glioma,train,train/glioma/Tr-gl_0994.jpg
gg (440).jpg,glioma,train,train/glioma/gg (440).jpg
Tr-gl_0943.jpg,glioma,train,train/glioma/Tr-gl_0943.jpg
gg (339).jpg,glioma,train,train/glioma/gg (339).jpg
G_766_SP_.jpg,glioma,train,train/glioma/G_766_SP_.jpg
G_776_SP_.jpg,glioma,train,train/glioma/G_776_SP_.jpg
Tr-gl_0957.jpg,glioma,train,train/glioma/Tr-gl_0957.jpg
G_857_RO_.jpg,glioma,train,train/glioma/G_857_RO_.jpg
G_847_RO_.jpg,glioma,train,train/glioma/G_847_RO_.jpg
G_835_RO_.jpg,glioma,train,train/glioma/G_835_RO_.jpg
gg (49).jpg,glioma,train,train/glioma/gg (49).jpg
gg (513).jpg,glioma,train,train/glioma/gg (513).jpg
G_825_RO_.jpg,glioma,train,train/glioma/G_825_RO_.jpg
Tr-gl_1240.jpg,glioma,train,train/glioma/Tr-gl_1240.jpg
Tr-gl_0638.jpg,glioma,train,train/glioma/Tr-gl_0638.jpg
G_704_SP_.jpg,glioma,train,train/glioma/G_704_SP_.jpg
Tr-gl_0610.jpg,glioma,train,train/glioma/Tr-gl_0610.jpg
Tr-gl_0176.jpg,glioma,train,train/glioma/Tr-gl_0176.jpg
Tr-gl_1268.jpg,glioma,train,train/glioma/Tr-gl_1268.jpg
Tr-gl_0162.jpg,glioma,train,train/glioma/Tr-gl_0162.jpg
G_714_SP_.jpg,glioma,train,train/glioma/G_714_SP_.jpg
gg (456).jpg,glioma,train,train/glioma/gg (456).jpg
Tr-gl_0604.jpg,glioma,train,train/glioma/Tr-gl_0604.jpg
G_878_BR_.jpg,glioma,train,train/glioma/G_878_BR_.jpg
G_790_DA_.jpg,glioma,train,train/glioma/G_790_DA_.jpg
Te-gl_0126.jpg,glioma,train,train/glioma/Te-gl_0126.jpg
Tr-gl_0189.jpg,glioma,train,train/glioma/Tr-gl_0189.jpg
G_882_VF_.jpg,glioma,train,train/glioma/G_882_VF_.jpg
Te-gl_0132.jpg,glioma,train,train/glioma/Te-gl_0132.jpg
G_868_BR_.jpg,glioma,train,train/glioma/G_868_BR_.jpg
G_780_DA_.jpg,glioma,train,train/glioma/G_780_DA_.jpg
image(53).jpg,glioma,train,train/glioma/image(53).jpg
Tr-gl_0823.jpg,glioma,train,train/glioma/Tr-gl_0823.jpg
G_773_HF_.jpg,glioma,train,train/glioma/G_773_HF_.jpg
G_763_HF_.jpg,glioma,train,train/glioma/G_763_HF_.jpg
G_806_HF_.jpg,glioma,train,train/glioma/G_806_HF_.jpg
Tr-gl_1056.jpg,glioma,train,train/glioma/Tr-gl_1056.jpg
G_729_DA_.jpg,glioma,train,train/glioma/G_729_DA_.jpg
Tr-gl_0348.jpg,glioma,train,train/glioma/Tr-gl_0348.jpg
G_739_DA_.jpg,glioma,train,train/glioma/G_739_DA_.jpg
gg (544).jpg,glioma,train,train/glioma/gg (544).jpg
G_816_HF_.jpg,glioma,train,train/glioma/G_816_HF_.jpg
Tr-gl_1042.jpg,glioma,train,train/glioma/Tr-gl_1042.jpg
gg (401).jpg,glioma,train,train/glioma/gg (401).jpg
Tr-gl_0374.jpg,glioma,train,train/glioma/Tr-gl_0374.jpg
G_736.jpg,glioma,train,train/glioma/G_736.jpg
G_675_BR_.jpg,glioma,train,train/glioma/G_675_BR_.jpg
Tr-gl_0412.jpg,glioma,train,train/glioma/Tr-gl_0412.jpg
Tr-gl_0406.jpg,glioma,train,train/glioma/Tr-gl_0406.jpg
G_722.jpg,glioma,train,train/glioma/G_722.jpg
Tr-gl_0360.jpg,glioma,train,train/glioma/Tr-gl_0360.jpg
G_871_SP_.jpg,glioma,train,train/glioma/G_871_SP_.jpg
gg (378).jpg,glioma,train,train/glioma/gg (378).jpg
Tr-gl_1095.jpg,glioma,train,train/glioma/Tr-gl_1095.jpg
G_861_SP_.jpg,glioma,train,train/glioma/G_861_SP_.jpg
Tr-gl_1081.jpg,glioma,train,train/glioma/Tr-gl_1081.jpg
G_740_RO_.jpg,glioma,train,train/glioma/G_740_RO_.jpg
G_750_RO_.jpg,glioma,train,train/glioma/G_750_RO_.jpg
gg (397).jpg,glioma,train,train/glioma/gg (397).jpg
G_759_SP_.jpg,glioma,train,train/glioma/G_759_SP_.jpg
G_749_SP_.jpg,glioma,train,train/glioma/G_749_SP_.jpg
G_895_SP_.jpg,glioma,train,train/glioma/G_895_SP_.jpg
G_868_RO_.jpg,glioma,train,train/glioma/G_868_RO_.jpg
Tr-gl_1080.jpg,glioma,train,train/glioma/Tr-gl_1080.jpg
G_878_RO_.jpg,glioma,train,train/glioma/G_878_RO_.jpg
Tr-gl_1094.jpg,glioma,train,train/glioma/Tr-gl_1094.jpg
G_885_SP_.jpg,glioma,train,train/glioma/G_885_SP_.jpg
gg (495).jpg,glioma,train,train/glioma/gg (495).jpg
G_801_DA_.jpg,glioma,train,train/glioma/G_801_DA_.jpg
Tr-gl_0407.jpg,glioma,train,train/glioma/Tr-gl_0407.jpg
Tr-gl_0361.jpg,glioma,train,train/glioma/Tr-gl_0361.jpg
G_723.jpg,glioma,train,train/glioma/G_723.jpg
G_713_VF_.jpg,glioma,train,train/glioma/G_713_VF_.jpg
G_737.jpg,glioma,train,train/glioma/G_737.jpg
Tr-gl_0375.jpg,glioma,train,train/glioma/Tr-gl_0375.jpg
G_811_DA_.jpg,glioma,train,train/glioma/G_811_DA_.jpg
Tr-gl_0413.jpg,glioma,train,train/glioma/Tr-gl_0413.jpg
gg (616).jpg,glioma,train,train/glioma/gg (616).jpg
G_825_BR_.jpg,glioma,train,train/glioma/G_825_BR_.jpg
Tr-gl_1043.jpg,glioma,train,train/glioma/Tr-gl_1043.jpg
Tr-gl_0349.jpg,glioma,train,train/glioma/Tr-gl_0349.jpg
G_835_BR_.jpg,glioma,train,train/glioma/G_835_BR_.jpg
Tr-gl_1057.jpg,glioma,train,train/glioma/Tr-gl_1057.jpg
G_797_HF_.jpg,glioma,train,train/glioma/G_797_HF_.jpg
G_750_BR_.jpg,glioma,train,train/glioma/G_750_BR_.jpg
gg (587).jpg,glioma,train,train/glioma/gg (587).jpg
G_740_BR_.jpg,glioma,train,train/glioma/G_740_BR_.jpg
G_787_HF_.jpg,glioma,train,train/glioma/G_787_HF_.jpg
G_774_DA_.jpg,glioma,train,train/glioma/G_774_DA_.jpg
Te-gl_0133.jpg,glioma,train,train/glioma/Te-gl_0133.jpg
Tr-gl_0822.jpg,glioma,train,train/glioma/Tr-gl_0822.jpg
gg (568).jpg,glioma,train,train/glioma/gg (568).jpg
G_866_VF_.jpg,glioma,train,train/glioma/G_866_VF_.jpg
G_764_DA_.jpg,glioma,train,train/glioma/G_764_DA_.jpg
G_876_VF_.jpg,glioma,train,train/glioma/G_876_VF_.jpg
Tr-gl_0188.jpg,glioma,train,train/glioma/Tr-gl_0188.jpg
Te-gl_0127.jpg,glioma,train,train/glioma/Te-gl_0127.jpg
gg (641).jpg,glioma,train,train/glioma/gg (641).jpg
Tr-gl_0163.jpg,glioma,train,train/glioma/Tr-gl_0163.jpg
Tr-gl_0605.jpg,glioma,train,train/glioma/Tr-gl_0605.jpg
Tr-gl_0611.jpg,glioma,train,train/glioma/Tr-gl_0611.jpg
Tr-gl_1269.jpg,glioma,train,train/glioma/Tr-gl_1269.jpg
Tr-gl_0177.jpg,glioma,train,train/glioma/Tr-gl_0177.jpg
Tr-gl_1241.jpg,glioma,train,train/glioma/Tr-gl_1241.jpg
Tr-gl_0639.jpg,glioma,train,train/glioma/Tr-gl_0639.jpg
image(28).jpg,glioma,train,train/glioma/image(28).jpg
gg (591).jpg,glioma,train,train/glioma/gg (591).jpg
G_782_SP_.jpg,glioma,train,train/glioma/G_782_SP_.jpg
Tr-gl_0956.jpg,glioma,train,train/glioma/Tr-gl_0956.jpg
G_792_SP_.jpg,glioma,train,train/glioma/G_792_SP_.jpg
Tr-gl_0942.jpg,glioma,train,train/glioma/Tr-gl_0942.jpg
G_839_HF_.jpg,glioma,train,train/glioma/G_839_HF_.jpg
G_716_DA_.jpg,glioma,train,train/glioma/G_716_DA_.jpg
G_804_VF_.jpg,glioma,train,train/glioma/G_804_VF_.jpg
G_706_DA_.jpg,glioma,train,train/glioma/G_706_DA_.jpg
G_829_HF_.jpg,glioma,train,train/glioma/G_829_HF_.jpg
G_814_VF_.jpg,glioma,train,train/glioma/G_814_VF_.jpg
gg (342).jpg,glioma,train,train/glioma/gg (342).jpg
G_732_BR_.jpg,glioma,train,train/glioma/G_732_BR_.jpg
Te-gl_0084.jpg,glioma,train,train/glioma/Te-gl_0084.jpg
Tr-gl_0995.jpg,glioma,train,train/glioma/Tr-gl_0995.jpg
Tr-gl_0981.jpg,glioma,train,train/glioma/Tr-gl_0981.jpg
G_722_BR_.jpg,glioma,train,train/glioma/G_722_BR_.jpg
Te-gl_0090.jpg,glioma,train,train/glioma/Te-gl_0090.jpg
G_847_BR_.jpg,glioma,train,train/glioma/G_847_BR_.jpg
G_880_HF_.jpg,glioma,train,train/glioma/G_880_HF_.jpg
G_890_HF_.jpg,glioma,train,train/glioma/G_890_HF_.jpg
G_857_BR_.jpg,glioma,train,train/glioma/G_857_BR_.jpg
G_858.jpg,glioma,train,train/glioma/G_858.jpg
gg (483).jpg,glioma,train,train/glioma/gg (483).jpg
G_863_DA_.jpg,glioma,train,train/glioma/G_863_DA_.jpg
gg (529).jpg,glioma,train,train/glioma/gg (529).jpg
Te-gl_0245.jpg,glioma,train,train/glioma/Te-gl_0245.jpg
G_771_VF_.jpg,glioma,train,train/glioma/G_771_VF_.jpg
G_870.jpg,glioma,train,train/glioma/G_870.jpg
G_873_DA_.jpg,glioma,train,train/glioma/G_873_DA_.jpg
G_864.jpg,glioma,train,train/glioma/G_864.jpg
Te-gl_0251.jpg,glioma,train,train/glioma/Te-gl_0251.jpg
Tr-gl_0598.jpg,glioma,train,train/glioma/Tr-gl_0598.jpg
G_761_VF_.jpg,glioma,train,train/glioma/G_761_VF_.jpg
gg (600).jpg,glioma,train,train/glioma/gg (600).jpg
image(86).jpg,glioma,train,train/glioma/image(86).jpg
Tr-gl_0573.jpg,glioma,train,train/glioma/Tr-gl_0573.jpg
Tr-gl_0215.jpg,glioma,train,train/glioma/Tr-gl_0215.jpg
Tr-gl_0201.jpg,glioma,train,train/glioma/Tr-gl_0201.jpg
Tr-gl_0567.jpg,glioma,train,train/glioma/Tr-gl_0567.jpg
Te-gl_0286.jpg,glioma,train,train/glioma/Te-gl_0286.jpg
Tr-gl_1137.jpg,glioma,train,train/glioma/Tr-gl_1137.jpg
Tr-gl_0229.jpg,glioma,train,train/glioma/Tr-gl_0229.jpg
Tr-gl_1123.jpg,glioma,train,train/glioma/Tr-gl_1123.jpg
Te-gl_0292.jpg,glioma,train,train/glioma/Te-gl_0292.jpg
image(69).jpg,glioma,train,train/glioma/image(69).jpg
gg (601).jpg,glioma,train,train/glioma/gg (601).jpg
image(87).jpg,glioma,train,train/glioma/image(87).jpg
Tr-gl_0563.jpg,glioma,train,train/glioma/Tr-gl_0563.jpg
Tr-gl_0205.jpg,glioma,train,train/glioma/Tr-gl_0205.jpg
Tr-gl_0211.jpg,glioma,train,train/glioma/Tr-gl_0211.jpg
Tr-gl_0577.jpg,glioma,train,train/glioma/Tr-gl_0577.jpg
Tr-gl_0239.jpg,glioma,train,train/glioma/Tr-gl_0239.jpg
Te-gl_0296.jpg,glioma,train,train/glioma/Te-gl_0296.jpg
Tr-gl_1127.jpg,glioma,train,train/glioma/Tr-gl_1127.jpg
Tr-gl_1133.jpg,glioma,train,train/glioma/Tr-gl_1133.jpg
image(68).jpg,glioma,train,train/glioma/image(68).jpg
G_710_HF_.jpg,glioma,train,train/glioma/G_710_HF_.jpg
G_846_RO_.jpg,glioma,train,train/glioma/G_846_RO_.jpg
G_848.jpg,glioma,train,train/glioma/G_848.jpg
G_856_RO_.jpg,glioma,train,train/glioma/G_856_RO_.jpg
gg (482).jpg,glioma,train,train/glioma/gg (482).jpg
G_777_SP_.jpg,glioma,train,train/glioma/G_777_SP_.jpg
Te-gl_0255.jpg,glioma,train,train/glioma/Te-gl_0255.jpg
gg (528).jpg,glioma,train,train/glioma/gg (528).jpg
G_860.jpg,glioma,train,train/glioma/G_860.jpg
G_874.jpg,glioma,train,train/glioma/G_874.jpg
Te-gl_0241.jpg,glioma,train,train/glioma/Te-gl_0241.jpg
Tr-gl_0588.jpg,glioma,train,train/glioma/Tr-gl_0588.jpg
G_767_SP_.jpg,glioma,train,train/glioma/G_767_SP_.jpg
G_802_SP_.jpg,glioma,train,train/glioma/G_802_SP_.jpg
G_812_SP_.jpg,glioma,train,train/glioma/G_812_SP_.jpg
Te-gl_0094.jpg,glioma,train,train/glioma/Te-gl_0094.jpg
gg (343).jpg,glioma,train,train/glioma/gg (343).jpg
G_733_RO_.jpg,glioma,train,train/glioma/G_733_RO_.jpg
Tr-gl_0985.jpg,glioma,train,train/glioma/Tr-gl_0985.jpg
Tr-gl_0991.jpg,glioma,train,train/glioma/Tr-gl_0991.jpg
G_723_RO_.jpg,glioma,train,train/glioma/G_723_RO_.jpg
Te-gl_0080.jpg,glioma,train,train/glioma/Te-gl_0080.jpg
G_848_VF_.jpg,glioma,train,train/glioma/G_848_VF_.jpg
G_875_HF_.jpg,glioma,train,train/glioma/G_875_HF_.jpg
gg (590).jpg,glioma,train,train/glioma/gg (590).jpg
G_858_VF_.jpg,glioma,train,train/glioma/G_858_VF_.jpg
G_865_HF_.jpg,glioma,train,train/glioma/G_865_HF_.jpg
Te-gl_0057.jpg,glioma,train,train/glioma/Te-gl_0057.jpg
G_784_VF_.jpg,glioma,train,train/glioma/G_784_VF_.jpg
Tr-gl_0946.jpg,glioma,train,train/glioma/Tr-gl_0946.jpg
G_896_DA_.jpg,glioma,train,train/glioma/G_896_DA_.jpg
G_794_VF_.jpg,glioma,train,train/glioma/G_794_VF_.jpg
Tr-gl_0952.jpg,glioma,train,train/glioma/Tr-gl_0952.jpg
G_886_DA_.jpg,glioma,train,train/glioma/G_886_DA_.jpg
gg (640).jpg,glioma,train,train/glioma/gg (640).jpg
Tr-gl_0173.jpg,glioma,train,train/glioma/Tr-gl_0173.jpg
Tr-gl_0615.jpg,glioma,train,train/glioma/Tr-gl_0615.jpg
Tr-gl_0601.jpg,glioma,train,train/glioma/Tr-gl_0601.jpg
Tr-gl_0167.jpg,glioma,train,train/glioma/Tr-gl_0167.jpg
G_738_DA_.jpg,glioma,train,train/glioma/G_738_DA_.jpg
G_817_HF_.jpg,glioma,train,train/glioma/G_817_HF_.jpg
Tr-gl_0629.jpg,glioma,train,train/glioma/Tr-gl_0629.jpg
image(29).jpg,glioma,train,train/glioma/image(29).jpg
G_807_HF_.jpg,glioma,train,train/glioma/G_807_HF_.jpg
G_728_DA_.jpg,glioma,train,train/glioma/G_728_DA_.jpg
G_751_RO_.jpg,glioma,train,train/glioma/G_751_RO_.jpg
gg (586).jpg,glioma,train,train/glioma/gg (586).jpg
G_741_RO_.jpg,glioma,train,train/glioma/G_741_RO_.jpg
Te-gl_0123.jpg,glioma,train,train/glioma/Te-gl_0123.jpg
gg (33).jpg,glioma,train,train/glioma/gg (33).jpg
gg (569).jpg,glioma,train,train/glioma/gg (569).jpg
G_860_SP_.jpg,glioma,train,train/glioma/G_860_SP_.jpg
Tr-gl_0826.jpg,glioma,train,train/glioma/Tr-gl_0826.jpg
Te-gl_0137.jpg,glioma,train,train/glioma/Te-gl_0137.jpg
G_870_SP_.jpg,glioma,train,train/glioma/G_870_SP_.jpg
Tr-gl_0198.jpg,glioma,train,train/glioma/Tr-gl_0198.jpg
Tr-gl_0417.jpg,glioma,train,train/glioma/Tr-gl_0417.jpg
Tr-gl_0371.jpg,glioma,train,train/glioma/Tr-gl_0371.jpg
G_715_SP_.jpg,glioma,train,train/glioma/G_715_SP_.jpg
G_733.jpg,glioma,train,train/glioma/G_733.jpg
G_727.jpg,glioma,train,train/glioma/G_727.jpg
Tr-gl_0365.jpg,glioma,train,train/glioma/Tr-gl_0365.jpg
G_705_SP_.jpg,glioma,train,train/glioma/G_705_SP_.jpg
Tr-gl_0403.jpg,glioma,train,train/glioma/Tr-gl_0403.jpg
gg (617).jpg,glioma,train,train/glioma/gg (617).jpg
Tr-gl_1053.jpg,glioma,train,train/glioma/Tr-gl_1053.jpg
G_824_RO_.jpg,glioma,train,train/glioma/G_824_RO_.jpg
Tr-gl_1047.jpg,glioma,train,train/glioma/Tr-gl_1047.jpg
Tr-gl_0359.jpg,glioma,train,train/glioma/Tr-gl_0359.jpg
G_834_RO_.jpg,glioma,train,train/glioma/G_834_RO_.jpg
G_762_HF_.jpg,glioma,train,train/glioma/G_762_HF_.jpg
G_772_HF_.jpg,glioma,train,train/glioma/G_772_HF_.jpg
Tr-gl_1090.jpg,glioma,train,train/glioma/Tr-gl_1090.jpg
G_781_DA_.jpg,glioma,train,train/glioma/G_781_DA_.jpg
G_869_BR_.jpg,glioma,train,train/glioma/G_869_BR_.jpg
G_883_VF_.jpg,glioma,train,train/glioma/G_883_VF_.jpg
Tr-gl_1084.jpg,glioma,train,train/glioma/Tr-gl_1084.jpg
G_791_DA_.jpg,glioma,train,train/glioma/G_791_DA_.jpg
gg (64).jpg,glioma,train,train/glioma/gg (64).jpg
G_879_BR_.jpg,glioma,train,train/glioma/G_879_BR_.jpg
gg (494).jpg,glioma,train,train/glioma/gg (494).jpg
Tr-gl_1085.jpg,glioma,train,train/glioma/Tr-gl_1085.jpg
gg (379).jpg,glioma,train,train/glioma/gg (379).jpg
G_877_VF_.jpg,glioma,train,train/glioma/G_877_VF_.jpg
G_765_DA_.jpg,glioma,train,train/glioma/G_765_DA_.jpg
G_867_VF_.jpg,glioma,train,train/glioma/G_867_VF_.jpg
G_775_DA_.jpg,glioma,train,train/glioma/G_775_DA_.jpg
Tr-gl_1091.jpg,glioma,train,train/glioma/Tr-gl_1091.jpg
G_741_BR_.jpg,glioma,train,train/glioma/G_741_BR_.jpg
G_786_HF_.jpg,glioma,train,train/glioma/G_786_HF_.jpg
G_796_HF_.jpg,glioma,train,train/glioma/G_796_HF_.jpg
gg (396).jpg,glioma,train,train/glioma/gg (396).jpg
G_751_BR_.jpg,glioma,train,train/glioma/G_751_BR_.jpg
Tr-gl_0358.jpg,glioma,train,train/glioma/Tr-gl_0358.jpg
Tr-gl_1046.jpg,glioma,train,train/glioma/Tr-gl_1046.jpg
gg (545).jpg,glioma,train,train/glioma/gg (545).jpg
Tr-gl_1052.jpg,glioma,train,train/glioma/Tr-gl_1052.jpg
Tr-gl_0364.jpg,glioma,train,train/glioma/Tr-gl_0364.jpg
gg (400).jpg,glioma,train,train/glioma/gg (400).jpg
G_726.jpg,glioma,train,train/glioma/G_726.jpg
Tr-gl_0402.jpg,glioma,train,train/glioma/Tr-gl_0402.jpg
Tr-gl_0416.jpg,glioma,train,train/glioma/Tr-gl_0416.jpg
G_732.jpg,glioma,train,train/glioma/G_732.jpg
Tr-gl_0370.jpg,glioma,train,train/glioma/Tr-gl_0370.jpg
Tr-gl_0827.jpg,glioma,train,train/glioma/Tr-gl_0827.jpg
G_879_RO_.jpg,glioma,train,train/glioma/G_879_RO_.jpg
Tr-gl_0199.jpg,glioma,train,train/glioma/Tr-gl_0199.jpg
G_884_SP_.jpg,glioma,train,train/glioma/G_884_SP_.jpg
Te-gl_0136.jpg,glioma,train,train/glioma/Te-gl_0136.jpg
Te-gl_0122.jpg,glioma,train,train/glioma/Te-gl_0122.jpg
image(52).jpg,glioma,train,train/glioma/image(52).jpg
G_869_RO_.jpg,glioma,train,train/glioma/G_869_RO_.jpg
G_748_SP_.jpg,glioma,train,train/glioma/G_748_SP_.jpg
G_758_SP_.jpg,glioma,train,train/glioma/G_758_SP_.jpg
gg (48).jpg,glioma,train,train/glioma/gg (48).jpg
G_834_BR_.jpg,glioma,train,train/glioma/G_834_BR_.jpg
gg (512).jpg,glioma,train,train/glioma/gg (512).jpg
Tr-gl_0628.jpg,glioma,train,train/glioma/Tr-gl_0628.jpg
G_824_BR_.jpg,glioma,train,train/glioma/G_824_BR_.jpg
Tr-gl_0600.jpg,glioma,train,train/glioma/Tr-gl_0600.jpg
G_810_DA_.jpg,glioma,train,train/glioma/G_810_DA_.jpg
Tr-gl_0166.jpg,glioma,train,train/glioma/Tr-gl_0166.jpg
Tr-gl_0172.jpg,glioma,train,train/glioma/Tr-gl_0172.jpg
G_712_VF_.jpg,glioma,train,train/glioma/G_712_VF_.jpg
G_800_DA_.jpg,glioma,train,train/glioma/G_800_DA_.jpg
Tr-gl_0614.jpg,glioma,train,train/glioma/Tr-gl_0614.jpg
G_88_DA_.jpg,glioma,train,train/glioma/G_88_DA_.jpg
gg (457).jpg,glioma,train,train/glioma/gg (457).jpg
Tr-gl_0953.jpg,glioma,train,train/glioma/Tr-gl_0953.jpg
gg (338).jpg,glioma,train,train/glioma/gg (338).jpg
G_760_VF_.jpg,glioma,train,train/glioma/G_760_VF_.jpg
G_872_DA_.jpg,glioma,train,train/glioma/G_872_DA_.jpg
G_770_VF_.jpg,glioma,train,train/glioma/G_770_VF_.jpg
G_862_DA_.jpg,glioma,train,train/glioma/G_862_DA_.jpg
Tr-gl_0947.jpg,glioma,train,train/glioma/Tr-gl_0947.jpg
G_891_HF_.jpg,glioma,train,train/glioma/G_891_HF_.jpg
G_856_BR_.jpg,glioma,train,train/glioma/G_856_BR_.jpg
G_846_BR_.jpg,glioma,train,train/glioma/G_846_BR_.jpg
G_881_HF_.jpg,glioma,train,train/glioma/G_881_HF_.jpg
Tr-gl_0990.jpg,glioma,train,train/glioma/Tr-gl_0990.jpg
Te-gl_0081.jpg,glioma,train,train/glioma/Te-gl_0081.jpg
gg (504).jpg,glioma,train,train/glioma/gg (504).jpg
Te-gl_0095.jpg,glioma,train,train/glioma/Te-gl_0095.jpg
Tr-gl_0984.jpg,glioma,train,train/glioma/Tr-gl_0984.jpg
gg (441).jpg,glioma,train,train/glioma/gg (441).jpg
Te-gl_0240.jpg,glioma,train,train/glioma/Te-gl_0240.jpg
G_875.jpg,glioma,train,train/glioma/G_875.jpg
G_793_SP_.jpg,glioma,train,train/glioma/G_793_SP_.jpg
Tr-gl_0589.jpg,glioma,train,train/glioma/Tr-gl_0589.jpg
image(13).jpg,glioma,train,train/glioma/image(13).jpg
G_861.jpg,glioma,train,train/glioma/G_861.jpg
Te-gl_0254.jpg,glioma,train,train/glioma/Te-gl_0254.jpg
G_783_SP_.jpg,glioma,train,train/glioma/G_783_SP_.jpg
G_849.jpg,glioma,train,train/glioma/G_849.jpg
gg (380).jpg,glioma,train,train/glioma/gg (380).jpg
Tr-gl_1132.jpg,glioma,train,train/glioma/Tr-gl_1132.jpg
gg (553).jpg,glioma,train,train/glioma/gg (553).jpg
G_723_BR_.jpg,glioma,train,train/glioma/G_723_BR_.jpg
G_733_BR_.jpg,glioma,train,train/glioma/G_733_BR_.jpg
Te-gl_0297.jpg,glioma,train,train/glioma/Te-gl_0297.jpg
Tr-gl_1126.jpg,glioma,train,train/glioma/Tr-gl_1126.jpg
Tr-gl_0238.jpg,glioma,train,train/glioma/Tr-gl_0238.jpg
Tr-gl_0210.jpg,glioma,train,train/glioma/Tr-gl_0210.jpg
G_815_VF_.jpg,glioma,train,train/glioma/G_815_VF_.jpg
G_707_DA_.jpg,glioma,train,train/glioma/G_707_DA_.jpg
G_828_HF_.jpg,glioma,train,train/glioma/G_828_HF_.jpg
Tr-gl_0576.jpg,glioma,train,train/glioma/Tr-gl_0576.jpg
Tr-gl_0562.jpg,glioma,train,train/glioma/Tr-gl_0562.jpg
G_805_VF_.jpg,glioma,train,train/glioma/G_805_VF_.jpg
G_838_HF_.jpg,glioma,train,train/glioma/G_838_HF_.jpg
gg (416).jpg,glioma,train,train/glioma/gg (416).jpg
G_717_DA_.jpg,glioma,train,train/glioma/G_717_DA_.jpg
Tr-gl_0204.jpg,glioma,train,train/glioma/Tr-gl_0204.jpg
gg (461).jpg,glioma,train,train/glioma/gg (461).jpg
Tr-gl_0574.jpg,glioma,train,train/glioma/Tr-gl_0574.jpg
G_705_BR_.jpg,glioma,train,train/glioma/G_705_BR_.jpg
G_888.jpg,glioma,train,train/glioma/G_888.jpg
Tr-gl_0212.jpg,glioma,train,train/glioma/Tr-gl_0212.jpg
Tr-gl_0206.jpg,glioma,train,train/glioma/Tr-gl_0206.jpg
Tr-gl_1118.jpg,glioma,train,train/glioma/Tr-gl_1118.jpg
G_715_BR_.jpg,glioma,train,train/glioma/G_715_BR_.jpg
Tr-gl_0560.jpg,glioma,train,train/glioma/Tr-gl_0560.jpg
G_833_VF_.jpg,glioma,train,train/glioma/G_833_VF_.jpg
Tr-gl_0548.jpg,glioma,train,train/glioma/Tr-gl_0548.jpg
Tr-gl_1130.jpg,glioma,train,train/glioma/Tr-gl_1130.jpg
G_721_DA_.jpg,glioma,train,train/glioma/G_721_DA_.jpg
G_86_HF_.jpg,glioma,train,train/glioma/G_86_HF_.jpg
gg (524).jpg,glioma,train,train/glioma/gg (524).jpg
Tr-gl_1124.jpg,glioma,train,train/glioma/Tr-gl_1124.jpg
Te-gl_0295.jpg,glioma,train,train/glioma/Te-gl_0295.jpg
G_823_VF_.jpg,glioma,train,train/glioma/G_823_VF_.jpg
G_731_DA_.jpg,glioma,train,train/glioma/G_731_DA_.jpg
G_748_RO_.jpg,glioma,train,train/glioma/G_748_RO_.jpg
G_758_RO_.jpg,glioma,train,train/glioma/G_758_RO_.jpg
image(64).jpg,glioma,train,train/glioma/image(64).jpg
G_877.jpg,glioma,train,train/glioma/G_877.jpg
G_879_SP_.jpg,glioma,train,train/glioma/G_879_SP_.jpg
Te-gl_0242.jpg,glioma,train,train/glioma/Te-gl_0242.jpg
G_884_RO_.jpg,glioma,train,train/glioma/G_884_RO_.jpg
Te-gl_0256.jpg,glioma,train,train/glioma/Te-gl_0256.jpg
G_863.jpg,glioma,train,train/glioma/G_863.jpg
G_869_SP_.jpg,glioma,train,train/glioma/G_869_SP_.jpg
gg (436).jpg,glioma,train,train/glioma/gg (436).jpg
Te-gl_0083.jpg,glioma,train,train/glioma/Te-gl_0083.jpg
gg (573).jpg,glioma,train,train/glioma/gg (573).jpg
Tr-gl_0992.jpg,glioma,train,train/glioma/Tr-gl_0992.jpg
Tr-gl_0986.jpg,glioma,train,train/glioma/Tr-gl_0986.jpg
Te-gl_0097.jpg,glioma,train,train/glioma/Te-gl_0097.jpg
Tr-gl_0038.jpg,glioma,train,train/glioma/Tr-gl_0038.jpg
G_746_VF_.jpg,glioma,train,train/glioma/G_746_VF_.jpg
G_854_DA_.jpg,glioma,train,train/glioma/G_854_DA_.jpg
G_756_VF_.jpg,glioma,train,train/glioma/G_756_VF_.jpg
Tr-gl_0979.jpg,glioma,train,train/glioma/Tr-gl_0979.jpg
G_844_DA_.jpg,glioma,train,train/glioma/G_844_DA_.jpg
Te-gl_0068.jpg,glioma,train,train/glioma/Te-gl_0068.jpg
G_798_DA_.jpg,glioma,train,train/glioma/G_798_DA_.jpg
G_870_BR_.jpg,glioma,train,train/glioma/G_870_BR_.jpg
Tr-gl_0951.jpg,glioma,train,train/glioma/Tr-gl_0951.jpg
Tr-gl_0945.jpg,glioma,train,train/glioma/Tr-gl_0945.jpg
image(33).jpg,glioma,train,train/glioma/image(33).jpg
G_788_DA_.jpg,glioma,train,train/glioma/G_788_DA_.jpg
G_860_BR_.jpg,glioma,train,train/glioma/G_860_BR_.jpg
Tr-gl_0164.jpg,glioma,train,train/glioma/Tr-gl_0164.jpg
gg (420).jpg,glioma,train,train/glioma/gg (420).jpg
Tr-gl_0602.jpg,glioma,train,train/glioma/Tr-gl_0602.jpg
G_812_BR_.jpg,glioma,train,train/glioma/G_812_BR_.jpg
Tr-gl_0616.jpg,glioma,train,train/glioma/Tr-gl_0616.jpg
G_802_BR_.jpg,glioma,train,train/glioma/G_802_BR_.jpg
Tr-gl_0170.jpg,glioma,train,train/glioma/Tr-gl_0170.jpg
G_724_VF_.jpg,glioma,train,train/glioma/G_724_VF_.jpg
Tr-gl_0158.jpg,glioma,train,train/glioma/Tr-gl_0158.jpg
G_836_DA_.jpg,glioma,train,train/glioma/G_836_DA_.jpg
G_719_HF_.jpg,glioma,train,train/glioma/G_719_HF_.jpg
G_734_VF_.jpg,glioma,train,train/glioma/G_734_VF_.jpg
gg (565).jpg,glioma,train,train/glioma/gg (565).jpg
G_709_HF_.jpg,glioma,train,train/glioma/G_709_HF_.jpg
G_826_DA_.jpg,glioma,train,train/glioma/G_826_DA_.jpg
Tr-gl_0819.jpg,glioma,train,train/glioma/Tr-gl_0819.jpg
Te-gl_0134.jpg,glioma,train,train/glioma/Te-gl_0134.jpg
image(25).jpg,glioma,train,train/glioma/image(25).jpg
G_793_RO_.jpg,glioma,train,train/glioma/G_793_RO_.jpg
Tr-gl_0825.jpg,glioma,train,train/glioma/Tr-gl_0825.jpg
Te-gl_0120.jpg,glioma,train,train/glioma/Te-gl_0120.jpg
G_783_RO_.jpg,glioma,train,train/glioma/G_783_RO_.jpg
Tr-gl_0400.jpg,glioma,train,train/glioma/Tr-gl_0400.jpg
G_724.jpg,glioma,train,train/glioma/G_724.jpg
Tr-gl_1078.jpg,glioma,train,train/glioma/Tr-gl_1078.jpg
Tr-gl_0366.jpg,glioma,train,train/glioma/Tr-gl_0366.jpg
Tr-gl_0372.jpg,glioma,train,train/glioma/Tr-gl_0372.jpg
G_730.jpg,glioma,train,train/glioma/G_730.jpg
Tr-gl_0414.jpg,glioma,train,train/glioma/Tr-gl_0414.jpg
gg (477).jpg,glioma,train,train/glioma/gg (477).jpg
gg (498).jpg,glioma,train,train/glioma/gg (498).jpg
Tr-gl_1044.jpg,glioma,train,train/glioma/Tr-gl_1044.jpg
gg (532).jpg,glioma,train,train/glioma/gg (532).jpg
G_718.jpg,glioma,train,train/glioma/G_718.jpg
Tr-gl_1050.jpg,glioma,train,train/glioma/Tr-gl_1050.jpg
Tr-gl_0428.jpg,glioma,train,train/glioma/Tr-gl_0428.jpg
G_851_VF_.jpg,glioma,train,train/glioma/G_851_VF_.jpg
G_743_DA_.jpg,glioma,train,train/glioma/G_743_DA_.jpg
G_841_VF_.jpg,glioma,train,train/glioma/G_841_VF_.jpg
G_753_DA_.jpg,glioma,train,train/glioma/G_753_DA_.jpg
Tr-gl_0399.jpg,glioma,train,train/glioma/Tr-gl_0399.jpg
G_767_BR_.jpg,glioma,train,train/glioma/G_767_BR_.jpg
Tr-gl_1087.jpg,glioma,train,train/glioma/Tr-gl_1087.jpg
Tr-gl_1093.jpg,glioma,train,train/glioma/Tr-gl_1093.jpg
G_777_BR_.jpg,glioma,train,train/glioma/G_777_BR_.jpg
image(72).jpg,glioma,train,train/glioma/image(72).jpg
G_779_VF_.jpg,glioma,train,train/glioma/G_779_VF_.jpg
Tr-gl_1092.jpg,glioma,train,train/glioma/Tr-gl_1092.jpg
gg (549).jpg,glioma,train,train/glioma/gg (549).jpg
G_744_HF_.jpg,glioma,train,train/glioma/G_744_HF_.jpg
G_783_BR_.jpg,glioma,train,train/glioma/G_783_BR_.jpg
G_769_VF_.jpg,glioma,train,train/glioma/G_769_VF_.jpg
Tr-gl_1086.jpg,glioma,train,train/glioma/Tr-gl_1086.jpg
G_793_BR_.jpg,glioma,train,train/glioma/G_793_BR_.jpg
Tr-gl_0398.jpg,glioma,train,train/glioma/Tr-gl_0398.jpg
G_754_HF_.jpg,glioma,train,train/glioma/G_754_HF_.jpg
G_888_HF_.jpg,glioma,train,train/glioma/G_888_HF_.jpg
Tr-gl_1051.jpg,glioma,train,train/glioma/Tr-gl_1051.jpg
G_733_SP_.jpg,glioma,train,train/glioma/G_733_SP_.jpg
Tr-gl_0429.jpg,glioma,train,train/glioma/Tr-gl_0429.jpg
G_719.jpg,glioma,train,train/glioma/G_719.jpg
G_723_SP_.jpg,glioma,train,train/glioma/G_723_SP_.jpg
gg (375).jpg,glioma,train,train/glioma/gg (375).jpg
Tr-gl_1045.jpg,glioma,train,train/glioma/Tr-gl_1045.jpg
G_731.jpg,glioma,train,train/glioma/G_731.jpg
gg (660).jpg,glioma,train,train/glioma/gg (660).jpg
Tr-gl_0373.jpg,glioma,train,train/glioma/Tr-gl_0373.jpg
Tr-gl_0415.jpg,glioma,train,train/glioma/Tr-gl_0415.jpg
G_802_RO_.jpg,glioma,train,train/glioma/G_802_RO_.jpg
Tr-gl_0401.jpg,glioma,train,train/glioma/Tr-gl_0401.jpg
Tr-gl_0367.jpg,glioma,train,train/glioma/Tr-gl_0367.jpg
Tr-gl_1079.jpg,glioma,train,train/glioma/Tr-gl_1079.jpg
G_725.jpg,glioma,train,train/glioma/G_725.jpg
G_812_RO_.jpg,glioma,train,train/glioma/G_812_RO_.jpg
Tr-gl_0830.jpg,glioma,train,train/glioma/Tr-gl_0830.jpg
G_777_RO_.jpg,glioma,train,train/glioma/G_777_RO_.jpg
Te-gl_0121.jpg,glioma,train,train/glioma/Te-gl_0121.jpg
Te-gl_0135.jpg,glioma,train,train/glioma/Te-gl_0135.jpg
Tr-gl_0824.jpg,glioma,train,train/glioma/Tr-gl_0824.jpg
gg (44).jpg,glioma,train,train/glioma/gg (44).jpg
G_767_RO_.jpg,glioma,train,train/glioma/G_767_RO_.jpg
G_846_SP_.jpg,glioma,train,train/glioma/G_846_SP_.jpg
Te-gl_0109.jpg,glioma,train,train/glioma/Te-gl_0109.jpg
Tr-gl_0818.jpg,glioma,train,train/glioma/Tr-gl_0818.jpg
G_856_SP_.jpg,glioma,train,train/glioma/G_856_SP_.jpg
Tr-gl_0159.jpg,glioma,train,train/glioma/Tr-gl_0159.jpg
Tr-gl_0617.jpg,glioma,train,train/glioma/Tr-gl_0617.jpg
G_831_HF_.jpg,glioma,train,train/glioma/G_831_HF_.jpg
Tr-gl_0171.jpg,glioma,train,train/glioma/Tr-gl_0171.jpg
Tr-gl_0165.jpg,glioma,train,train/glioma/Tr-gl_0165.jpg
Tr-gl_0603.jpg,glioma,train,train/glioma/Tr-gl_0603.jpg
G_821_HF_.jpg,glioma,train,train/glioma/G_821_HF_.jpg
gg (637).jpg,glioma,train,train/glioma/gg (637).jpg
Tr-gl_0944.jpg,glioma,train,train/glioma/Tr-gl_0944.jpg
gg (52).jpg,glioma,train,train/glioma/gg (52).jpg
gg (508).jpg,glioma,train,train/glioma/gg (508).jpg
G_853_HF_.jpg,glioma,train,train/glioma/G_853_HF_.jpg
G_843_HF_.jpg,glioma,train,train/glioma/G_843_HF_.jpg
Tr-gl_0950.jpg,glioma,train,train/glioma/Tr-gl_0950.jpg
G_884_BR_.jpg,glioma,train,train/glioma/G_884_BR_.jpg
Tr-gl_0978.jpg,glioma,train,train/glioma/Tr-gl_0978.jpg
G_758_BR_.jpg,glioma,train,train/glioma/G_758_BR_.jpg
Te-gl_0069.jpg,glioma,train,train/glioma/Te-gl_0069.jpg
G_748_BR_.jpg,glioma,train,train/glioma/G_748_BR_.jpg
Tr-gl_0987.jpg,glioma,train,train/glioma/Tr-gl_0987.jpg
Te-gl_0096.jpg,glioma,train,train/glioma/Te-gl_0096.jpg
G_824_SP_.jpg,glioma,train,train/glioma/G_824_SP_.jpg
Te-gl_0082.jpg,glioma,train,train/glioma/Te-gl_0082.jpg
G_834_SP_.jpg,glioma,train,train/glioma/G_834_SP_.jpg
Tr-gl_0993.jpg,glioma,train,train/glioma/Tr-gl_0993.jpg
gg (334).jpg,glioma,train,train/glioma/gg (334).jpg
gg (621).jpg,glioma,train,train/glioma/gg (621).jpg
G_715_RO_.jpg,glioma,train,train/glioma/G_715_RO_.jpg
G_705_RO_.jpg,glioma,train,train/glioma/G_705_RO_.jpg
G_862.jpg,glioma,train,train/glioma/G_862.jpg
Te-gl_0257.jpg,glioma,train,train/glioma/Te-gl_0257.jpg
G_860_RO_.jpg,glioma,train,train/glioma/G_860_RO_.jpg
G_870_RO_.jpg,glioma,train,train/glioma/G_870_RO_.jpg
Te-gl_0243.jpg,glioma,train,train/glioma/Te-gl_0243.jpg
G_876.jpg,glioma,train,train/glioma/G_876.jpg
G_751_SP_.jpg,glioma,train,train/glioma/G_751_SP_.jpg
G_741_SP_.jpg,glioma,train,train/glioma/G_741_SP_.jpg
Tr-gl_1125.jpg,glioma,train,train/glioma/Tr-gl_1125.jpg
Te-gl_0294.jpg,glioma,train,train/glioma/Te-gl_0294.jpg
Tr-gl_0549.jpg,glioma,train,train/glioma/Tr-gl_0549.jpg
Tr-gl_1131.jpg,glioma,train,train/glioma/Tr-gl_1131.jpg
Tr-gl_1119.jpg,glioma,train,train/glioma/Tr-gl_1119.jpg
Tr-gl_0207.jpg,glioma,train,train/glioma/Tr-gl_0207.jpg
G_809_DA_.jpg,glioma,train,train/glioma/G_809_DA_.jpg
Tr-gl_0561.jpg,glioma,train,train/glioma/Tr-gl_0561.jpg
G_726_HF_.jpg,glioma,train,train/glioma/G_726_HF_.jpg
Tr-gl_0575.jpg,glioma,train,train/glioma/Tr-gl_0575.jpg
Tr-gl_0213.jpg,glioma,train,train/glioma/Tr-gl_0213.jpg
G_736_HF_.jpg,glioma,train,train/glioma/G_736_HF_.jpg
G_819_DA_.jpg,glioma,train,train/glioma/G_819_DA_.jpg
G_889.jpg,glioma,train,train/glioma/G_889.jpg
gg (676).jpg,glioma,train,train/glioma/gg (676).jpg
Tr-gl_0248.jpg,glioma,train,train/glioma/Tr-gl_0248.jpg
G_872_SP_.jpg,glioma,train,train/glioma/G_872_SP_.jpg
Tr-gl_1156.jpg,glioma,train,train/glioma/Tr-gl_1156.jpg
Tr-gl_1142.jpg,glioma,train,train/glioma/Tr-gl_1142.jpg
G_862_SP_.jpg,glioma,train,train/glioma/G_862_SP_.jpg
gg (554).jpg,glioma,train,train/glioma/gg (554).jpg
Tr-gl_0512.jpg,glioma,train,train/glioma/Tr-gl_0512.jpg
Tr-gl_0274.jpg,glioma,train,train/glioma/Tr-gl_0274.jpg
gg (411).jpg,glioma,train,train/glioma/gg (411).jpg
G_743_RO_.jpg,glioma,train,train/glioma/G_743_RO_.jpg
Tr-gl_0260.jpg,glioma,train,train/glioma/Tr-gl_0260.jpg
G_753_RO_.jpg,glioma,train,train/glioma/G_753_RO_.jpg
Tr-gl_0506.jpg,glioma,train,train/glioma/Tr-gl_0506.jpg
G_838_VF_.jpg,glioma,train,train/glioma/G_838_VF_.jpg
gg (368).jpg,glioma,train,train/glioma/gg (368).jpg
Te-gl_0224.jpg,glioma,train,train/glioma/Te-gl_0224.jpg
G_811.jpg,glioma,train,train/glioma/G_811.jpg
G_805_HF_.jpg,glioma,train,train/glioma/G_805_HF_.jpg
image(14).jpg,glioma,train,train/glioma/image(14).jpg
G_805.jpg,glioma,train,train/glioma/G_805.jpg
G_828_VF_.jpg,glioma,train,train/glioma/G_828_VF_.jpg
Te-gl_0230.jpg,glioma,train,train/glioma/Te-gl_0230.jpg
Tr-gl_1181.jpg,glioma,train,train/glioma/Tr-gl_1181.jpg
G_815_HF_.jpg,glioma,train,train/glioma/G_815_HF_.jpg
Te-gl_0218.jpg,glioma,train,train/glioma/Te-gl_0218.jpg
gg (387).jpg,glioma,train,train/glioma/gg (387).jpg
G_839.jpg,glioma,train,train/glioma/G_839.jpg
gg (503).jpg,glioma,train,train/glioma/gg (503).jpg
G_881_VF_.jpg,glioma,train,train/glioma/G_881_VF_.jpg
gg (59).jpg,glioma,train,train/glioma/gg (59).jpg
G_793_DA_.jpg,glioma,train,train/glioma/G_793_DA_.jpg
G_891_VF_.jpg,glioma,train,train/glioma/G_891_VF_.jpg
G_783_DA_.jpg,glioma,train,train/glioma/G_783_DA_.jpg
Tr-gl_0076.jpg,glioma,train,train/glioma/Tr-gl_0076.jpg
G_770_HF_.jpg,glioma,train,train/glioma/G_770_HF_.jpg
gg (446).jpg,glioma,train,train/glioma/gg (446).jpg
G_760_HF_.jpg,glioma,train,train/glioma/G_760_HF_.jpg
Tr-gl_0089.jpg,glioma,train,train/glioma/Tr-gl_0089.jpg
Tr-gl_0937.jpg,glioma,train,train/glioma/Tr-gl_0937.jpg
G_836_RO_.jpg,glioma,train,train/glioma/G_836_RO_.jpg
Tr-gl_0923.jpg,glioma,train,train/glioma/Tr-gl_0923.jpg
G_826_RO_.jpg,glioma,train,train/glioma/G_826_RO_.jpg
G_707_SP_.jpg,glioma,train,train/glioma/G_707_SP_.jpg
G_717_SP_.jpg,glioma,train,train/glioma/G_717_SP_.jpg
Te-gl_0191.jpg,glioma,train,train/glioma/Te-gl_0191.jpg
Tr-gl_1220.jpg,glioma,train,train/glioma/Tr-gl_1220.jpg
G_765_SP_.jpg,glioma,train,train/glioma/G_765_SP_.jpg
Tr-gl_0880.jpg,glioma,train,train/glioma/Tr-gl_0880.jpg
G_798_RO_.jpg,glioma,train,train/glioma/G_798_RO_.jpg
Tr-gl_0894.jpg,glioma,train,train/glioma/Tr-gl_0894.jpg
G_788_RO_.jpg,glioma,train,train/glioma/G_788_RO_.jpg
gg (515).jpg,glioma,train,train/glioma/gg (515).jpg
Tr-gl_1234.jpg,glioma,train,train/glioma/Tr-gl_1234.jpg
G_775_SP_.jpg,glioma,train,train/glioma/G_775_SP_.jpg
Te-gl_0185.jpg,glioma,train,train/glioma/Te-gl_0185.jpg
G_854_RO_.jpg,glioma,train,train/glioma/G_854_RO_.jpg
gg (450).jpg,glioma,train,train/glioma/gg (450).jpg
Tr-gl_1208.jpg,glioma,train,train/glioma/Tr-gl_1208.jpg
G_844_RO_.jpg,glioma,train,train/glioma/G_844_RO_.jpg
Te-gl_0152.jpg,glioma,train,train/glioma/Te-gl_0152.jpg
G_712_HF_.jpg,glioma,train,train/glioma/G_712_HF_.jpg
gg (329).jpg,glioma,train,train/glioma/gg (329).jpg
Tr-gl_0843.jpg,glioma,train,train/glioma/Tr-gl_0843.jpg
image(55).jpg,glioma,train,train/glioma/image(55).jpg
Tr-gl_0857.jpg,glioma,train,train/glioma/Tr-gl_0857.jpg
Te-gl_0146.jpg,glioma,train,train/glioma/Te-gl_0146.jpg
G_819_BR_.jpg,glioma,train,train/glioma/G_819_BR_.jpg
G_809_BR_.jpg,glioma,train,train/glioma/G_809_BR_.jpg
gg (542).jpg,glioma,train,train/glioma/gg (542).jpg
G_796_VF_.jpg,glioma,train,train/glioma/G_796_VF_.jpg
G_884_DA_.jpg,glioma,train,train/glioma/G_884_DA_.jpg
Tr-gl_1022.jpg,glioma,train,train/glioma/Tr-gl_1022.jpg
Tr-gl_1036.jpg,glioma,train,train/glioma/Tr-gl_1036.jpg
G_786_VF_.jpg,glioma,train,train/glioma/G_786_VF_.jpg
Tr-gl_0328.jpg,glioma,train,train/glioma/Tr-gl_0328.jpg
Tr-gl_0466.jpg,glioma,train,train/glioma/Tr-gl_0466.jpg
Tr-gl_0300.jpg,glioma,train,train/glioma/Tr-gl_0300.jpg
G_867_HF_.jpg,glioma,train,train/glioma/G_867_HF_.jpg
G_748_DA_.jpg,glioma,train,train/glioma/G_748_DA_.jpg
G_742.jpg,glioma,train,train/glioma/G_742.jpg
G_756.jpg,glioma,train,train/glioma/G_756.jpg
gg (407).jpg,glioma,train,train/glioma/gg (407).jpg
Tr-gl_0314.jpg,glioma,train,train/glioma/Tr-gl_0314.jpg
Tr-gl_0472.jpg,glioma,train,train/glioma/Tr-gl_0472.jpg
G_758_DA_.jpg,glioma,train,train/glioma/G_758_DA_.jpg
G_877_HF_.jpg,glioma,train,train/glioma/G_877_HF_.jpg
Tr-gl_0499.jpg,glioma,train,train/glioma/Tr-gl_0499.jpg
G_721_RO_.jpg,glioma,train,train/glioma/G_721_RO_.jpg
G_731_RO_.jpg,glioma,train,train/glioma/G_731_RO_.jpg
G_781.jpg,glioma,train,train/glioma/G_781.jpg
G_810_SP_.jpg,glioma,train,train/glioma/G_810_SP_.jpg
gg (391).jpg,glioma,train,train/glioma/gg (391).jpg
G_795.jpg,glioma,train,train/glioma/G_795.jpg
G_88_SP_.jpg,glioma,train,train/glioma/G_88_SP_.jpg
G_800_SP_.jpg,glioma,train,train/glioma/G_800_SP_.jpg
G_794.jpg,glioma,train,train/glioma/G_794.jpg
G_809_RO_.jpg,glioma,train,train/glioma/G_809_RO_.jpg
G_819_RO_.jpg,glioma,train,train/glioma/G_819_RO_.jpg
G_780.jpg,glioma,train,train/glioma/G_780.jpg
gg (539).jpg,glioma,train,train/glioma/gg (539).jpg
gg (493).jpg,glioma,train,train/glioma/gg (493).jpg
G_738_SP_.jpg,glioma,train,train/glioma/G_738_SP_.jpg
gg (63).jpg,glioma,train,train/glioma/gg (63).jpg
Tr-gl_0498.jpg,glioma,train,train/glioma/Tr-gl_0498.jpg
G_728_SP_.jpg,glioma,train,train/glioma/G_728_SP_.jpg
Tr-gl_0315.jpg,glioma,train,train/glioma/Tr-gl_0315.jpg
G_757.jpg,glioma,train,train/glioma/G_757.jpg
G_883_HF_.jpg,glioma,train,train/glioma/G_883_HF_.jpg
gg (610).jpg,glioma,train,train/glioma/gg (610).jpg
G_844_BR_.jpg,glioma,train,train/glioma/G_844_BR_.jpg
Tr-gl_0473.jpg,glioma,train,train/glioma/Tr-gl_0473.jpg
Tr-gl_0467.jpg,glioma,train,train/glioma/Tr-gl_0467.jpg
G_743.jpg,glioma,train,train/glioma/G_743.jpg
G_854_BR_.jpg,glioma,train,train/glioma/G_854_BR_.jpg
Tr-gl_0301.jpg,glioma,train,train/glioma/Tr-gl_0301.jpg
Tr-gl_0329.jpg,glioma,train,train/glioma/Tr-gl_0329.jpg
G_772_VF_.jpg,glioma,train,train/glioma/G_772_VF_.jpg
Tr-gl_1037.jpg,glioma,train,train/glioma/Tr-gl_1037.jpg
G_788_BR_.jpg,glioma,train,train/glioma/G_788_BR_.jpg
G_860_DA_.jpg,glioma,train,train/glioma/G_860_DA_.jpg
image(79).jpg,glioma,train,train/glioma/image(79).jpg
G_762_VF_.jpg,glioma,train,train/glioma/G_762_VF_.jpg
Tr-gl_1023.jpg,glioma,train,train/glioma/Tr-gl_1023.jpg
G_798_BR_.jpg,glioma,train,train/glioma/G_798_BR_.jpg
G_870_DA_.jpg,glioma,train,train/glioma/G_870_DA_.jpg
G_807_VF_.jpg,glioma,train,train/glioma/G_807_VF_.jpg
gg (581).jpg,glioma,train,train/glioma/gg (581).jpg
G_715_DA_.jpg,glioma,train,train/glioma/G_715_DA_.jpg
G_817_VF_.jpg,glioma,train,train/glioma/G_817_VF_.jpg
G_705_DA_.jpg,glioma,train,train/glioma/G_705_DA_.jpg
Tr-gl_0856.jpg,glioma,train,train/glioma/Tr-gl_0856.jpg
Te-gl_0147.jpg,glioma,train,train/glioma/Te-gl_0147.jpg
G_731_BR_.jpg,glioma,train,train/glioma/G_731_BR_.jpg
Te-gl_0153.jpg,glioma,train,train/glioma/Te-gl_0153.jpg
gg (34).jpg,glioma,train,train/glioma/gg (34).jpg
G_721_BR_.jpg,glioma,train,train/glioma/G_721_BR_.jpg
Tr-gl_1209.jpg,glioma,train,train/glioma/Tr-gl_1209.jpg
Tr-gl_0117.jpg,glioma,train,train/glioma/Tr-gl_0117.jpg
gg (647).jpg,glioma,train,train/glioma/gg (647).jpg
Tr-gl_0895.jpg,glioma,train,train/glioma/Tr-gl_0895.jpg
G_781_SP_.jpg,glioma,train,train/glioma/G_781_SP_.jpg
Tr-gl_1235.jpg,glioma,train,train/glioma/Tr-gl_1235.jpg
Te-gl_0184.jpg,glioma,train,train/glioma/Te-gl_0184.jpg
Te-gl_0190.jpg,glioma,train,train/glioma/Te-gl_0190.jpg
Tr-gl_1221.jpg,glioma,train,train/glioma/Tr-gl_1221.jpg
Tr-gl_0881.jpg,glioma,train,train/glioma/Tr-gl_0881.jpg
G_791_SP_.jpg,glioma,train,train/glioma/G_791_SP_.jpg
gg (597).jpg,glioma,train,train/glioma/gg (597).jpg
gg (578).jpg,glioma,train,train/glioma/gg (578).jpg
Tr-gl_0922.jpg,glioma,train,train/glioma/Tr-gl_0922.jpg
Tr-gl_0088.jpg,glioma,train,train/glioma/Tr-gl_0088.jpg
Tr-gl_0936.jpg,glioma,train,train/glioma/Tr-gl_0936.jpg
G_753_BR_.jpg,glioma,train,train/glioma/G_753_BR_.jpg
Tr-gl_0063.jpg,glioma,train,train/glioma/Tr-gl_0063.jpg
G_794_HF_.jpg,glioma,train,train/glioma/G_794_HF_.jpg
Tr-gl_0077.jpg,glioma,train,train/glioma/Tr-gl_0077.jpg
G_784_HF_.jpg,glioma,train,train/glioma/G_784_HF_.jpg
G_743_BR_.jpg,glioma,train,train/glioma/G_743_BR_.jpg
G_865_VF_.jpg,glioma,train,train/glioma/G_865_VF_.jpg
G_858_HF_.jpg,glioma,train,train/glioma/G_858_HF_.jpg
G_777_DA_.jpg,glioma,train,train/glioma/G_777_DA_.jpg
G_875_VF_.jpg,glioma,train,train/glioma/G_875_VF_.jpg
gg (344).jpg,glioma,train,train/glioma/gg (344).jpg
G_767_DA_.jpg,glioma,train,train/glioma/G_767_DA_.jpg
G_848_HF_.jpg,glioma,train,train/glioma/G_848_HF_.jpg
G_710_VF_.jpg,glioma,train,train/glioma/G_710_VF_.jpg
G_838.jpg,glioma,train,train/glioma/G_838.jpg
G_802_DA_.jpg,glioma,train,train/glioma/G_802_DA_.jpg
Te-gl_0219.jpg,glioma,train,train/glioma/Te-gl_0219.jpg
G_812_DA_.jpg,glioma,train,train/glioma/G_812_DA_.jpg
Te-gl_0231.jpg,glioma,train,train/glioma/Te-gl_0231.jpg
Tr-gl_1180.jpg,glioma,train,train/glioma/Tr-gl_1180.jpg
G_804.jpg,glioma,train,train/glioma/G_804.jpg
G_826_BR_.jpg,glioma,train,train/glioma/G_826_BR_.jpg
gg (485).jpg,glioma,train,train/glioma/gg (485).jpg
G_810.jpg,glioma,train,train/glioma/G_810.jpg
G_836_BR_.jpg,glioma,train,train/glioma/G_836_BR_.jpg
Te-gl_0225.jpg,glioma,train,train/glioma/Te-gl_0225.jpg
Tr-gl_0261.jpg,glioma,train,train/glioma/Tr-gl_0261.jpg
Tr-gl_0507.jpg,glioma,train,train/glioma/Tr-gl_0507.jpg
Tr-gl_0513.jpg,glioma,train,train/glioma/Tr-gl_0513.jpg
gg (606).jpg,glioma,train,train/glioma/gg (606).jpg
image(80).jpg,glioma,train,train/glioma/image(80).jpg
Tr-gl_0275.jpg,glioma,train,train/glioma/Tr-gl_0275.jpg
Tr-gl_1143.jpg,glioma,train,train/glioma/Tr-gl_1143.jpg
Tr-gl_1157.jpg,glioma,train,train/glioma/Tr-gl_1157.jpg
G_886_SP_.jpg,glioma,train,train/glioma/G_886_SP_.jpg
Tr-gl_0249.jpg,glioma,train,train/glioma/Tr-gl_0249.jpg
Tr-gl_0539.jpg,glioma,train,train/glioma/Tr-gl_0539.jpg
G_781_RO_.jpg,glioma,train,train/glioma/G_781_RO_.jpg
Tr-gl_1141.jpg,glioma,train,train/glioma/Tr-gl_1141.jpg
image(18).jpg,glioma,train,train/glioma/image(18).jpg
Tr-gl_1155.jpg,glioma,train,train/glioma/Tr-gl_1155.jpg
G_791_RO_.jpg,glioma,train,train/glioma/G_791_RO_.jpg
Tr-gl_0505.jpg,glioma,train,train/glioma/Tr-gl_0505.jpg
gg (671).jpg,glioma,train,train/glioma/gg (671).jpg
Tr-gl_0263.jpg,glioma,train,train/glioma/Tr-gl_0263.jpg
Tr-gl_0277.jpg,glioma,train,train/glioma/Tr-gl_0277.jpg
Tr-gl_1169.jpg,glioma,train,train/glioma/Tr-gl_1169.jpg
Tr-gl_0511.jpg,glioma,train,train/glioma/Tr-gl_0511.jpg
gg (558).jpg,glioma,train,train/glioma/gg (558).jpg
G_736_VF_.jpg,glioma,train,train/glioma/G_736_VF_.jpg
G_806.jpg,glioma,train,train/glioma/G_806.jpg
G_824_DA_.jpg,glioma,train,train/glioma/G_824_DA_.jpg
Tr-gl_1182.jpg,glioma,train,train/glioma/Tr-gl_1182.jpg
Te-gl_0233.jpg,glioma,train,train/glioma/Te-gl_0233.jpg
Te-gl_0227.jpg,glioma,train,train/glioma/Te-gl_0227.jpg
Tr-gl_0288.jpg,glioma,train,train/glioma/Tr-gl_0288.jpg
G_726_VF_.jpg,glioma,train,train/glioma/G_726_VF_.jpg
G_812.jpg,glioma,train,train/glioma/G_812.jpg
G_834_DA_.jpg,glioma,train,train/glioma/G_834_DA_.jpg
G_88_BR_.jpg,glioma,train,train/glioma/G_88_BR_.jpg
G_800_BR_.jpg,glioma,train,train/glioma/G_800_BR_.jpg
G_810_BR_.jpg,glioma,train,train/glioma/G_810_BR_.jpg
gg (333).jpg,glioma,train,train/glioma/gg (333).jpg
G_775_BR_.jpg,glioma,train,train/glioma/G_775_BR_.jpg
G_765_BR_.jpg,glioma,train,train/glioma/G_765_BR_.jpg
G_843_VF_.jpg,glioma,train,train/glioma/G_843_VF_.jpg
G_751_DA_.jpg,glioma,train,train/glioma/G_751_DA_.jpg
G_853_VF_.jpg,glioma,train,train/glioma/G_853_VF_.jpg
gg (626).jpg,glioma,train,train/glioma/gg (626).jpg
G_741_DA_.jpg,glioma,train,train/glioma/G_741_DA_.jpg
Tr-gl_0075.jpg,glioma,train,train/glioma/Tr-gl_0075.jpg
Tr-gl_0920.jpg,glioma,train,train/glioma/Tr-gl_0920.jpg
G_738_RO_.jpg,glioma,train,train/glioma/G_738_RO_.jpg
gg (55).jpg,glioma,train,train/glioma/gg (55).jpg
Tr-gl_0934.jpg,glioma,train,train/glioma/Tr-gl_0934.jpg
G_728_RO_.jpg,glioma,train,train/glioma/G_728_RO_.jpg
gg (6).jpg,glioma,train,train/glioma/gg (6).jpg
G_809_SP_.jpg,glioma,train,train/glioma/G_809_SP_.jpg
Tr-gl_0908.jpg,glioma,train,train/glioma/Tr-gl_0908.jpg
G_819_SP_.jpg,glioma,train,train/glioma/G_819_SP_.jpg
Tr-gl_0129.jpg,glioma,train,train/glioma/Tr-gl_0129.jpg
Te-gl_0186.jpg,glioma,train,train/glioma/Te-gl_0186.jpg
Tr-gl_1237.jpg,glioma,train,train/glioma/Tr-gl_1237.jpg
Tr-gl_0897.jpg,glioma,train,train/glioma/Tr-gl_0897.jpg
image(59).jpg,glioma,train,train/glioma/image(59).jpg
gg (325).jpg,glioma,train,train/glioma/gg (325).jpg
Tr-gl_0883.jpg,glioma,train,train/glioma/Tr-gl_0883.jpg
G_886_RO_.jpg,glioma,train,train/glioma/G_886_RO_.jpg
Tr-gl_1223.jpg,glioma,train,train/glioma/Tr-gl_1223.jpg
Te-gl_0192.jpg,glioma,train,train/glioma/Te-gl_0192.jpg
gg (630).jpg,glioma,train,train/glioma/gg (630).jpg
Tr-gl_0101.jpg,glioma,train,train/glioma/Tr-gl_0101.jpg
G_821_VF_.jpg,glioma,train,train/glioma/G_821_VF_.jpg
Te-gl_0145.jpg,glioma,train,train/glioma/Te-gl_0145.jpg
gg (519).jpg,glioma,train,train/glioma/gg (519).jpg
G_733_DA_.jpg,glioma,train,train/glioma/G_733_DA_.jpg
gg (43).jpg,glioma,train,train/glioma/gg (43).jpg
Tr-gl_0854.jpg,glioma,train,train/glioma/Tr-gl_0854.jpg
G_831_VF_.jpg,glioma,train,train/glioma/G_831_VF_.jpg
G_723_DA_.jpg,glioma,train,train/glioma/G_723_DA_.jpg
Te-gl_0151.jpg,glioma,train,train/glioma/Te-gl_0151.jpg
Te-gl_0179.jpg,glioma,train,train/glioma/Te-gl_0179.jpg
G_717_BR_.jpg,glioma,train,train/glioma/G_717_BR_.jpg
Tr-gl_0868.jpg,glioma,train,train/glioma/Tr-gl_0868.jpg
G_89.jpg,glioma,train,train/glioma/G_89.jpg
G_707_BR_.jpg,glioma,train,train/glioma/G_707_BR_.jpg
Tr-gl_1035.jpg,glioma,train,train/glioma/Tr-gl_1035.jpg
gg (372).jpg,glioma,train,train/glioma/gg (372).jpg
G_862_BR_.jpg,glioma,train,train/glioma/G_862_BR_.jpg
G_769.jpg,glioma,train,train/glioma/G_769.jpg
G_888_VF_.jpg,glioma,train,train/glioma/G_888_VF_.jpg
Tr-gl_1021.jpg,glioma,train,train/glioma/Tr-gl_1021.jpg
Tr-gl_0459.jpg,glioma,train,train/glioma/Tr-gl_0459.jpg
G_872_BR_.jpg,glioma,train,train/glioma/G_872_BR_.jpg
Tr-gl_0471.jpg,glioma,train,train/glioma/Tr-gl_0471.jpg
G_754_VF_.jpg,glioma,train,train/glioma/G_754_VF_.jpg
G_769_HF_.jpg,glioma,train,train/glioma/G_769_HF_.jpg
G_755.jpg,glioma,train,train/glioma/G_755.jpg
Tr-gl_1009.jpg,glioma,train,train/glioma/Tr-gl_1009.jpg
G_846_DA_.jpg,glioma,train,train/glioma/G_846_DA_.jpg
Tr-gl_0317.jpg,glioma,train,train/glioma/Tr-gl_0317.jpg
Tr-gl_0303.jpg,glioma,train,train/glioma/Tr-gl_0303.jpg
gg (667).jpg,glioma,train,train/glioma/gg (667).jpg
G_744_VF_.jpg,glioma,train,train/glioma/G_744_VF_.jpg
G_741.jpg,glioma,train,train/glioma/G_741.jpg
G_856_DA_.jpg,glioma,train,train/glioma/G_856_DA_.jpg
G_779_HF_.jpg,glioma,train,train/glioma/G_779_HF_.jpg
Tr-gl_0465.jpg,glioma,train,train/glioma/Tr-gl_0465.jpg
G_796.jpg,glioma,train,train/glioma/G_796.jpg
G_782.jpg,glioma,train,train/glioma/G_782.jpg
G_783.jpg,glioma,train,train/glioma/G_783.jpg
G_707_RO_.jpg,glioma,train,train/glioma/G_707_RO_.jpg
G_797.jpg,glioma,train,train/glioma/G_797.jpg
G_717_RO_.jpg,glioma,train,train/glioma/G_717_RO_.jpg
image(75).jpg,glioma,train,train/glioma/image(75).jpg
G_836_SP_.jpg,glioma,train,train/glioma/G_836_SP_.jpg
G_826_SP_.jpg,glioma,train,train/glioma/G_826_SP_.jpg
G_740.jpg,glioma,train,train/glioma/G_740.jpg
Tr-gl_0302.jpg,glioma,train,train/glioma/Tr-gl_0302.jpg
gg (470).jpg,glioma,train,train/glioma/gg (470).jpg
Tr-gl_0464.jpg,glioma,train,train/glioma/Tr-gl_0464.jpg
Tr-gl_0470.jpg,glioma,train,train/glioma/Tr-gl_0470.jpg
Tr-gl_0316.jpg,glioma,train,train/glioma/Tr-gl_0316.jpg
Tr-gl_1008.jpg,glioma,train,train/glioma/Tr-gl_1008.jpg
G_754.jpg,glioma,train,train/glioma/G_754.jpg
Tr-gl_1020.jpg,glioma,train,train/glioma/Tr-gl_1020.jpg
G_886_BR_.jpg,glioma,train,train/glioma/G_886_BR_.jpg
G_841_HF_.jpg,glioma,train,train/glioma/G_841_HF_.jpg
Tr-gl_0458.jpg,glioma,train,train/glioma/Tr-gl_0458.jpg
G_768.jpg,glioma,train,train/glioma/G_768.jpg
G_851_HF_.jpg,glioma,train,train/glioma/G_851_HF_.jpg
gg (535).jpg,glioma,train,train/glioma/gg (535).jpg
G_896_BR_.jpg,glioma,train,train/glioma/G_896_BR_.jpg
Tr-gl_1034.jpg,glioma,train,train/glioma/Tr-gl_1034.jpg
G_709_VF_.jpg,glioma,train,train/glioma/G_709_VF_.jpg
G_734_HF_.jpg,glioma,train,train/glioma/G_734_HF_.jpg
Te-gl_0178.jpg,glioma,train,train/glioma/Te-gl_0178.jpg
G_719_VF_.jpg,glioma,train,train/glioma/G_719_VF_.jpg
G_724_HF_.jpg,glioma,train,train/glioma/G_724_HF_.jpg
G_88.jpg,glioma,train,train/glioma/G_88.jpg
Tr-gl_0869.jpg,glioma,train,train/glioma/Tr-gl_0869.jpg
Te-gl_0150.jpg,glioma,train,train/glioma/Te-gl_0150.jpg
image(22).jpg,glioma,train,train/glioma/image(22).jpg
Te-gl_0144.jpg,glioma,train,train/glioma/Te-gl_0144.jpg
Tr-gl_0855.jpg,glioma,train,train/glioma/Tr-gl_0855.jpg
Tr-gl_0100.jpg,glioma,train,train/glioma/Tr-gl_0100.jpg
G_743_SP_.jpg,glioma,train,train/glioma/G_743_SP_.jpg
gg (427).jpg,glioma,train,train/glioma/gg (427).jpg
G_753_SP_.jpg,glioma,train,train/glioma/G_753_SP_.jpg
gg (562).jpg,glioma,train,train/glioma/gg (562).jpg
Tr-gl_0882.jpg,glioma,train,train/glioma/Tr-gl_0882.jpg
Tr-gl_1222.jpg,glioma,train,train/glioma/Tr-gl_1222.jpg
Te-gl_0193.jpg,glioma,train,train/glioma/Te-gl_0193.jpg
G_872_RO_.jpg,glioma,train,train/glioma/G_872_RO_.jpg
gg (38).jpg,glioma,train,train/glioma/gg (38).jpg
Te-gl_0187.jpg,glioma,train,train/glioma/Te-gl_0187.jpg
Tr-gl_1236.jpg,glioma,train,train/glioma/Tr-gl_1236.jpg
Tr-gl_0128.jpg,glioma,train,train/glioma/Tr-gl_0128.jpg
G_862_RO_.jpg,glioma,train,train/glioma/G_862_RO_.jpg
Tr-gl_0896.jpg,glioma,train,train/glioma/Tr-gl_0896.jpg
Tr-gl_0909.jpg,glioma,train,train/glioma/Tr-gl_0909.jpg
G_810_RO_.jpg,glioma,train,train/glioma/G_810_RO_.jpg
G_88_RO_.jpg,glioma,train,train/glioma/G_88_RO_.jpg
G_800_RO_.jpg,glioma,train,train/glioma/G_800_RO_.jpg
Tr-gl_0935.jpg,glioma,train,train/glioma/Tr-gl_0935.jpg
gg (348).jpg,glioma,train,train/glioma/gg (348).jpg
G_721_SP_.jpg,glioma,train,train/glioma/G_721_SP_.jpg
image(34).jpg,glioma,train,train/glioma/image(34).jpg
Tr-gl_0921.jpg,glioma,train,train/glioma/Tr-gl_0921.jpg
G_731_SP_.jpg,glioma,train,train/glioma/G_731_SP_.jpg
Tr-gl_0074.jpg,glioma,train,train/glioma/Tr-gl_0074.jpg
gg (431).jpg,glioma,train,train/glioma/gg (431).jpg
G_756_HF_.jpg,glioma,train,train/glioma/G_756_HF_.jpg
G_791_BR_.jpg,glioma,train,train/glioma/G_791_BR_.jpg
G_879_DA_.jpg,glioma,train,train/glioma/G_879_DA_.jpg
G_781_BR_.jpg,glioma,train,train/glioma/G_781_BR_.jpg
G_869_DA_.jpg,glioma,train,train/glioma/G_869_DA_.jpg
G_746_HF_.jpg,glioma,train,train/glioma/G_746_HF_.jpg
gg (574).jpg,glioma,train,train/glioma/gg (574).jpg
G_823_HF_.jpg,glioma,train,train/glioma/G_823_HF_.jpg
G_86_VF_.jpg,glioma,train,train/glioma/G_86_VF_.jpg
G_833_HF_.jpg,glioma,train,train/glioma/G_833_HF_.jpg
G_813.jpg,glioma,train,train/glioma/G_813.jpg
Tr-gl_0289.jpg,glioma,train,train/glioma/Tr-gl_0289.jpg
Te-gl_0226.jpg,glioma,train,train/glioma/Te-gl_0226.jpg
G_728_BR_.jpg,glioma,train,train/glioma/G_728_BR_.jpg
image(63).jpg,glioma,train,train/glioma/image(63).jpg
Tr-gl_1183.jpg,glioma,train,train/glioma/Tr-gl_1183.jpg
Te-gl_0232.jpg,glioma,train,train/glioma/Te-gl_0232.jpg
G_738_BR_.jpg,glioma,train,train/glioma/G_738_BR_.jpg
G_807.jpg,glioma,train,train/glioma/G_807.jpg
Tr-gl_1168.jpg,glioma,train,train/glioma/Tr-gl_1168.jpg
Tr-gl_0276.jpg,glioma,train,train/glioma/Tr-gl_0276.jpg
Tr-gl_0510.jpg,glioma,train,train/glioma/Tr-gl_0510.jpg
G_854_SP_.jpg,glioma,train,train/glioma/G_854_SP_.jpg
Tr-gl_0504.jpg,glioma,train,train/glioma/Tr-gl_0504.jpg
gg (466).jpg,glioma,train,train/glioma/gg (466).jpg
Tr-gl_0262.jpg,glioma,train,train/glioma/Tr-gl_0262.jpg
G_844_SP_.jpg,glioma,train,train/glioma/G_844_SP_.jpg
Tr-gl_1154.jpg,glioma,train,train/glioma/Tr-gl_1154.jpg
gg (523).jpg,glioma,train,train/glioma/gg (523).jpg
G_765_RO_.jpg,glioma,train,train/glioma/G_765_RO_.jpg
gg (489).jpg,glioma,train,train/glioma/gg (489).jpg
G_798_SP_.jpg,glioma,train,train/glioma/G_798_SP_.jpg
Tr-gl_0538.jpg,glioma,train,train/glioma/Tr-gl_0538.jpg
G_788_SP_.jpg,glioma,train,train/glioma/G_788_SP_.jpg
Tr-gl_1140.jpg,glioma,train,train/glioma/Tr-gl_1140.jpg
G_775_RO_.jpg,glioma,train,train/glioma/G_775_RO_.jpg
Tr-gl_0266.jpg,glioma,train,train/glioma/Tr-gl_0266.jpg
Tr-gl_1178.jpg,glioma,train,train/glioma/Tr-gl_1178.jpg
G_740_DA_.jpg,glioma,train,train/glioma/G_740_DA_.jpg
Tr-gl_0500.jpg,glioma,train,train/glioma/Tr-gl_0500.jpg
G_852_VF_.jpg,glioma,train,train/glioma/G_852_VF_.jpg
G_750_DA_.jpg,glioma,train,train/glioma/G_750_DA_.jpg
gg (467).jpg,glioma,train,train/glioma/gg (467).jpg
Tr-gl_0514.jpg,glioma,train,train/glioma/Tr-gl_0514.jpg
Tr-gl_0272.jpg,glioma,train,train/glioma/Tr-gl_0272.jpg
G_842_VF_.jpg,glioma,train,train/glioma/G_842_VF_.jpg
gg (522).jpg,glioma,train,train/glioma/gg (522).jpg
G_764_BR_.jpg,glioma,train,train/glioma/G_764_BR_.jpg
Tr-gl_1144.jpg,glioma,train,train/glioma/Tr-gl_1144.jpg
gg (488).jpg,glioma,train,train/glioma/gg (488).jpg
Tr-gl_0528.jpg,glioma,train,train/glioma/Tr-gl_0528.jpg
G_774_BR_.jpg,glioma,train,train/glioma/G_774_BR_.jpg
Tr-gl_1150.jpg,glioma,train,train/glioma/Tr-gl_1150.jpg
G_818_SP_.jpg,glioma,train,train/glioma/G_818_SP_.jpg
G_808_SP_.jpg,glioma,train,train/glioma/G_808_SP_.jpg
G_729_RO_.jpg,glioma,train,train/glioma/G_729_RO_.jpg
G_803.jpg,glioma,train,train/glioma/G_803.jpg
Te-gl_0236.jpg,glioma,train,train/glioma/Te-gl_0236.jpg
Tr-gl_1187.jpg,glioma,train,train/glioma/Tr-gl_1187.jpg
Tr-gl_0299.jpg,glioma,train,train/glioma/Tr-gl_0299.jpg
image(62).jpg,glioma,train,train/glioma/image(62).jpg
G_739_RO_.jpg,glioma,train,train/glioma/G_739_RO_.jpg
Te-gl_0222.jpg,glioma,train,train/glioma/Te-gl_0222.jpg
G_817.jpg,glioma,train,train/glioma/G_817.jpg
gg (430).jpg,glioma,train,train/glioma/gg (430).jpg
Tr-gl_0064.jpg,glioma,train,train/glioma/Tr-gl_0064.jpg
Tr-gl_0070.jpg,glioma,train,train/glioma/Tr-gl_0070.jpg
G_790_RO_.jpg,glioma,train,train/glioma/G_790_RO_.jpg
G_780_RO_.jpg,glioma,train,train/glioma/G_780_RO_.jpg
gg (575).jpg,glioma,train,train/glioma/gg (575).jpg
Tr-gl_0919.jpg,glioma,train,train/glioma/Tr-gl_0919.jpg
G_811_BR_.jpg,glioma,train,train/glioma/G_811_BR_.jpg
G_801_BR_.jpg,glioma,train,train/glioma/G_801_BR_.jpg
G_835_DA_.jpg,glioma,train,train/glioma/G_835_DA_.jpg
Tr-gl_0925.jpg,glioma,train,train/glioma/Tr-gl_0925.jpg
G_727_VF_.jpg,glioma,train,train/glioma/G_727_VF_.jpg
gg (349).jpg,glioma,train,train/glioma/gg (349).jpg
G_825_DA_.jpg,glioma,train,train/glioma/G_825_DA_.jpg
Tr-gl_0931.jpg,glioma,train,train/glioma/Tr-gl_0931.jpg
G_737_VF_.jpg,glioma,train,train/glioma/G_737_VF_.jpg
G_857_DA_.jpg,glioma,train,train/glioma/G_857_DA_.jpg
G_778_HF_.jpg,glioma,train,train/glioma/G_778_HF_.jpg
G_745_VF_.jpg,glioma,train,train/glioma/G_745_VF_.jpg
G_768_HF_.jpg,glioma,train,train/glioma/G_768_HF_.jpg
G_847_DA_.jpg,glioma,train,train/glioma/G_847_DA_.jpg
gg (426).jpg,glioma,train,train/glioma/gg (426).jpg
G_755_VF_.jpg,glioma,train,train/glioma/G_755_VF_.jpg
Tr-gl_0892.jpg,glioma,train,train/glioma/Tr-gl_0892.jpg
gg (563).jpg,glioma,train,train/glioma/gg (563).jpg
G_873_BR_.jpg,glioma,train,train/glioma/G_873_BR_.jpg
G_889_VF_.jpg,glioma,train,train/glioma/G_889_VF_.jpg
Tr-gl_1232.jpg,glioma,train,train/glioma/Tr-gl_1232.jpg
Te-gl_0183.jpg,glioma,train,train/glioma/Te-gl_0183.jpg
gg (39).jpg,glioma,train,train/glioma/gg (39).jpg
Tr-gl_0138.jpg,glioma,train,train/glioma/Tr-gl_0138.jpg
Te-gl_0197.jpg,glioma,train,train/glioma/Te-gl_0197.jpg
G_863_BR_.jpg,glioma,train,train/glioma/G_863_BR_.jpg
Tr-gl_1226.jpg,glioma,train,train/glioma/Tr-gl_1226.jpg
Tr-gl_0886.jpg,glioma,train,train/glioma/Tr-gl_0886.jpg
Te-gl_0168.jpg,glioma,train,train/glioma/Te-gl_0168.jpg
Tr-gl_0879.jpg,glioma,train,train/glioma/Tr-gl_0879.jpg
Tr-gl_0689.jpg,glioma,train,train/glioma/Tr-gl_0689.jpg
Tr-gl_0851.jpg,glioma,train,train/glioma/Tr-gl_0851.jpg
Te-gl_0140.jpg,glioma,train,train/glioma/Te-gl_0140.jpg
image(23).jpg,glioma,train,train/glioma/image(23).jpg
Te-gl_0154.jpg,glioma,train,train/glioma/Te-gl_0154.jpg
Tr-gl_0845.jpg,glioma,train,train/glioma/Tr-gl_0845.jpg
G_750.jpg,glioma,train,train/glioma/G_750.jpg
Tr-gl_0312.jpg,glioma,train,train/glioma/Tr-gl_0312.jpg
Tr-gl_0474.jpg,glioma,train,train/glioma/Tr-gl_0474.jpg
gg (471).jpg,glioma,train,train/glioma/gg (471).jpg
Tr-gl_0460.jpg,glioma,train,train/glioma/Tr-gl_0460.jpg
Tr-gl_1018.jpg,glioma,train,train/glioma/Tr-gl_1018.jpg
Tr-gl_0306.jpg,glioma,train,train/glioma/Tr-gl_0306.jpg
G_744.jpg,glioma,train,train/glioma/G_744.jpg
G_887_RO_.jpg,glioma,train,train/glioma/G_887_RO_.jpg
Tr-gl_1030.jpg,glioma,train,train/glioma/Tr-gl_1030.jpg
Tr-gl_0448.jpg,glioma,train,train/glioma/Tr-gl_0448.jpg
G_778.jpg,glioma,train,train/glioma/G_778.jpg
Tr-gl_1024.jpg,glioma,train,train/glioma/Tr-gl_1024.jpg
gg (534).jpg,glioma,train,train/glioma/gg (534).jpg
G_706_BR_.jpg,glioma,train,train/glioma/G_706_BR_.jpg
G_793.jpg,glioma,train,train/glioma/G_793.jpg
G_716_BR_.jpg,glioma,train,train/glioma/G_716_BR_.jpg
G_787.jpg,glioma,train,train/glioma/G_787.jpg
G_722_DA_.jpg,glioma,train,train/glioma/G_722_DA_.jpg
image(74).jpg,glioma,train,train/glioma/image(74).jpg
G_830_VF_.jpg,glioma,train,train/glioma/G_830_VF_.jpg
G_732_DA_.jpg,glioma,train,train/glioma/G_732_DA_.jpg
G_820_VF_.jpg,glioma,train,train/glioma/G_820_VF_.jpg
G_725_HF_.jpg,glioma,train,train/glioma/G_725_HF_.jpg
G_718_VF_.jpg,glioma,train,train/glioma/G_718_VF_.jpg
G_786.jpg,glioma,train,train/glioma/G_786.jpg
G_792.jpg,glioma,train,train/glioma/G_792.jpg
G_735_HF_.jpg,glioma,train,train/glioma/G_735_HF_.jpg
G_708_VF_.jpg,glioma,train,train/glioma/G_708_VF_.jpg
G_863_RO_.jpg,glioma,train,train/glioma/G_863_RO_.jpg
gg (373).jpg,glioma,train,train/glioma/gg (373).jpg
Tr-gl_1025.jpg,glioma,train,train/glioma/Tr-gl_1025.jpg
G_779.jpg,glioma,train,train/glioma/G_779.jpg
G_873_RO_.jpg,glioma,train,train/glioma/G_873_RO_.jpg
Tr-gl_1031.jpg,glioma,train,train/glioma/Tr-gl_1031.jpg
Tr-gl_0449.jpg,glioma,train,train/glioma/Tr-gl_0449.jpg
G_752_SP_.jpg,glioma,train,train/glioma/G_752_SP_.jpg
Tr-gl_0461.jpg,glioma,train,train/glioma/Tr-gl_0461.jpg
G_745.jpg,glioma,train,train/glioma/G_745.jpg
Tr-gl_0307.jpg,glioma,train,train/glioma/Tr-gl_0307.jpg
Tr-gl_1019.jpg,glioma,train,train/glioma/Tr-gl_1019.jpg
Tr-gl_0313.jpg,glioma,train,train/glioma/Tr-gl_0313.jpg
G_742_SP_.jpg,glioma,train,train/glioma/G_742_SP_.jpg
G_751.jpg,glioma,train,train/glioma/G_751.jpg
gg (666).jpg,glioma,train,train/glioma/gg (666).jpg
Tr-gl_0475.jpg,glioma,train,train/glioma/Tr-gl_0475.jpg
gg (518).jpg,glioma,train,train/glioma/gg (518).jpg
G_827_SP_.jpg,glioma,train,train/glioma/G_827_SP_.jpg
Te-gl_0155.jpg,glioma,train,train/glioma/Te-gl_0155.jpg
Tr-gl_0844.jpg,glioma,train,train/glioma/Tr-gl_0844.jpg
gg (42).jpg,glioma,train,train/glioma/gg (42).jpg
Tr-gl_0850.jpg,glioma,train,train/glioma/Tr-gl_0850.jpg
Tr-gl_0688.jpg,glioma,train,train/glioma/Tr-gl_0688.jpg
G_837_SP_.jpg,glioma,train,train/glioma/G_837_SP_.jpg
Te-gl_0141.jpg,glioma,train,train/glioma/Te-gl_0141.jpg
G_716_RO_.jpg,glioma,train,train/glioma/G_716_RO_.jpg
Te-gl_0169.jpg,glioma,train,train/glioma/Te-gl_0169.jpg
Tr-gl_0878.jpg,glioma,train,train/glioma/Tr-gl_0878.jpg
G_706_RO_.jpg,glioma,train,train/glioma/G_706_RO_.jpg
G_850_HF_.jpg,glioma,train,train/glioma/G_850_HF_.jpg
Te-gl_0196.jpg,glioma,train,train/glioma/Te-gl_0196.jpg
Tr-gl_1227.jpg,glioma,train,train/glioma/Tr-gl_1227.jpg
Tr-gl_0139.jpg,glioma,train,train/glioma/Tr-gl_0139.jpg
Tr-gl_0887.jpg,glioma,train,train/glioma/Tr-gl_0887.jpg
image(58).jpg,glioma,train,train/glioma/image(58).jpg
G_887_BR_.jpg,glioma,train,train/glioma/G_887_BR_.jpg
G_840_HF_.jpg,glioma,train,train/glioma/G_840_HF_.jpg
Tr-gl_0893.jpg,glioma,train,train/glioma/Tr-gl_0893.jpg
Tr-gl_1233.jpg,glioma,train,train/glioma/Tr-gl_1233.jpg
Te-gl_0182.jpg,glioma,train,train/glioma/Te-gl_0182.jpg
gg (631).jpg,glioma,train,train/glioma/gg (631).jpg
G_739_BR_.jpg,glioma,train,train/glioma/G_739_BR_.jpg
Tr-gl_0930.jpg,glioma,train,train/glioma/Tr-gl_0930.jpg
G_729_BR_.jpg,glioma,train,train/glioma/G_729_BR_.jpg
Tr-gl_0924.jpg,glioma,train,train/glioma/Tr-gl_0924.jpg
gg (54).jpg,glioma,train,train/glioma/gg (54).jpg
G_832_HF_.jpg,glioma,train,train/glioma/G_832_HF_.jpg
G_87_VF_.jpg,glioma,train,train/glioma/G_87_VF_.jpg
G_822_HF_.jpg,glioma,train,train/glioma/G_822_HF_.jpg
Tr-gl_0918.jpg,glioma,train,train/glioma/Tr-gl_0918.jpg
G_789_SP_.jpg,glioma,train,train/glioma/G_789_SP_.jpg
G_774_RO_.jpg,glioma,train,train/glioma/G_774_RO_.jpg
gg (332).jpg,glioma,train,train/glioma/gg (332).jpg
G_764_RO_.jpg,glioma,train,train/glioma/G_764_RO_.jpg
G_799_SP_.jpg,glioma,train,train/glioma/G_799_SP_.jpg
Tr-gl_0071.jpg,glioma,train,train/glioma/Tr-gl_0071.jpg
G_845_SP_.jpg,glioma,train,train/glioma/G_845_SP_.jpg
G_855_SP_.jpg,glioma,train,train/glioma/G_855_SP_.jpg
gg (627).jpg,glioma,train,train/glioma/gg (627).jpg
Tr-gl_0065.jpg,glioma,train,train/glioma/Tr-gl_0065.jpg
gg (559).jpg,glioma,train,train/glioma/gg (559).jpg
G_730_SP_.jpg,glioma,train,train/glioma/G_730_SP_.jpg
G_816.jpg,glioma,train,train/glioma/G_816.jpg
Tr-gl_1192.jpg,glioma,train,train/glioma/Tr-gl_1192.jpg
Te-gl_0223.jpg,glioma,train,train/glioma/Te-gl_0223.jpg
Tr-gl_0298.jpg,glioma,train,train/glioma/Tr-gl_0298.jpg
G_720_SP_.jpg,glioma,train,train/glioma/G_720_SP_.jpg
Te-gl_0237.jpg,glioma,train,train/glioma/Te-gl_0237.jpg
Tr-gl_1186.jpg,glioma,train,train/glioma/Tr-gl_1186.jpg
G_802.jpg,glioma,train,train/glioma/G_802.jpg
G_801_RO_.jpg,glioma,train,train/glioma/G_801_RO_.jpg
G_811_RO_.jpg,glioma,train,train/glioma/G_811_RO_.jpg
G_868_DA_.jpg,glioma,train,train/glioma/G_868_DA_.jpg
G_780_BR_.jpg,glioma,train,train/glioma/G_780_BR_.jpg
Tr-gl_0529.jpg,glioma,train,train/glioma/Tr-gl_0529.jpg
G_747_HF_.jpg,glioma,train,train/glioma/G_747_HF_.jpg
Tr-gl_1151.jpg,glioma,train,train/glioma/Tr-gl_1151.jpg
G_757_HF_.jpg,glioma,train,train/glioma/G_757_HF_.jpg
image(19).jpg,glioma,train,train/glioma/image(19).jpg
G_878_DA_.jpg,glioma,train,train/glioma/G_878_DA_.jpg
gg (365).jpg,glioma,train,train/glioma/gg (365).jpg
Tr-gl_1145.jpg,glioma,train,train/glioma/Tr-gl_1145.jpg
G_790_BR_.jpg,glioma,train,train/glioma/G_790_BR_.jpg
Tr-gl_0515.jpg,glioma,train,train/glioma/Tr-gl_0515.jpg
gg (670).jpg,glioma,train,train/glioma/gg (670).jpg
Tr-gl_0273.jpg,glioma,train,train/glioma/Tr-gl_0273.jpg
Tr-gl_1179.jpg,glioma,train,train/glioma/Tr-gl_1179.jpg
Tr-gl_0267.jpg,glioma,train,train/glioma/Tr-gl_0267.jpg
Tr-gl_0501.jpg,glioma,train,train/glioma/Tr-gl_0501.jpg
Tr-gl_0271.jpg,glioma,train,train/glioma/Tr-gl_0271.jpg
G_761_HF_.jpg,glioma,train,train/glioma/G_761_HF_.jpg
Tr-gl_0517.jpg,glioma,train,train/glioma/Tr-gl_0517.jpg
Tr-gl_0503.jpg,glioma,train,train/glioma/Tr-gl_0503.jpg
gg (607).jpg,glioma,train,train/glioma/gg (607).jpg
image(81).jpg,glioma,train,train/glioma/image(81).jpg
G_771_HF_.jpg,glioma,train,train/glioma/G_771_HF_.jpg
Tr-gl_0265.jpg,glioma,train,train/glioma/Tr-gl_0265.jpg
G_782_DA_.jpg,glioma,train,train/glioma/G_782_DA_.jpg
Tr-gl_1153.jpg,glioma,train,train/glioma/Tr-gl_1153.jpg
G_890_VF_.jpg,glioma,train,train/glioma/G_890_VF_.jpg
G_792_DA_.jpg,glioma,train,train/glioma/G_792_DA_.jpg
Tr-gl_0259.jpg,glioma,train,train/glioma/Tr-gl_0259.jpg
G_880_VF_.jpg,glioma,train,train/glioma/G_880_VF_.jpg
Tr-gl_1147.jpg,glioma,train,train/glioma/Tr-gl_1147.jpg
G_716_SP_.jpg,glioma,train,train/glioma/G_716_SP_.jpg
G_828.jpg,glioma,train,train/glioma/G_828.jpg
G_706_SP_.jpg,glioma,train,train/glioma/G_706_SP_.jpg
Te-gl_0209.jpg,glioma,train,train/glioma/Te-gl_0209.jpg
Te-gl_0221.jpg,glioma,train,train/glioma/Te-gl_0221.jpg
Tr-gl_1190.jpg,glioma,train,train/glioma/Tr-gl_1190.jpg
G_827_RO_.jpg,glioma,train,train/glioma/G_827_RO_.jpg
G_814.jpg,glioma,train,train/glioma/G_814.jpg
gg (484).jpg,glioma,train,train/glioma/gg (484).jpg
G_837_RO_.jpg,glioma,train,train/glioma/G_837_RO_.jpg
G_800.jpg,glioma,train,train/glioma/G_800.jpg
Tr-gl_1184.jpg,glioma,train,train/glioma/Tr-gl_1184.jpg
Te-gl_0235.jpg,glioma,train,train/glioma/Te-gl_0235.jpg
G_752_RO_.jpg,glioma,train,train/glioma/G_752_RO_.jpg
Tr-gl_0073.jpg,glioma,train,train/glioma/Tr-gl_0073.jpg
Tr-gl_0067.jpg,glioma,train,train/glioma/Tr-gl_0067.jpg
G_742_RO_.jpg,glioma,train,train/glioma/G_742_RO_.jpg
G_863_SP_.jpg,glioma,train,train/glioma/G_863_SP_.jpg
gg (345).jpg,glioma,train,train/glioma/gg (345).jpg
G_873_SP_.jpg,glioma,train,train/glioma/G_873_SP_.jpg
gg (596).jpg,glioma,train,train/glioma/gg (596).jpg
G_814_HF_.jpg,glioma,train,train/glioma/G_814_HF_.jpg
Tr-gl_0932.jpg,glioma,train,train/glioma/Tr-gl_0932.jpg
gg (579).jpg,glioma,train,train/glioma/gg (579).jpg
G_829_VF_.jpg,glioma,train,train/glioma/G_829_VF_.jpg
Tr-gl_0098.jpg,glioma,train,train/glioma/Tr-gl_0098.jpg
G_804_HF_.jpg,glioma,train,train/glioma/G_804_HF_.jpg
Tr-gl_0926.jpg,glioma,train,train/glioma/Tr-gl_0926.jpg
G_839_VF_.jpg,glioma,train,train/glioma/G_839_VF_.jpg
G_759_DA_.jpg,glioma,train,train/glioma/G_759_DA_.jpg
G_876_HF_.jpg,glioma,train,train/glioma/G_876_HF_.jpg
Tr-gl_1219.jpg,glioma,train,train/glioma/Tr-gl_1219.jpg
G_866_HF_.jpg,glioma,train,train/glioma/G_866_HF_.jpg
G_749_DA_.jpg,glioma,train,train/glioma/G_749_DA_.jpg
gg (646).jpg,glioma,train,train/glioma/gg (646).jpg
Tr-gl_0885.jpg,glioma,train,train/glioma/Tr-gl_0885.jpg
Tr-gl_1225.jpg,glioma,train,train/glioma/Tr-gl_1225.jpg
Te-gl_0194.jpg,glioma,train,train/glioma/Te-gl_0194.jpg
G_787_VF_.jpg,glioma,train,train/glioma/G_787_VF_.jpg
G_885_DA_.jpg,glioma,train,train/glioma/G_885_DA_.jpg
Te-gl_0180.jpg,glioma,train,train/glioma/Te-gl_0180.jpg
Tr-gl_1231.jpg,glioma,train,train/glioma/Tr-gl_1231.jpg
Tr-gl_0891.jpg,glioma,train,train/glioma/Tr-gl_0891.jpg
G_797_VF_.jpg,glioma,train,train/glioma/G_797_VF_.jpg
G_801_SP_.jpg,glioma,train,train/glioma/G_801_SP_.jpg
gg (580).jpg,glioma,train,train/glioma/gg (580).jpg
G_811_SP_.jpg,glioma,train,train/glioma/G_811_SP_.jpg
Tr-gl_0846.jpg,glioma,train,train/glioma/Tr-gl_0846.jpg
G_730_RO_.jpg,glioma,train,train/glioma/G_730_RO_.jpg
Te-gl_0157.jpg,glioma,train,train/glioma/Te-gl_0157.jpg
G_720_RO_.jpg,glioma,train,train/glioma/G_720_RO_.jpg
Te-gl_0143.jpg,glioma,train,train/glioma/Te-gl_0143.jpg
gg (35).jpg,glioma,train,train/glioma/gg (35).jpg
Tr-gl_0852.jpg,glioma,train,train/glioma/Tr-gl_0852.jpg
Tr-gl_0305.jpg,glioma,train,train/glioma/Tr-gl_0305.jpg
G_747.jpg,glioma,train,train/glioma/G_747.jpg
G_845_RO_.jpg,glioma,train,train/glioma/G_845_RO_.jpg
gg (611).jpg,glioma,train,train/glioma/gg (611).jpg
Tr-gl_0463.jpg,glioma,train,train/glioma/Tr-gl_0463.jpg
Tr-gl_0477.jpg,glioma,train,train/glioma/Tr-gl_0477.jpg
G_855_RO_.jpg,glioma,train,train/glioma/G_855_RO_.jpg
G_753.jpg,glioma,train,train/glioma/G_753.jpg
Tr-gl_0311.jpg,glioma,train,train/glioma/Tr-gl_0311.jpg
G_789_RO_.jpg,glioma,train,train/glioma/G_789_RO_.jpg
G_774_SP_.jpg,glioma,train,train/glioma/G_774_SP_.jpg
Tr-gl_1027.jpg,glioma,train,train/glioma/Tr-gl_1027.jpg
Tr-gl_0339.jpg,glioma,train,train/glioma/Tr-gl_0339.jpg
image(78).jpg,glioma,train,train/glioma/image(78).jpg
G_764_SP_.jpg,glioma,train,train/glioma/G_764_SP_.jpg
G_799_RO_.jpg,glioma,train,train/glioma/G_799_RO_.jpg
Tr-gl_1033.jpg,glioma,train,train/glioma/Tr-gl_1033.jpg
G_784.jpg,glioma,train,train/glioma/G_784.jpg
G_808_BR_.jpg,glioma,train,train/glioma/G_808_BR_.jpg
G_818_BR_.jpg,glioma,train,train/glioma/G_818_BR_.jpg
G_790.jpg,glioma,train,train/glioma/G_790.jpg
gg (538).jpg,glioma,train,train/glioma/gg (538).jpg
gg (62).jpg,glioma,train,train/glioma/gg (62).jpg
gg (492).jpg,glioma,train,train/glioma/gg (492).jpg
Tr-gl_0488.jpg,glioma,train,train/glioma/Tr-gl_0488.jpg
G_713_HF_.jpg,glioma,train,train/glioma/G_713_HF_.jpg
G_720_BR_.jpg,glioma,train,train/glioma/G_720_BR_.jpg
Tr-gl_0489.jpg,glioma,train,train/glioma/Tr-gl_0489.jpg
G_730_BR_.jpg,glioma,train,train/glioma/G_730_BR_.jpg
G_704_DA_.jpg,glioma,train,train/glioma/G_704_DA_.jpg
G_816_VF_.jpg,glioma,train,train/glioma/G_816_VF_.jpg
G_791.jpg,glioma,train,train/glioma/G_791.jpg
gg (390).jpg,glioma,train,train/glioma/gg (390).jpg
G_714_DA_.jpg,glioma,train,train/glioma/G_714_DA_.jpg
G_785.jpg,glioma,train,train/glioma/G_785.jpg
G_806_VF_.jpg,glioma,train,train/glioma/G_806_VF_.jpg
gg (543).jpg,glioma,train,train/glioma/gg (543).jpg
G_790_SP_.jpg,glioma,train,train/glioma/G_790_SP_.jpg
Tr-gl_1032.jpg,glioma,train,train/glioma/Tr-gl_1032.jpg
Tr-gl_0338.jpg,glioma,train,train/glioma/Tr-gl_0338.jpg
Tr-gl_1026.jpg,glioma,train,train/glioma/Tr-gl_1026.jpg
G_780_SP_.jpg,glioma,train,train/glioma/G_780_SP_.jpg
Tr-gl_0476.jpg,glioma,train,train/glioma/Tr-gl_0476.jpg
Tr-gl_0310.jpg,glioma,train,train/glioma/Tr-gl_0310.jpg
G_752.jpg,glioma,train,train/glioma/G_752.jpg
G_746.jpg,glioma,train,train/glioma/G_746.jpg
Tr-gl_0304.jpg,glioma,train,train/glioma/Tr-gl_0304.jpg
gg (406).jpg,glioma,train,train/glioma/gg (406).jpg
Tr-gl_0462.jpg,glioma,train,train/glioma/Tr-gl_0462.jpg
G_729_SP_.jpg,glioma,train,train/glioma/G_729_SP_.jpg
Te-gl_0142.jpg,glioma,train,train/glioma/Te-gl_0142.jpg
gg (328).jpg,glioma,train,train/glioma/gg (328).jpg
Tr-gl_0853.jpg,glioma,train,train/glioma/Tr-gl_0853.jpg
image(54).jpg,glioma,train,train/glioma/image(54).jpg
G_739_SP_.jpg,glioma,train,train/glioma/G_739_SP_.jpg
Tr-gl_0847.jpg,glioma,train,train/glioma/Tr-gl_0847.jpg
Te-gl_0156.jpg,glioma,train,train/glioma/Te-gl_0156.jpg
G_818_RO_.jpg,glioma,train,train/glioma/G_818_RO_.jpg
G_808_RO_.jpg,glioma,train,train/glioma/G_808_RO_.jpg
Te-gl_0181.jpg,glioma,train,train/glioma/Te-gl_0181.jpg
Tr-gl_1230.jpg,glioma,train,train/glioma/Tr-gl_1230.jpg
G_871_DA_.jpg,glioma,train,train/glioma/G_871_DA_.jpg
G_799_BR_.jpg,glioma,train,train/glioma/G_799_BR_.jpg
G_763_VF_.jpg,glioma,train,train/glioma/G_763_VF_.jpg
Tr-gl_0890.jpg,glioma,train,train/glioma/Tr-gl_0890.jpg
G_861_DA_.jpg,glioma,train,train/glioma/G_861_DA_.jpg
G_789_BR_.jpg,glioma,train,train/glioma/G_789_BR_.jpg
Tr-gl_0884.jpg,glioma,train,train/glioma/Tr-gl_0884.jpg
G_773_VF_.jpg,glioma,train,train/glioma/G_773_VF_.jpg
Tr-gl_1224.jpg,glioma,train,train/glioma/Tr-gl_1224.jpg
Te-gl_0195.jpg,glioma,train,train/glioma/Te-gl_0195.jpg
gg (514).jpg,glioma,train,train/glioma/gg (514).jpg
G_855_BR_.jpg,glioma,train,train/glioma/G_855_BR_.jpg
gg (451).jpg,glioma,train,train/glioma/gg (451).jpg
G_882_HF_.jpg,glioma,train,train/glioma/G_882_HF_.jpg
G_845_BR_.jpg,glioma,train,train/glioma/G_845_BR_.jpg
Tr-gl_1218.jpg,glioma,train,train/glioma/Tr-gl_1218.jpg
G_837_BR_.jpg,glioma,train,train/glioma/G_837_BR_.jpg
Tr-gl_0099.jpg,glioma,train,train/glioma/Tr-gl_0099.jpg
Tr-gl_0927.jpg,glioma,train,train/glioma/Tr-gl_0927.jpg
G_827_BR_.jpg,glioma,train,train/glioma/G_827_BR_.jpg
Tr-gl_0933.jpg,glioma,train,train/glioma/Tr-gl_0933.jpg
G_813_DA_.jpg,glioma,train,train/glioma/G_813_DA_.jpg
G_803_DA_.jpg,glioma,train,train/glioma/G_803_DA_.jpg
G_711_VF_.jpg,glioma,train,train/glioma/G_711_VF_.jpg
gg (502).jpg,glioma,train,train/glioma/gg (502).jpg
G_887_SP_.jpg,glioma,train,train/glioma/G_887_SP_.jpg
gg (58).jpg,glioma,train,train/glioma/gg (58).jpg
Tr-gl_0066.jpg,glioma,train,train/glioma/Tr-gl_0066.jpg
gg (447).jpg,glioma,train,train/glioma/gg (447).jpg
Tr-gl_0072.jpg,glioma,train,train/glioma/Tr-gl_0072.jpg
Tr-gl_1185.jpg,glioma,train,train/glioma/Tr-gl_1185.jpg
Te-gl_0234.jpg,glioma,train,train/glioma/Te-gl_0234.jpg
gg (369).jpg,glioma,train,train/glioma/gg (369).jpg
image(15).jpg,glioma,train,train/glioma/image(15).jpg
G_801.jpg,glioma,train,train/glioma/G_801.jpg
G_815.jpg,glioma,train,train/glioma/G_815.jpg
Te-gl_0220.jpg,glioma,train,train/glioma/Te-gl_0220.jpg
Tr-gl_1191.jpg,glioma,train,train/glioma/Tr-gl_1191.jpg
Te-gl_0208.jpg,glioma,train,train/glioma/Te-gl_0208.jpg
gg (386).jpg,glioma,train,train/glioma/gg (386).jpg
G_829.jpg,glioma,train,train/glioma/G_829.jpg
G_766_DA_.jpg,glioma,train,train/glioma/G_766_DA_.jpg
G_849_HF_.jpg,glioma,train,train/glioma/G_849_HF_.jpg
Tr-gl_1146.jpg,glioma,train,train/glioma/Tr-gl_1146.jpg
Tr-gl_0258.jpg,glioma,train,train/glioma/Tr-gl_0258.jpg
G_874_VF_.jpg,glioma,train,train/glioma/G_874_VF_.jpg
G_859_HF_.jpg,glioma,train,train/glioma/G_859_HF_.jpg
Tr-gl_1152.jpg,glioma,train,train/glioma/Tr-gl_1152.jpg
G_776_DA_.jpg,glioma,train,train/glioma/G_776_DA_.jpg
G_864_VF_.jpg,glioma,train,train/glioma/G_864_VF_.jpg
gg (555).jpg,glioma,train,train/glioma/gg (555).jpg
G_785_HF_.jpg,glioma,train,train/glioma/G_785_HF_.jpg
G_742_BR_.jpg,glioma,train,train/glioma/G_742_BR_.jpg
Tr-gl_0502.jpg,glioma,train,train/glioma/Tr-gl_0502.jpg
gg (410).jpg,glioma,train,train/glioma/gg (410).jpg
Tr-gl_0264.jpg,glioma,train,train/glioma/Tr-gl_0264.jpg
G_752_BR_.jpg,glioma,train,train/glioma/G_752_BR_.jpg
G_795_HF_.jpg,glioma,train,train/glioma/G_795_HF_.jpg
Tr-gl_0270.jpg,glioma,train,train/glioma/Tr-gl_0270.jpg
Tr-gl_0516.jpg,glioma,train,train/glioma/Tr-gl_0516.jpg
G_778_RO_.jpg,glioma,train,train/glioma/G_778_RO_.jpg
G_785_SP_.jpg,glioma,train,train/glioma/G_785_SP_.jpg
Tr-gl_0269.jpg,glioma,train,train/glioma/Tr-gl_0269.jpg
Tr-gl_1177.jpg,glioma,train,train/glioma/Tr-gl_1177.jpg
G_795_SP_.jpg,glioma,train,train/glioma/G_795_SP_.jpg
G_768_RO_.jpg,glioma,train,train/glioma/G_768_RO_.jpg
Tr-gl_1163.jpg,glioma,train,train/glioma/Tr-gl_1163.jpg
Tr-gl_0533.jpg,glioma,train,train/glioma/Tr-gl_0533.jpg
G_849_SP_.jpg,glioma,train,train/glioma/G_849_SP_.jpg
image(82).jpg,glioma,train,train/glioma/image(82).jpg
gg (604).jpg,glioma,train,train/glioma/gg (604).jpg
Tr-gl_0255.jpg,glioma,train,train/glioma/Tr-gl_0255.jpg
Tr-gl_0241.jpg,glioma,train,train/glioma/Tr-gl_0241.jpg
G_859_SP_.jpg,glioma,train,train/glioma/G_859_SP_.jpg
Tr-gl_0527.jpg,glioma,train,train/glioma/Tr-gl_0527.jpg
G_735_BR_.jpg,glioma,train,train/glioma/G_735_BR_.jpg
gg (487).jpg,glioma,train,train/glioma/gg (487).jpg
G_830.jpg,glioma,train,train/glioma/G_830.jpg
Te-gl_0205.jpg,glioma,train,train/glioma/Te-gl_0205.jpg
Te-gl_0211.jpg,glioma,train,train/glioma/Te-gl_0211.jpg
G_725_BR_.jpg,glioma,train,train/glioma/G_725_BR_.jpg
G_824.jpg,glioma,train,train/glioma/G_824.jpg
G_711_DA_.jpg,glioma,train,train/glioma/G_711_DA_.jpg
Te-gl_0239.jpg,glioma,train,train/glioma/Te-gl_0239.jpg
Tr-gl_1188.jpg,glioma,train,train/glioma/Tr-gl_1188.jpg
Tr-gl_0296.jpg,glioma,train,train/glioma/Tr-gl_0296.jpg
G_803_VF_.jpg,glioma,train,train/glioma/G_803_VF_.jpg
G_818.jpg,glioma,train,train/glioma/G_818.jpg
Tr-gl_0282.jpg,glioma,train,train/glioma/Tr-gl_0282.jpg
gg (468).jpg,glioma,train,train/glioma/gg (468).jpg
G_813_VF_.jpg,glioma,train,train/glioma/G_813_VF_.jpg
G_864_DA_.jpg,glioma,train,train/glioma/G_864_DA_.jpg
gg (346).jpg,glioma,train,train/glioma/gg (346).jpg
G_776_VF_.jpg,glioma,train,train/glioma/G_776_VF_.jpg
G_874_DA_.jpg,glioma,train,train/glioma/G_874_DA_.jpg
G_766_VF_.jpg,glioma,train,train/glioma/G_766_VF_.jpg
G_840_BR_.jpg,glioma,train,train/glioma/G_840_BR_.jpg
G_887_HF_.jpg,glioma,train,train/glioma/G_887_HF_.jpg
G_850_BR_.jpg,glioma,train,train/glioma/G_850_BR_.jpg
Tr-gl_0916.jpg,glioma,train,train/glioma/Tr-gl_0916.jpg
Tr-gl_0902.jpg,glioma,train,train/glioma/Tr-gl_0902.jpg
G_85_RO_.jpg,glioma,train,train/glioma/G_85_RO_.jpg
Tr-gl_0094.jpg,glioma,train,train/glioma/Tr-gl_0094.jpg
gg (595).jpg,glioma,train,train/glioma/gg (595).jpg
Tr-gl_0080.jpg,glioma,train,train/glioma/Tr-gl_0080.jpg
G_882_SP_.jpg,glioma,train,train/glioma/G_882_SP_.jpg
Tr-gl_1215.jpg,glioma,train,train/glioma/Tr-gl_1215.jpg
gg (350).jpg,glioma,train,train/glioma/gg (350).jpg
Tr-gl_0123.jpg,glioma,train,train/glioma/Tr-gl_0123.jpg
gg (645).jpg,glioma,train,train/glioma/gg (645).jpg
Tr-gl_0889.jpg,glioma,train,train/glioma/Tr-gl_0889.jpg
Tr-gl_0137.jpg,glioma,train,train/glioma/Tr-gl_0137.jpg
Te-gl_0198.jpg,glioma,train,train/glioma/Te-gl_0198.jpg
Tr-gl_1229.jpg,glioma,train,train/glioma/Tr-gl_1229.jpg
gg (36).jpg,glioma,train,train/glioma/gg (36).jpg
Te-gl_0173.jpg,glioma,train,train/glioma/Te-gl_0173.jpg
G_822_BR_.jpg,glioma,train,train/glioma/G_822_BR_.jpg
Tr-gl_0862.jpg,glioma,train,train/glioma/Tr-gl_0862.jpg
Tr-gl_0876.jpg,glioma,train,train/glioma/Tr-gl_0876.jpg
G_832_BR_.jpg,glioma,train,train/glioma/G_832_BR_.jpg
Te-gl_0167.jpg,glioma,train,train/glioma/Te-gl_0167.jpg
G_806_DA_.jpg,glioma,train,train/glioma/G_806_DA_.jpg
G_729_HF_.jpg,glioma,train,train/glioma/G_729_HF_.jpg
Tr-gl_0686.jpg,glioma,train,train/glioma/Tr-gl_0686.jpg
G_714_VF_.jpg,glioma,train,train/glioma/G_714_VF_.jpg
G_739_HF_.jpg,glioma,train,train/glioma/G_739_HF_.jpg
G_816_DA_.jpg,glioma,train,train/glioma/G_816_DA_.jpg
gg (583).jpg,glioma,train,train/glioma/gg (583).jpg
gg (429).jpg,glioma,train,train/glioma/gg (429).jpg
G_704_VF_.jpg,glioma,train,train/glioma/G_704_VF_.jpg
G_773_DA_.jpg,glioma,train,train/glioma/G_773_DA_.jpg
Tr-gl_1003.jpg,glioma,train,train/glioma/Tr-gl_1003.jpg
G_861_VF_.jpg,glioma,train,train/glioma/G_861_VF_.jpg
Tr-gl_1017.jpg,glioma,train,train/glioma/Tr-gl_1017.jpg
G_763_DA_.jpg,glioma,train,train/glioma/G_763_DA_.jpg
Tr-gl_0309.jpg,glioma,train,train/glioma/Tr-gl_0309.jpg
G_871_VF_.jpg,glioma,train,train/glioma/G_871_VF_.jpg
Tr-gl_0447.jpg,glioma,train,train/glioma/Tr-gl_0447.jpg
G_790_HF_.jpg,glioma,train,train/glioma/G_790_HF_.jpg
G_757_BR_.jpg,glioma,train,train/glioma/G_757_BR_.jpg
G_763.jpg,glioma,train,train/glioma/G_763.jpg
Tr-gl_0321.jpg,glioma,train,train/glioma/Tr-gl_0321.jpg
G_747_BR_.jpg,glioma,train,train/glioma/G_747_BR_.jpg
Tr-gl_0335.jpg,glioma,train,train/glioma/Tr-gl_0335.jpg
G_780_HF_.jpg,glioma,train,train/glioma/G_780_HF_.jpg
G_777.jpg,glioma,train,train/glioma/G_777.jpg
gg (612).jpg,glioma,train,train/glioma/gg (612).jpg
Tr-gl_0453.jpg,glioma,train,train/glioma/Tr-gl_0453.jpg
G_788.jpg,glioma,train,train/glioma/G_788.jpg
gg (61).jpg,glioma,train,train/glioma/gg (61).jpg
gg (491).jpg,glioma,train,train/glioma/gg (491).jpg
Tr-gl_0484.jpg,glioma,train,train/glioma/Tr-gl_0484.jpg
Tr-gl_0490.jpg,glioma,train,train/glioma/Tr-gl_0490.jpg
Tr-gl_0491.jpg,glioma,train,train/glioma/Tr-gl_0491.jpg
Tr-gl_0485.jpg,glioma,train,train/glioma/Tr-gl_0485.jpg
G_713_SP_.jpg,glioma,train,train/glioma/G_713_SP_.jpg
gg (669).jpg,glioma,train,train/glioma/gg (669).jpg
gg (393).jpg,glioma,train,train/glioma/gg (393).jpg
G_789.jpg,glioma,train,train/glioma/G_789.jpg
G_832_RO_.jpg,glioma,train,train/glioma/G_832_RO_.jpg
G_822_RO_.jpg,glioma,train,train/glioma/G_822_RO_.jpg
G_776.jpg,glioma,train,train/glioma/G_776.jpg
G_774_HF_.jpg,glioma,train,train/glioma/G_774_HF_.jpg
Tr-gl_0334.jpg,glioma,train,train/glioma/Tr-gl_0334.jpg
gg (405).jpg,glioma,train,train/glioma/gg (405).jpg
G_749_VF_.jpg,glioma,train,train/glioma/G_749_VF_.jpg
Tr-gl_0452.jpg,glioma,train,train/glioma/Tr-gl_0452.jpg
Tr-gl_0446.jpg,glioma,train,train/glioma/Tr-gl_0446.jpg
G_764_HF_.jpg,glioma,train,train/glioma/G_764_HF_.jpg
Tr-gl_0320.jpg,glioma,train,train/glioma/Tr-gl_0320.jpg
G_759_VF_.jpg,glioma,train,train/glioma/G_759_VF_.jpg
G_762.jpg,glioma,train,train/glioma/G_762.jpg
Tr-gl_0308.jpg,glioma,train,train/glioma/Tr-gl_0308.jpg
G_797_DA_.jpg,glioma,train,train/glioma/G_797_DA_.jpg
Tr-gl_1016.jpg,glioma,train,train/glioma/Tr-gl_1016.jpg
G_885_VF_.jpg,glioma,train,train/glioma/G_885_VF_.jpg
gg (540).jpg,glioma,train,train/glioma/gg (540).jpg
G_787_DA_.jpg,glioma,train,train/glioma/G_787_DA_.jpg
G_895_VF_.jpg,glioma,train,train/glioma/G_895_VF_.jpg
Tr-gl_1002.jpg,glioma,train,train/glioma/Tr-gl_1002.jpg
Tr-gl_0687.jpg,glioma,train,train/glioma/Tr-gl_0687.jpg
G_801_HF_.jpg,glioma,train,train/glioma/G_801_HF_.jpg
Tr-gl_0877.jpg,glioma,train,train/glioma/Tr-gl_0877.jpg
Te-gl_0166.jpg,glioma,train,train/glioma/Te-gl_0166.jpg
G_811_HF_.jpg,glioma,train,train/glioma/G_811_HF_.jpg
Te-gl_0172.jpg,glioma,train,train/glioma/Te-gl_0172.jpg
Tr-gl_0863.jpg,glioma,train,train/glioma/Tr-gl_0863.jpg
image(57).jpg,glioma,train,train/glioma/image(57).jpg
G_747_RO_.jpg,glioma,train,train/glioma/G_747_RO_.jpg
Tr-gl_0888.jpg,glioma,train,train/glioma/Tr-gl_0888.jpg
Te-gl_0199.jpg,glioma,train,train/glioma/Te-gl_0199.jpg
Tr-gl_1228.jpg,glioma,train,train/glioma/Tr-gl_1228.jpg
Tr-gl_0136.jpg,glioma,train,train/glioma/Tr-gl_0136.jpg
G_757_RO_.jpg,glioma,train,train/glioma/G_757_RO_.jpg
Tr-gl_0122.jpg,glioma,train,train/glioma/Tr-gl_0122.jpg
gg (452).jpg,glioma,train,train/glioma/gg (452).jpg
G_876_SP_.jpg,glioma,train,train/glioma/G_876_SP_.jpg
Tr-gl_1214.jpg,glioma,train,train/glioma/Tr-gl_1214.jpg
gg (517).jpg,glioma,train,train/glioma/gg (517).jpg
G_866_SP_.jpg,glioma,train,train/glioma/G_866_SP_.jpg
G_814_SP_.jpg,glioma,train,train/glioma/G_814_SP_.jpg
Tr-gl_0081.jpg,glioma,train,train/glioma/Tr-gl_0081.jpg
G_804_SP_.jpg,glioma,train,train/glioma/G_804_SP_.jpg
Tr-gl_0095.jpg,glioma,train,train/glioma/Tr-gl_0095.jpg
gg (628).jpg,glioma,train,train/glioma/gg (628).jpg
G_725_RO_.jpg,glioma,train,train/glioma/G_725_RO_.jpg
Tr-gl_0903.jpg,glioma,train,train/glioma/Tr-gl_0903.jpg
G_735_RO_.jpg,glioma,train,train/glioma/G_735_RO_.jpg
Tr-gl_0917.jpg,glioma,train,train/glioma/Tr-gl_0917.jpg
G_863_HF_.jpg,glioma,train,train/glioma/G_863_HF_.jpg
gg (444).jpg,glioma,train,train/glioma/gg (444).jpg
G_873_HF_.jpg,glioma,train,train/glioma/G_873_HF_.jpg
G_768_BR_.jpg,glioma,train,train/glioma/G_768_BR_.jpg
G_880_DA_.jpg,glioma,train,train/glioma/G_880_DA_.jpg
G_792_VF_.jpg,glioma,train,train/glioma/G_792_VF_.jpg
G_778_BR_.jpg,glioma,train,train/glioma/G_778_BR_.jpg
gg (501).jpg,glioma,train,train/glioma/gg (501).jpg
G_890_DA_.jpg,glioma,train,train/glioma/G_890_DA_.jpg
G_782_VF_.jpg,glioma,train,train/glioma/G_782_VF_.jpg
gg (385).jpg,glioma,train,train/glioma/gg (385).jpg
Tr-gl_0283.jpg,glioma,train,train/glioma/Tr-gl_0283.jpg
G_819.jpg,glioma,train,train/glioma/G_819.jpg
Tr-gl_0297.jpg,glioma,train,train/glioma/Tr-gl_0297.jpg
Te-gl_0238.jpg,glioma,train,train/glioma/Te-gl_0238.jpg
Tr-gl_1189.jpg,glioma,train,train/glioma/Tr-gl_1189.jpg
G_839_DA_.jpg,glioma,train,train/glioma/G_839_DA_.jpg
G_825.jpg,glioma,train,train/glioma/G_825.jpg
Te-gl_0210.jpg,glioma,train,train/glioma/Te-gl_0210.jpg
G_716_HF_.jpg,glioma,train,train/glioma/G_716_HF_.jpg
G_706_HF_.jpg,glioma,train,train/glioma/G_706_HF_.jpg
G_829_DA_.jpg,glioma,train,train/glioma/G_829_DA_.jpg
Te-gl_0204.jpg,glioma,train,train/glioma/Te-gl_0204.jpg
image(16).jpg,glioma,train,train/glioma/image(16).jpg
G_831.jpg,glioma,train,train/glioma/G_831.jpg
G_850_RO_.jpg,glioma,train,train/glioma/G_850_RO_.jpg
Tr-gl_0240.jpg,glioma,train,train/glioma/Tr-gl_0240.jpg
Tr-gl_0526.jpg,glioma,train,train/glioma/Tr-gl_0526.jpg
G_840_RO_.jpg,glioma,train,train/glioma/G_840_RO_.jpg
Tr-gl_0532.jpg,glioma,train,train/glioma/Tr-gl_0532.jpg
gg (413).jpg,glioma,train,train/glioma/gg (413).jpg
Tr-gl_0254.jpg,glioma,train,train/glioma/Tr-gl_0254.jpg
Tr-gl_1162.jpg,glioma,train,train/glioma/Tr-gl_1162.jpg
G_761_SP_.jpg,glioma,train,train/glioma/G_761_SP_.jpg
gg (556).jpg,glioma,train,train/glioma/gg (556).jpg
G_771_SP_.jpg,glioma,train,train/glioma/G_771_SP_.jpg
Tr-gl_1176.jpg,glioma,train,train/glioma/Tr-gl_1176.jpg
Tr-gl_0268.jpg,glioma,train,train/glioma/Tr-gl_0268.jpg
Tr-gl_0518.jpg,glioma,train,train/glioma/Tr-gl_0518.jpg
G_876_RO_.jpg,glioma,train,train/glioma/G_876_RO_.jpg
Tr-gl_1160.jpg,glioma,train,train/glioma/Tr-gl_1160.jpg
gg (521).jpg,glioma,train,train/glioma/gg (521).jpg
Tr-gl_1174.jpg,glioma,train,train/glioma/Tr-gl_1174.jpg
G_866_RO_.jpg,glioma,train,train/glioma/G_866_RO_.jpg
G_747_SP_.jpg,glioma,train,train/glioma/G_747_SP_.jpg
gg (464).jpg,glioma,train,train/glioma/gg (464).jpg
Tr-gl_0524.jpg,glioma,train,train/glioma/Tr-gl_0524.jpg
Tr-gl_0242.jpg,glioma,train,train/glioma/Tr-gl_0242.jpg
Tr-gl_0256.jpg,glioma,train,train/glioma/Tr-gl_0256.jpg
G_757_SP_.jpg,glioma,train,train/glioma/G_757_SP_.jpg
Tr-gl_1148.jpg,glioma,train,train/glioma/Tr-gl_1148.jpg
Tr-gl_0530.jpg,glioma,train,train/glioma/Tr-gl_0530.jpg
image(61).jpg,glioma,train,train/glioma/image(61).jpg
Te-gl_0212.jpg,glioma,train,train/glioma/Te-gl_0212.jpg
G_827.jpg,glioma,train,train/glioma/G_827.jpg
G_833.jpg,glioma,train,train/glioma/G_833.jpg
Te-gl_0206.jpg,glioma,train,train/glioma/Te-gl_0206.jpg
G_730_HF_.jpg,glioma,train,train/glioma/G_730_HF_.jpg
Tr-gl_0281.jpg,glioma,train,train/glioma/Tr-gl_0281.jpg
Tr-gl_0295.jpg,glioma,train,train/glioma/Tr-gl_0295.jpg
G_720_HF_.jpg,glioma,train,train/glioma/G_720_HF_.jpg
G_87_DA_.jpg,glioma,train,train/glioma/G_87_DA_.jpg
gg (608).jpg,glioma,train,train/glioma/gg (608).jpg
G_845_HF_.jpg,glioma,train,train/glioma/G_845_HF_.jpg
G_882_BR_.jpg,glioma,train,train/glioma/G_882_BR_.jpg
G_878_VF_.jpg,glioma,train,train/glioma/G_878_VF_.jpg
gg (576).jpg,glioma,train,train/glioma/gg (576).jpg
G_855_HF_.jpg,glioma,train,train/glioma/G_855_HF_.jpg
G_868_VF_.jpg,glioma,train,train/glioma/G_868_VF_.jpg
Tr-gl_0068.jpg,glioma,train,train/glioma/Tr-gl_0068.jpg
G_789_HF_.jpg,glioma,train,train/glioma/G_789_HF_.jpg
G_799_HF_.jpg,glioma,train,train/glioma/G_799_HF_.jpg
gg (599).jpg,glioma,train,train/glioma/gg (599).jpg
gg (433).jpg,glioma,train,train/glioma/gg (433).jpg
G_832_SP_.jpg,glioma,train,train/glioma/G_832_SP_.jpg
Tr-gl_0901.jpg,glioma,train,train/glioma/Tr-gl_0901.jpg
Tr-gl_0915.jpg,glioma,train,train/glioma/Tr-gl_0915.jpg
G_822_SP_.jpg,glioma,train,train/glioma/G_822_SP_.jpg
Tr-gl_0083.jpg,glioma,train,train/glioma/Tr-gl_0083.jpg
Tr-gl_0929.jpg,glioma,train,train/glioma/Tr-gl_0929.jpg
G_713_RO_.jpg,glioma,train,train/glioma/G_713_RO_.jpg
Tr-gl_0097.jpg,glioma,train,train/glioma/Tr-gl_0097.jpg
Tr-gl_1216.jpg,glioma,train,train/glioma/Tr-gl_1216.jpg
G_761_RO_.jpg,glioma,train,train/glioma/G_761_RO_.jpg
G_771_RO_.jpg,glioma,train,train/glioma/G_771_RO_.jpg
gg (560).jpg,glioma,train,train/glioma/gg (560).jpg
Tr-gl_0134.jpg,glioma,train,train/glioma/Tr-gl_0134.jpg
gg (425).jpg,glioma,train,train/glioma/gg (425).jpg
G_850_SP_.jpg,glioma,train,train/glioma/G_850_SP_.jpg
G_840_SP_.jpg,glioma,train,train/glioma/G_840_SP_.jpg
Tr-gl_0120.jpg,glioma,train,train/glioma/Tr-gl_0120.jpg
image(20).jpg,glioma,train,train/glioma/image(20).jpg
Te-gl_0164.jpg,glioma,train,train/glioma/Te-gl_0164.jpg
Tr-gl_0875.jpg,glioma,train,train/glioma/Tr-gl_0875.jpg
Tr-gl_0861.jpg,glioma,train,train/glioma/Tr-gl_0861.jpg
Te-gl_0170.jpg,glioma,train,train/glioma/Te-gl_0170.jpg
Te-gl_0158.jpg,glioma,train,train/glioma/Te-gl_0158.jpg
G_708_DA_.jpg,glioma,train,train/glioma/G_708_DA_.jpg
G_827_HF_.jpg,glioma,train,train/glioma/G_827_HF_.jpg
Tr-gl_0849.jpg,glioma,train,train/glioma/Tr-gl_0849.jpg
G_837_HF_.jpg,glioma,train,train/glioma/G_837_HF_.jpg
Tr-gl_0685.jpg,glioma,train,train/glioma/Tr-gl_0685.jpg
G_718_DA_.jpg,glioma,train,train/glioma/G_718_DA_.jpg
G_795_BR_.jpg,glioma,train,train/glioma/G_795_BR_.jpg
G_752_HF_.jpg,glioma,train,train/glioma/G_752_HF_.jpg
G_748.jpg,glioma,train,train/glioma/G_748.jpg
Tr-gl_1014.jpg,glioma,train,train/glioma/Tr-gl_1014.jpg
gg (537).jpg,glioma,train,train/glioma/gg (537).jpg
Tr-gl_1000.jpg,glioma,train,train/glioma/Tr-gl_1000.jpg
G_742_HF_.jpg,glioma,train,train/glioma/G_742_HF_.jpg
G_785_BR_.jpg,glioma,train,train/glioma/G_785_BR_.jpg
Tr-gl_0478.jpg,glioma,train,train/glioma/Tr-gl_0478.jpg
Tr-gl_0450.jpg,glioma,train,train/glioma/Tr-gl_0450.jpg
G_859_BR_.jpg,glioma,train,train/glioma/G_859_BR_.jpg
Tr-gl_1028.jpg,glioma,train,train/glioma/Tr-gl_1028.jpg
Tr-gl_0336.jpg,glioma,train,train/glioma/Tr-gl_0336.jpg
G_774.jpg,glioma,train,train/glioma/G_774.jpg
G_849_BR_.jpg,glioma,train,train/glioma/G_849_BR_.jpg
G_760.jpg,glioma,train,train/glioma/G_760.jpg
Tr-gl_0322.jpg,glioma,train,train/glioma/Tr-gl_0322.jpg
Tr-gl_0444.jpg,glioma,train,train/glioma/Tr-gl_0444.jpg
gg (472).jpg,glioma,train,train/glioma/gg (472).jpg
G_725_SP_.jpg,glioma,train,train/glioma/G_725_SP_.jpg
G_735_SP_.jpg,glioma,train,train/glioma/G_735_SP_.jpg
image(77).jpg,glioma,train,train/glioma/image(77).jpg
Tr-gl_0493.jpg,glioma,train,train/glioma/Tr-gl_0493.jpg
G_814_RO_.jpg,glioma,train,train/glioma/G_814_RO_.jpg
G_804_RO_.jpg,glioma,train,train/glioma/G_804_RO_.jpg
Tr-gl_0487.jpg,glioma,train,train/glioma/Tr-gl_0487.jpg
G_85_SP_.jpg,glioma,train,train/glioma/G_85_SP_.jpg
Tr-gl_0486.jpg,glioma,train,train/glioma/Tr-gl_0486.jpg
Tr-gl_0492.jpg,glioma,train,train/glioma/Tr-gl_0492.jpg
gg (409).jpg,glioma,train,train/glioma/gg (409).jpg
Tr-gl_0323.jpg,glioma,train,train/glioma/Tr-gl_0323.jpg
G_761.jpg,glioma,train,train/glioma/G_761.jpg
G_755_DA_.jpg,glioma,train,train/glioma/G_755_DA_.jpg
gg (665).jpg,glioma,train,train/glioma/gg (665).jpg
G_847_VF_.jpg,glioma,train,train/glioma/G_847_VF_.jpg
Tr-gl_0445.jpg,glioma,train,train/glioma/Tr-gl_0445.jpg
Tr-gl_0451.jpg,glioma,train,train/glioma/Tr-gl_0451.jpg
G_745_DA_.jpg,glioma,train,train/glioma/G_745_DA_.jpg
G_775.jpg,glioma,train,train/glioma/G_775.jpg
Tr-gl_0337.jpg,glioma,train,train/glioma/Tr-gl_0337.jpg
G_857_VF_.jpg,glioma,train,train/glioma/G_857_VF_.jpg
Tr-gl_1029.jpg,glioma,train,train/glioma/Tr-gl_1029.jpg
G_771_BR_.jpg,glioma,train,train/glioma/G_771_BR_.jpg
Tr-gl_1001.jpg,glioma,train,train/glioma/Tr-gl_1001.jpg
Tr-gl_0479.jpg,glioma,train,train/glioma/Tr-gl_0479.jpg
G_761_BR_.jpg,glioma,train,train/glioma/G_761_BR_.jpg
G_889_DA_.jpg,glioma,train,train/glioma/G_889_DA_.jpg
gg (370).jpg,glioma,train,train/glioma/gg (370).jpg
Tr-gl_1015.jpg,glioma,train,train/glioma/Tr-gl_1015.jpg
G_749.jpg,glioma,train,train/glioma/G_749.jpg
G_804_BR_.jpg,glioma,train,train/glioma/G_804_BR_.jpg
Tr-gl_0684.jpg,glioma,train,train/glioma/Tr-gl_0684.jpg
Te-gl_0159.jpg,glioma,train,train/glioma/Te-gl_0159.jpg
G_814_BR_.jpg,glioma,train,train/glioma/G_814_BR_.jpg
Tr-gl_0848.jpg,glioma,train,train/glioma/Tr-gl_0848.jpg
Tr-gl_0690.jpg,glioma,train,train/glioma/Tr-gl_0690.jpg
Tr-gl_0860.jpg,glioma,train,train/glioma/Tr-gl_0860.jpg
G_820_DA_.jpg,glioma,train,train/glioma/G_820_DA_.jpg
G_732_VF_.jpg,glioma,train,train/glioma/G_732_VF_.jpg
Te-gl_0171.jpg,glioma,train,train/glioma/Te-gl_0171.jpg
G_830_DA_.jpg,glioma,train,train/glioma/G_830_DA_.jpg
Te-gl_0165.jpg,glioma,train,train/glioma/Te-gl_0165.jpg
Tr-gl_0874.jpg,glioma,train,train/glioma/Tr-gl_0874.jpg
gg (41).jpg,glioma,train,train/glioma/gg (41).jpg
G_722_VF_.jpg,glioma,train,train/glioma/G_722_VF_.jpg
G_849_RO_.jpg,glioma,train,train/glioma/G_849_RO_.jpg
Tr-gl_0121.jpg,glioma,train,train/glioma/Tr-gl_0121.jpg
Tr-gl_0135.jpg,glioma,train,train/glioma/Tr-gl_0135.jpg
G_859_RO_.jpg,glioma,train,train/glioma/G_859_RO_.jpg
gg (632).jpg,glioma,train,train/glioma/gg (632).jpg
G_778_SP_.jpg,glioma,train,train/glioma/G_778_SP_.jpg
G_785_RO_.jpg,glioma,train,train/glioma/G_785_RO_.jpg
gg (327).jpg,glioma,train,train/glioma/gg (327).jpg
Tr-gl_1203.jpg,glioma,train,train/glioma/Tr-gl_1203.jpg
G_795_RO_.jpg,glioma,train,train/glioma/G_795_RO_.jpg
Tr-gl_1217.jpg,glioma,train,train/glioma/Tr-gl_1217.jpg
G_768_SP_.jpg,glioma,train,train/glioma/G_768_SP_.jpg
Tr-gl_0928.jpg,glioma,train,train/glioma/Tr-gl_0928.jpg
Tr-gl_0096.jpg,glioma,train,train/glioma/Tr-gl_0096.jpg
Tr-gl_0082.jpg,glioma,train,train/glioma/Tr-gl_0082.jpg
gg (448).jpg,glioma,train,train/glioma/gg (448).jpg
Tr-gl_0914.jpg,glioma,train,train/glioma/Tr-gl_0914.jpg
gg (57).jpg,glioma,train,train/glioma/gg (57).jpg
gg (4).jpg,glioma,train,train/glioma/gg (4).jpg
Tr-gl_0900.jpg,glioma,train,train/glioma/Tr-gl_0900.jpg
G_842_DA_.jpg,glioma,train,train/glioma/G_842_DA_.jpg
gg (624).jpg,glioma,train,train/glioma/gg (624).jpg
G_750_VF_.jpg,glioma,train,train/glioma/G_750_VF_.jpg
G_852_DA_.jpg,glioma,train,train/glioma/G_852_DA_.jpg
G_740_VF_.jpg,glioma,train,train/glioma/G_740_VF_.jpg
G_866_BR_.jpg,glioma,train,train/glioma/G_866_BR_.jpg
Tr-gl_0069.jpg,glioma,train,train/glioma/Tr-gl_0069.jpg
G_876_BR_.jpg,glioma,train,train/glioma/G_876_BR_.jpg
gg (331).jpg,glioma,train,train/glioma/gg (331).jpg
G_713_BR_.jpg,glioma,train,train/glioma/G_713_BR_.jpg
Tr-gl_0294.jpg,glioma,train,train/glioma/Tr-gl_0294.jpg
Tr-gl_0280.jpg,glioma,train,train/glioma/Tr-gl_0280.jpg
G_737_DA_.jpg,glioma,train,train/glioma/G_737_DA_.jpg
Te-gl_0207.jpg,glioma,train,train/glioma/Te-gl_0207.jpg
G_818_HF_.jpg,glioma,train,train/glioma/G_818_HF_.jpg
G_832.jpg,glioma,train,train/glioma/G_832.jpg
G_825_VF_.jpg,glioma,train,train/glioma/G_825_VF_.jpg
G_808_HF_.jpg,glioma,train,train/glioma/G_808_HF_.jpg
G_727_DA_.jpg,glioma,train,train/glioma/G_727_DA_.jpg
G_835_VF_.jpg,glioma,train,train/glioma/G_835_VF_.jpg
G_826.jpg,glioma,train,train/glioma/G_826.jpg
Te-gl_0213.jpg,glioma,train,train/glioma/Te-gl_0213.jpg
Tr-gl_1149.jpg,glioma,train,train/glioma/Tr-gl_1149.jpg
Tr-gl_0257.jpg,glioma,train,train/glioma/Tr-gl_0257.jpg
Tr-gl_0531.jpg,glioma,train,train/glioma/Tr-gl_0531.jpg
Tr-gl_0525.jpg,glioma,train,train/glioma/Tr-gl_0525.jpg
gg (673).jpg,glioma,train,train/glioma/gg (673).jpg
gg (389).jpg,glioma,train,train/glioma/gg (389).jpg
Tr-gl_0243.jpg,glioma,train,train/glioma/Tr-gl_0243.jpg
gg (366).jpg,glioma,train,train/glioma/gg (366).jpg
Tr-gl_1175.jpg,glioma,train,train/glioma/Tr-gl_1175.jpg
G_882_RO_.jpg,glioma,train,train/glioma/G_882_RO_.jpg
Tr-gl_0519.jpg,glioma,train,train/glioma/Tr-gl_0519.jpg
Tr-gl_1161.jpg,glioma,train,train/glioma/Tr-gl_1161.jpg
Tr-gl_0247.jpg,glioma,train,train/glioma/Tr-gl_0247.jpg
Tr-gl_1159.jpg,glioma,train,train/glioma/Tr-gl_1159.jpg
G_798_HF_.jpg,glioma,train,train/glioma/G_798_HF_.jpg
Tr-gl_0521.jpg,glioma,train,train/glioma/Tr-gl_0521.jpg
Tr-gl_0535.jpg,glioma,train,train/glioma/Tr-gl_0535.jpg
gg (672).jpg,glioma,train,train/glioma/gg (672).jpg
gg (388).jpg,glioma,train,train/glioma/gg (388).jpg
Tr-gl_0253.jpg,glioma,train,train/glioma/Tr-gl_0253.jpg
G_788_HF_.jpg,glioma,train,train/glioma/G_788_HF_.jpg
G_869_VF_.jpg,glioma,train,train/glioma/G_869_VF_.jpg
Tr-gl_1165.jpg,glioma,train,train/glioma/Tr-gl_1165.jpg
gg (367).jpg,glioma,train,train/glioma/gg (367).jpg
G_854_HF_.jpg,glioma,train,train/glioma/G_854_HF_.jpg
G_879_VF_.jpg,glioma,train,train/glioma/G_879_VF_.jpg
Tr-gl_0509.jpg,glioma,train,train/glioma/Tr-gl_0509.jpg
Tr-gl_1171.jpg,glioma,train,train/glioma/Tr-gl_1171.jpg
G_844_HF_.jpg,glioma,train,train/glioma/G_844_HF_.jpg
G_883_BR_.jpg,glioma,train,train/glioma/G_883_BR_.jpg
Tr-gl_0284.jpg,glioma,train,train/glioma/Tr-gl_0284.jpg
G_712_RO_.jpg,glioma,train,train/glioma/G_712_RO_.jpg
Tr-gl_0290.jpg,glioma,train,train/glioma/Tr-gl_0290.jpg
Te-gl_0217.jpg,glioma,train,train/glioma/Te-gl_0217.jpg
G_822.jpg,glioma,train,train/glioma/G_822.jpg
G_823_SP_.jpg,glioma,train,train/glioma/G_823_SP_.jpg
G_836.jpg,glioma,train,train/glioma/G_836.jpg
G_833_SP_.jpg,glioma,train,train/glioma/G_833_SP_.jpg
Te-gl_0203.jpg,glioma,train,train/glioma/Te-gl_0203.jpg
gg (625).jpg,glioma,train,train/glioma/gg (625).jpg
G_756_SP_.jpg,glioma,train,train/glioma/G_756_SP_.jpg
G_746_SP_.jpg,glioma,train,train/glioma/G_746_SP_.jpg
Tr-gl_0079.jpg,glioma,train,train/glioma/Tr-gl_0079.jpg
G_867_RO_.jpg,glioma,train,train/glioma/G_867_RO_.jpg
G_877_RO_.jpg,glioma,train,train/glioma/G_877_RO_.jpg
gg (330).jpg,glioma,train,train/glioma/gg (330).jpg
Tr-gl_0938.jpg,glioma,train,train/glioma/Tr-gl_0938.jpg
Tr-gl_0086.jpg,glioma,train,train/glioma/Tr-gl_0086.jpg
G_86_DA_.jpg,glioma,train,train/glioma/G_86_DA_.jpg
G_721_HF_.jpg,glioma,train,train/glioma/G_721_HF_.jpg
Tr-gl_0092.jpg,glioma,train,train/glioma/Tr-gl_0092.jpg
G_731_HF_.jpg,glioma,train,train/glioma/G_731_HF_.jpg
gg (449).jpg,glioma,train,train/glioma/gg (449).jpg
gg (56).jpg,glioma,train,train/glioma/gg (56).jpg
Tr-gl_0904.jpg,glioma,train,train/glioma/Tr-gl_0904.jpg
gg (5).jpg,glioma,train,train/glioma/gg (5).jpg
image(4).jpg,glioma,train,train/glioma/image(4).jpg
Tr-gl_0910.jpg,glioma,train,train/glioma/Tr-gl_0910.jpg
G_848_BR_.jpg,glioma,train,train/glioma/G_848_BR_.jpg
Tr-gl_0131.jpg,glioma,train,train/glioma/Tr-gl_0131.jpg
Tr-gl_0125.jpg,glioma,train,train/glioma/Tr-gl_0125.jpg
gg (633).jpg,glioma,train,train/glioma/gg (633).jpg
G_858_BR_.jpg,glioma,train,train/glioma/G_858_BR_.jpg
gg (326).jpg,glioma,train,train/glioma/gg (326).jpg
G_743_HF_.jpg,glioma,train,train/glioma/G_743_HF_.jpg
Tr-gl_1213.jpg,glioma,train,train/glioma/Tr-gl_1213.jpg
G_784_BR_.jpg,glioma,train,train/glioma/G_784_BR_.jpg
Tr-gl_0119.jpg,glioma,train,train/glioma/Tr-gl_0119.jpg
Tr-gl_1207.jpg,glioma,train,train/glioma/Tr-gl_1207.jpg
G_794_BR_.jpg,glioma,train,train/glioma/G_794_BR_.jpg
G_753_HF_.jpg,glioma,train,train/glioma/G_753_HF_.jpg
G_805_RO_.jpg,glioma,train,train/glioma/G_805_RO_.jpg
Te-gl_0149.jpg,glioma,train,train/glioma/Te-gl_0149.jpg
Tr-gl_0858.jpg,glioma,train,train/glioma/Tr-gl_0858.jpg
G_815_RO_.jpg,glioma,train,train/glioma/G_815_RO_.jpg
Tr-gl_0870.jpg,glioma,train,train/glioma/Tr-gl_0870.jpg
G_734_SP_.jpg,glioma,train,train/glioma/G_734_SP_.jpg
Te-gl_0161.jpg,glioma,train,train/glioma/Te-gl_0161.jpg
Te-gl_0175.jpg,glioma,train,train/glioma/Te-gl_0175.jpg
G_724_SP_.jpg,glioma,train,train/glioma/G_724_SP_.jpg
gg (40).jpg,glioma,train,train/glioma/gg (40).jpg
Tr-gl_0864.jpg,glioma,train,train/glioma/Tr-gl_0864.jpg
Tr-gl_0333.jpg,glioma,train,train/glioma/Tr-gl_0333.jpg
gg (664).jpg,glioma,train,train/glioma/gg (664).jpg
G_771.jpg,glioma,train,train/glioma/G_771.jpg
G_841_SP_.jpg,glioma,train,train/glioma/G_841_SP_.jpg
Tr-gl_0455.jpg,glioma,train,train/glioma/Tr-gl_0455.jpg
Tr-gl_0441.jpg,glioma,train,train/glioma/Tr-gl_0441.jpg
G_765.jpg,glioma,train,train/glioma/G_765.jpg
Tr-gl_1039.jpg,glioma,train,train/glioma/Tr-gl_1039.jpg
G_851_SP_.jpg,glioma,train,train/glioma/G_851_SP_.jpg
Tr-gl_0327.jpg,glioma,train,train/glioma/Tr-gl_0327.jpg
Tr-gl_1011.jpg,glioma,train,train/glioma/Tr-gl_1011.jpg
Tr-gl_0469.jpg,glioma,train,train/glioma/Tr-gl_0469.jpg
G_770_RO_.jpg,glioma,train,train/glioma/G_770_RO_.jpg
Tr-gl_1005.jpg,glioma,train,train/glioma/Tr-gl_1005.jpg
gg (371).jpg,glioma,train,train/glioma/gg (371).jpg
G_759.jpg,glioma,train,train/glioma/G_759.jpg
G_760_RO_.jpg,glioma,train,train/glioma/G_760_RO_.jpg
G_836_HF_.jpg,glioma,train,train/glioma/G_836_HF_.jpg
Tr-gl_0496.jpg,glioma,train,train/glioma/Tr-gl_0496.jpg
G_719_DA_.jpg,glioma,train,train/glioma/G_719_DA_.jpg
Tr-gl_0482.jpg,glioma,train,train/glioma/Tr-gl_0482.jpg
G_709_DA_.jpg,glioma,train,train/glioma/G_709_DA_.jpg
gg (408).jpg,glioma,train,train/glioma/gg (408).jpg
G_826_HF_.jpg,glioma,train,train/glioma/G_826_HF_.jpg
G_723_VF_.jpg,glioma,train,train/glioma/G_723_VF_.jpg
G_831_DA_.jpg,glioma,train,train/glioma/G_831_DA_.jpg
G_733_VF_.jpg,glioma,train,train/glioma/G_733_VF_.jpg
image(76).jpg,glioma,train,train/glioma/image(76).jpg
G_821_DA_.jpg,glioma,train,train/glioma/G_821_DA_.jpg
Tr-gl_0483.jpg,glioma,train,train/glioma/Tr-gl_0483.jpg
G_815_BR_.jpg,glioma,train,train/glioma/G_815_BR_.jpg
G_805_BR_.jpg,glioma,train,train/glioma/G_805_BR_.jpg
Tr-gl_0497.jpg,glioma,train,train/glioma/Tr-gl_0497.jpg
G_794_RO_.jpg,glioma,train,train/glioma/G_794_RO_.jpg
G_758.jpg,glioma,train,train/glioma/G_758.jpg
gg (536).jpg,glioma,train,train/glioma/gg (536).jpg
Tr-gl_1004.jpg,glioma,train,train/glioma/Tr-gl_1004.jpg
G_769_SP_.jpg,glioma,train,train/glioma/G_769_SP_.jpg
Tr-gl_1010.jpg,glioma,train,train/glioma/Tr-gl_1010.jpg
G_779_SP_.jpg,glioma,train,train/glioma/G_779_SP_.jpg
G_784_RO_.jpg,glioma,train,train/glioma/G_784_RO_.jpg
Tr-gl_0468.jpg,glioma,train,train/glioma/Tr-gl_0468.jpg
Tr-gl_0440.jpg,glioma,train,train/glioma/Tr-gl_0440.jpg
Tr-gl_0326.jpg,glioma,train,train/glioma/Tr-gl_0326.jpg
Tr-gl_1038.jpg,glioma,train,train/glioma/Tr-gl_1038.jpg
G_764.jpg,glioma,train,train/glioma/G_764.jpg
G_858_RO_.jpg,glioma,train,train/glioma/G_858_RO_.jpg
G_770.jpg,glioma,train,train/glioma/G_770.jpg
Tr-gl_0332.jpg,glioma,train,train/glioma/Tr-gl_0332.jpg
gg (473).jpg,glioma,train,train/glioma/gg (473).jpg
G_848_RO_.jpg,glioma,train,train/glioma/G_848_RO_.jpg
Tr-gl_0454.jpg,glioma,train,train/glioma/Tr-gl_0454.jpg
image(21).jpg,glioma,train,train/glioma/image(21).jpg
Te-gl_0174.jpg,glioma,train,train/glioma/Te-gl_0174.jpg
Tr-gl_0865.jpg,glioma,train,train/glioma/Tr-gl_0865.jpg
Tr-gl_0871.jpg,glioma,train,train/glioma/Tr-gl_0871.jpg
Te-gl_0160.jpg,glioma,train,train/glioma/Te-gl_0160.jpg
Te-gl_0148.jpg,glioma,train,train/glioma/Te-gl_0148.jpg
Tr-gl_0859.jpg,glioma,train,train/glioma/Tr-gl_0859.jpg
gg (648).jpg,glioma,train,train/glioma/gg (648).jpg
Tr-gl_1206.jpg,glioma,train,train/glioma/Tr-gl_1206.jpg
Tr-gl_0118.jpg,glioma,train,train/glioma/Tr-gl_0118.jpg
G_888_DA_.jpg,glioma,train,train/glioma/G_888_DA_.jpg
G_760_BR_.jpg,glioma,train,train/glioma/G_760_BR_.jpg
gg (561).jpg,glioma,train,train/glioma/gg (561).jpg
G_770_BR_.jpg,glioma,train,train/glioma/G_770_BR_.jpg
Tr-gl_1212.jpg,glioma,train,train/glioma/Tr-gl_1212.jpg
gg (424).jpg,glioma,train,train/glioma/gg (424).jpg
G_856_VF_.jpg,glioma,train,train/glioma/G_856_VF_.jpg
Tr-gl_0124.jpg,glioma,train,train/glioma/Tr-gl_0124.jpg
G_744_DA_.jpg,glioma,train,train/glioma/G_744_DA_.jpg
G_846_VF_.jpg,glioma,train,train/glioma/G_846_VF_.jpg
Tr-gl_0130.jpg,glioma,train,train/glioma/Tr-gl_0130.jpg
G_754_DA_.jpg,glioma,train,train/glioma/G_754_DA_.jpg
G_834_VF_.jpg,glioma,train,train/glioma/G_834_VF_.jpg
G_809_HF_.jpg,glioma,train,train/glioma/G_809_HF_.jpg
Tr-gl_0911.jpg,glioma,train,train/glioma/Tr-gl_0911.jpg
G_726_DA_.jpg,glioma,train,train/glioma/G_726_DA_.jpg
G_824_VF_.jpg,glioma,train,train/glioma/G_824_VF_.jpg
Tr-gl_0905.jpg,glioma,train,train/glioma/Tr-gl_0905.jpg
G_736_DA_.jpg,glioma,train,train/glioma/G_736_DA_.jpg
G_819_HF_.jpg,glioma,train,train/glioma/G_819_HF_.jpg
Tr-gl_0093.jpg,glioma,train,train/glioma/Tr-gl_0093.jpg
Tr-gl_0939.jpg,glioma,train,train/glioma/Tr-gl_0939.jpg
Tr-gl_0087.jpg,glioma,train,train/glioma/Tr-gl_0087.jpg
G_712_BR_.jpg,glioma,train,train/glioma/G_712_BR_.jpg
gg (577).jpg,glioma,train,train/glioma/gg (577).jpg
G_883_RO_.jpg,glioma,train,train/glioma/G_883_RO_.jpg
Tr-gl_0078.jpg,glioma,train,train/glioma/Tr-gl_0078.jpg
gg (598).jpg,glioma,train,train/glioma/gg (598).jpg
gg (432).jpg,glioma,train,train/glioma/gg (432).jpg
image(60).jpg,glioma,train,train/glioma/image(60).jpg
Te-gl_0202.jpg,glioma,train,train/glioma/Te-gl_0202.jpg
G_837.jpg,glioma,train,train/glioma/G_837.jpg
G_823.jpg,glioma,train,train/glioma/G_823.jpg
Te-gl_0216.jpg,glioma,train,train/glioma/Te-gl_0216.jpg
Tr-gl_0291.jpg,glioma,train,train/glioma/Tr-gl_0291.jpg
Tr-gl_0285.jpg,glioma,train,train/glioma/Tr-gl_0285.jpg
gg (609).jpg,glioma,train,train/glioma/gg (609).jpg
Tr-gl_0508.jpg,glioma,train,train/glioma/Tr-gl_0508.jpg
G_877_BR_.jpg,glioma,train,train/glioma/G_877_BR_.jpg
Tr-gl_1170.jpg,glioma,train,train/glioma/Tr-gl_1170.jpg
Tr-gl_1164.jpg,glioma,train,train/glioma/Tr-gl_1164.jpg
gg (520).jpg,glioma,train,train/glioma/gg (520).jpg
G_867_BR_.jpg,glioma,train,train/glioma/G_867_BR_.jpg
G_741_VF_.jpg,glioma,train,train/glioma/G_741_VF_.jpg
Tr-gl_0534.jpg,glioma,train,train/glioma/Tr-gl_0534.jpg
gg (465).jpg,glioma,train,train/glioma/gg (465).jpg
Tr-gl_0252.jpg,glioma,train,train/glioma/Tr-gl_0252.jpg
G_853_DA_.jpg,glioma,train,train/glioma/G_853_DA_.jpg
Tr-gl_1158.jpg,glioma,train,train/glioma/Tr-gl_1158.jpg
Tr-gl_0246.jpg,glioma,train,train/glioma/Tr-gl_0246.jpg
G_751_VF_.jpg,glioma,train,train/glioma/G_751_VF_.jpg
Tr-gl_0520.jpg,glioma,train,train/glioma/Tr-gl_0520.jpg
G_843_DA_.jpg,glioma,train,train/glioma/G_843_DA_.jpg
Tr-gl_0250.jpg,glioma,train,train/glioma/Tr-gl_0250.jpg
Tr-gl_0536.jpg,glioma,train,train/glioma/Tr-gl_0536.jpg
G_851_BR_.jpg,glioma,train,train/glioma/G_851_BR_.jpg
Tr-gl_0522.jpg,glioma,train,train/glioma/Tr-gl_0522.jpg
G_841_BR_.jpg,glioma,train,train/glioma/G_841_BR_.jpg
Tr-gl_0244.jpg,glioma,train,train/glioma/Tr-gl_0244.jpg
gg (412).jpg,glioma,train,train/glioma/gg (412).jpg
G_886_HF_.jpg,glioma,train,train/glioma/G_886_HF_.jpg
Tr-gl_1172.jpg,glioma,train,train/glioma/Tr-gl_1172.jpg
G_767_VF_.jpg,glioma,train,train/glioma/G_767_VF_.jpg
G_875_DA_.jpg,glioma,train,train/glioma/G_875_DA_.jpg
gg (557).jpg,glioma,train,train/glioma/gg (557).jpg
G_777_VF_.jpg,glioma,train,train/glioma/G_777_VF_.jpg
Tr-gl_0278.jpg,glioma,train,train/glioma/Tr-gl_0278.jpg
Tr-gl_1166.jpg,glioma,train,train/glioma/Tr-gl_1166.jpg
G_865_DA_.jpg,glioma,train,train/glioma/G_865_DA_.jpg
gg (384).jpg,glioma,train,train/glioma/gg (384).jpg
Tr-gl_0293.jpg,glioma,train,train/glioma/Tr-gl_0293.jpg
G_809.jpg,glioma,train,train/glioma/G_809.jpg
Te-gl_0228.jpg,glioma,train,train/glioma/Te-gl_0228.jpg
Tr-gl_0287.jpg,glioma,train,train/glioma/Tr-gl_0287.jpg
G_835.jpg,glioma,train,train/glioma/G_835.jpg
Te-gl_0200.jpg,glioma,train,train/glioma/Te-gl_0200.jpg
Te-gl_0214.jpg,glioma,train,train/glioma/Te-gl_0214.jpg
G_821.jpg,glioma,train,train/glioma/G_821.jpg
image(17).jpg,glioma,train,train/glioma/image(17).jpg
gg (445).jpg,glioma,train,train/glioma/gg (445).jpg
G_858_SP_.jpg,glioma,train,train/glioma/G_858_SP_.jpg
G_848_SP_.jpg,glioma,train,train/glioma/G_848_SP_.jpg
G_794_SP_.jpg,glioma,train,train/glioma/G_794_SP_.jpg
G_769_RO_.jpg,glioma,train,train/glioma/G_769_RO_.jpg
gg (500).jpg,glioma,train,train/glioma/gg (500).jpg
G_779_RO_.jpg,glioma,train,train/glioma/G_779_RO_.jpg
G_784_SP_.jpg,glioma,train,train/glioma/G_784_SP_.jpg
G_812_VF_.jpg,glioma,train,train/glioma/G_812_VF_.jpg
Tr-gl_0091.jpg,glioma,train,train/glioma/Tr-gl_0091.jpg
Tr-gl_0085.jpg,glioma,train,train/glioma/Tr-gl_0085.jpg
G_802_VF_.jpg,glioma,train,train/glioma/G_802_VF_.jpg
gg (629).jpg,glioma,train,train/glioma/gg (629).jpg
G_710_DA_.jpg,glioma,train,train/glioma/G_710_DA_.jpg
Tr-gl_0913.jpg,glioma,train,train/glioma/Tr-gl_0913.jpg
G_724_BR_.jpg,glioma,train,train/glioma/G_724_BR_.jpg
Tr-gl_0907.jpg,glioma,train,train/glioma/Tr-gl_0907.jpg
G_734_BR_.jpg,glioma,train,train/glioma/G_734_BR_.jpg
Tr-gl_0898.jpg,glioma,train,train/glioma/Tr-gl_0898.jpg
Tr-gl_0640.jpg,glioma,train,train/glioma/Tr-gl_0640.jpg
Tr-gl_0126.jpg,glioma,train,train/glioma/Tr-gl_0126.jpg
Te-gl_0189.jpg,glioma,train,train/glioma/Te-gl_0189.jpg
Tr-gl_1238.jpg,glioma,train,train/glioma/Tr-gl_1238.jpg
G_746_BR_.jpg,glioma,train,train/glioma/G_746_BR_.jpg
G_781_HF_.jpg,glioma,train,train/glioma/G_781_HF_.jpg
Tr-gl_0132.jpg,glioma,train,train/glioma/Tr-gl_0132.jpg
gg (453).jpg,glioma,train,train/glioma/gg (453).jpg
G_791_HF_.jpg,glioma,train,train/glioma/G_791_HF_.jpg
G_756_BR_.jpg,glioma,train,train/glioma/G_756_BR_.jpg
G_870_VF_.jpg,glioma,train,train/glioma/G_870_VF_.jpg
gg (516).jpg,glioma,train,train/glioma/gg (516).jpg
G_762_DA_.jpg,glioma,train,train/glioma/G_762_DA_.jpg
Tr-gl_1204.jpg,glioma,train,train/glioma/Tr-gl_1204.jpg
Tr-gl_1210.jpg,glioma,train,train/glioma/Tr-gl_1210.jpg
G_860_VF_.jpg,glioma,train,train/glioma/G_860_VF_.jpg
G_772_DA_.jpg,glioma,train,train/glioma/G_772_DA_.jpg
Tr-gl_0683.jpg,glioma,train,train/glioma/Tr-gl_0683.jpg
G_86.jpg,glioma,train,train/glioma/G_86.jpg
Tr-gl_0867.jpg,glioma,train,train/glioma/Tr-gl_0867.jpg
Te-gl_0176.jpg,glioma,train,train/glioma/Te-gl_0176.jpg
Te-gl_0162.jpg,glioma,train,train/glioma/Te-gl_0162.jpg
Tr-gl_0873.jpg,glioma,train,train/glioma/Tr-gl_0873.jpg
image(56).jpg,glioma,train,train/glioma/image(56).jpg
G_766.jpg,glioma,train,train/glioma/G_766.jpg
gg (404).jpg,glioma,train,train/glioma/gg (404).jpg
Tr-gl_0324.jpg,glioma,train,train/glioma/Tr-gl_0324.jpg
Tr-gl_0442.jpg,glioma,train,train/glioma/Tr-gl_0442.jpg
Tr-gl_0456.jpg,glioma,train,train/glioma/Tr-gl_0456.jpg
Tr-gl_0330.jpg,glioma,train,train/glioma/Tr-gl_0330.jpg
G_772.jpg,glioma,train,train/glioma/G_772.jpg
Tr-gl_1006.jpg,glioma,train,train/glioma/Tr-gl_1006.jpg
Tr-gl_0318.jpg,glioma,train,train/glioma/Tr-gl_0318.jpg
G_883_SP_.jpg,glioma,train,train/glioma/G_883_SP_.jpg
gg (541).jpg,glioma,train,train/glioma/gg (541).jpg
Tr-gl_1012.jpg,glioma,train,train/glioma/Tr-gl_1012.jpg
G_705_VF_.jpg,glioma,train,train/glioma/G_705_VF_.jpg
G_738_HF_.jpg,glioma,train,train/glioma/G_738_HF_.jpg
G_817_DA_.jpg,glioma,train,train/glioma/G_817_DA_.jpg
Tr-gl_0481.jpg,glioma,train,train/glioma/Tr-gl_0481.jpg
Tr-gl_0495.jpg,glioma,train,train/glioma/Tr-gl_0495.jpg
G_715_VF_.jpg,glioma,train,train/glioma/G_715_VF_.jpg
gg (668).jpg,glioma,train,train/glioma/gg (668).jpg
G_807_DA_.jpg,glioma,train,train/glioma/G_807_DA_.jpg
gg (392).jpg,glioma,train,train/glioma/gg (392).jpg
G_728_HF_.jpg,glioma,train,train/glioma/G_728_HF_.jpg
G_799.jpg,glioma,train,train/glioma/G_799.jpg
G_833_BR_.jpg,glioma,train,train/glioma/G_833_BR_.jpg
G_823_BR_.jpg,glioma,train,train/glioma/G_823_BR_.jpg
G_810_HF_.jpg,glioma,train,train/glioma/G_810_HF_.jpg
G_798.jpg,glioma,train,train/glioma/G_798.jpg
G_800_HF_.jpg,glioma,train,train/glioma/G_800_HF_.jpg
gg (490).jpg,glioma,train,train/glioma/gg (490).jpg
G_88_HF_.jpg,glioma,train,train/glioma/G_88_HF_.jpg
gg (60).jpg,glioma,train,train/glioma/gg (60).jpg
Tr-gl_0494.jpg,glioma,train,train/glioma/Tr-gl_0494.jpg
Tr-gl_0480.jpg,glioma,train,train/glioma/Tr-gl_0480.jpg
Tr-gl_1013.jpg,glioma,train,train/glioma/Tr-gl_1013.jpg
G_867_SP_.jpg,glioma,train,train/glioma/G_867_SP_.jpg
Tr-gl_0319.jpg,glioma,train,train/glioma/Tr-gl_0319.jpg
Tr-gl_1007.jpg,glioma,train,train/glioma/Tr-gl_1007.jpg
G_877_SP_.jpg,glioma,train,train/glioma/G_877_SP_.jpg
Tr-gl_0457.jpg,glioma,train,train/glioma/Tr-gl_0457.jpg
G_773.jpg,glioma,train,train/glioma/G_773.jpg
Tr-gl_0331.jpg,glioma,train,train/glioma/Tr-gl_0331.jpg
G_756_RO_.jpg,glioma,train,train/glioma/G_756_RO_.jpg
Tr-gl_0325.jpg,glioma,train,train/glioma/Tr-gl_0325.jpg
G_767.jpg,glioma,train,train/glioma/G_767.jpg
gg (613).jpg,glioma,train,train/glioma/gg (613).jpg
G_746_RO_.jpg,glioma,train,train/glioma/G_746_RO_.jpg
Tr-gl_0443.jpg,glioma,train,train/glioma/Tr-gl_0443.jpg
gg (37).jpg,glioma,train,train/glioma/gg (37).jpg
Te-gl_0163.jpg,glioma,train,train/glioma/Te-gl_0163.jpg
G_823_RO_.jpg,glioma,train,train/glioma/G_823_RO_.jpg
Tr-gl_0872.jpg,glioma,train,train/glioma/Tr-gl_0872.jpg
Tr-gl_0866.jpg,glioma,train,train/glioma/Tr-gl_0866.jpg
G_87.jpg,glioma,train,train/glioma/G_87.jpg
G_833_RO_.jpg,glioma,train,train/glioma/G_833_RO_.jpg
Te-gl_0177.jpg,glioma,train,train/glioma/Te-gl_0177.jpg
G_712_SP_.jpg,glioma,train,train/glioma/G_712_SP_.jpg
gg (582).jpg,glioma,train,train/glioma/gg (582).jpg
Tr-gl_0682.jpg,glioma,train,train/glioma/Tr-gl_0682.jpg
gg (428).jpg,glioma,train,train/glioma/gg (428).jpg
Tr-gl_1211.jpg,glioma,train,train/glioma/Tr-gl_1211.jpg
G_786_DA_.jpg,glioma,train,train/glioma/G_786_DA_.jpg
G_884_VF_.jpg,glioma,train,train/glioma/G_884_VF_.jpg
Tr-gl_1205.jpg,glioma,train,train/glioma/Tr-gl_1205.jpg
G_796_DA_.jpg,glioma,train,train/glioma/G_796_DA_.jpg
Tr-gl_0133.jpg,glioma,train,train/glioma/Tr-gl_0133.jpg
gg (644).jpg,glioma,train,train/glioma/gg (644).jpg
G_758_VF_.jpg,glioma,train,train/glioma/G_758_VF_.jpg
G_765_HF_.jpg,glioma,train,train/glioma/G_765_HF_.jpg
G_748_VF_.jpg,glioma,train,train/glioma/G_748_VF_.jpg
Tr-gl_0899.jpg,glioma,train,train/glioma/Tr-gl_0899.jpg
G_775_HF_.jpg,glioma,train,train/glioma/G_775_HF_.jpg
Te-gl_0188.jpg,glioma,train,train/glioma/Te-gl_0188.jpg
Tr-gl_1239.jpg,glioma,train,train/glioma/Tr-gl_1239.jpg
Tr-gl_0127.jpg,glioma,train,train/glioma/Tr-gl_0127.jpg
G_707_HF_.jpg,glioma,train,train/glioma/G_707_HF_.jpg
G_828_DA_.jpg,glioma,train,train/glioma/G_828_DA_.jpg
Tr-gl_0906.jpg,glioma,train,train/glioma/Tr-gl_0906.jpg
Tr-gl_0912.jpg,glioma,train,train/glioma/Tr-gl_0912.jpg
G_838_DA_.jpg,glioma,train,train/glioma/G_838_DA_.jpg
G_717_HF_.jpg,glioma,train,train/glioma/G_717_HF_.jpg
Tr-gl_0084.jpg,glioma,train,train/glioma/Tr-gl_0084.jpg
gg (594).jpg,glioma,train,train/glioma/gg (594).jpg
Tr-gl_0090.jpg,glioma,train,train/glioma/Tr-gl_0090.jpg
gg (347).jpg,glioma,train,train/glioma/gg (347).jpg
G_770_SP_.jpg,glioma,train,train/glioma/G_770_SP_.jpg
G_760_SP_.jpg,glioma,train,train/glioma/G_760_SP_.jpg
G_841_RO_.jpg,glioma,train,train/glioma/G_841_RO_.jpg
G_851_RO_.jpg,glioma,train,train/glioma/G_851_RO_.jpg
gg (486).jpg,glioma,train,train/glioma/gg (486).jpg
G_820.jpg,glioma,train,train/glioma/G_820.jpg
G_734_RO_.jpg,glioma,train,train/glioma/G_734_RO_.jpg
Te-gl_0215.jpg,glioma,train,train/glioma/Te-gl_0215.jpg
Te-gl_0201.jpg,glioma,train,train/glioma/Te-gl_0201.jpg
G_834.jpg,glioma,train,train/glioma/G_834.jpg
G_724_RO_.jpg,glioma,train,train/glioma/G_724_RO_.jpg
Tr-gl_0286.jpg,glioma,train,train/glioma/Tr-gl_0286.jpg
G_805_SP_.jpg,glioma,train,train/glioma/G_805_SP_.jpg
Te-gl_0229.jpg,glioma,train,train/glioma/Te-gl_0229.jpg
G_808.jpg,glioma,train,train/glioma/G_808.jpg
Tr-gl_0292.jpg,glioma,train,train/glioma/Tr-gl_0292.jpg
gg (469).jpg,glioma,train,train/glioma/gg (469).jpg
G_815_SP_.jpg,glioma,train,train/glioma/G_815_SP_.jpg
G_783_VF_.jpg,glioma,train,train/glioma/G_783_VF_.jpg
G_891_DA_.jpg,glioma,train,train/glioma/G_891_DA_.jpg
Tr-gl_1167.jpg,glioma,train,train/glioma/Tr-gl_1167.jpg
Tr-gl_0279.jpg,glioma,train,train/glioma/Tr-gl_0279.jpg
G_779_BR_.jpg,glioma,train,train/glioma/G_779_BR_.jpg
G_793_VF_.jpg,glioma,train,train/glioma/G_793_VF_.jpg
Tr-gl_1173.jpg,glioma,train,train/glioma/Tr-gl_1173.jpg
G_881_DA_.jpg,glioma,train,train/glioma/G_881_DA_.jpg
G_769_BR_.jpg,glioma,train,train/glioma/G_769_BR_.jpg
Tr-gl_0523.jpg,glioma,train,train/glioma/Tr-gl_0523.jpg
image(83).jpg,glioma,train,train/glioma/image(83).jpg
gg (605).jpg,glioma,train,train/glioma/gg (605).jpg
G_872_HF_.jpg,glioma,train,train/glioma/G_872_HF_.jpg
Tr-gl_0245.jpg,glioma,train,train/glioma/Tr-gl_0245.jpg
Tr-gl_0251.jpg,glioma,train,train/glioma/Tr-gl_0251.jpg
Tr-gl_0537.jpg,glioma,train,train/glioma/Tr-gl_0537.jpg
G_862_HF_.jpg,glioma,train,train/glioma/G_862_HF_.jpg
G_890.jpg,glioma,train,train/glioma/G_890.jpg
gg (527).jpg,glioma,train,train/glioma/gg (527).jpg
Tr-gl_1114.jpg,glioma,train,train/glioma/Tr-gl_1114.jpg
G_726_SP_.jpg,glioma,train,train/glioma/G_726_SP_.jpg
Tr-gl_0578.jpg,glioma,train,train/glioma/Tr-gl_0578.jpg
Tr-gl_1100.jpg,glioma,train,train/glioma/Tr-gl_1100.jpg
G_736_SP_.jpg,glioma,train,train/glioma/G_736_SP_.jpg
G_884.jpg,glioma,train,train/glioma/G_884.jpg
Tr-gl_0236.jpg,glioma,train,train/glioma/Tr-gl_0236.jpg
Te-gl_0299.jpg,glioma,train,train/glioma/Te-gl_0299.jpg
Tr-gl_1128.jpg,glioma,train,train/glioma/Tr-gl_1128.jpg
G_817_RO_.jpg,glioma,train,train/glioma/G_817_RO_.jpg
Tr-gl_0550.jpg,glioma,train,train/glioma/Tr-gl_0550.jpg
gg (462).jpg,glioma,train,train/glioma/gg (462).jpg
Tr-gl_0544.jpg,glioma,train,train/glioma/Tr-gl_0544.jpg
Tr-gl_0222.jpg,glioma,train,train/glioma/Tr-gl_0222.jpg
G_807_RO_.jpg,glioma,train,train/glioma/G_807_RO_.jpg
G_853.jpg,glioma,train,train/glioma/G_853.jpg
G_751_HF_.jpg,glioma,train,train/glioma/G_751_HF_.jpg
G_796_BR_.jpg,glioma,train,train/glioma/G_796_BR_.jpg
image(67).jpg,glioma,train,train/glioma/image(67).jpg
G_847.jpg,glioma,train,train/glioma/G_847.jpg
G_786_BR_.jpg,glioma,train,train/glioma/G_786_BR_.jpg
G_741_HF_.jpg,glioma,train,train/glioma/G_741_HF_.jpg
Tr-gl_0593.jpg,glioma,train,train/glioma/Tr-gl_0593.jpg
image(88).jpg,glioma,train,train/glioma/image(88).jpg
Tr-gl_0587.jpg,glioma,train,train/glioma/Tr-gl_0587.jpg
gg (570).jpg,glioma,train,train/glioma/gg (570).jpg
G_819_VF_.jpg,glioma,train,train/glioma/G_819_VF_.jpg
G_824_HF_.jpg,glioma,train,train/glioma/G_824_HF_.jpg
gg (435).jpg,glioma,train,train/glioma/gg (435).jpg
Tr-gl_0034.jpg,glioma,train,train/glioma/Tr-gl_0034.jpg
G_809_VF_.jpg,glioma,train,train/glioma/G_809_VF_.jpg
G_834_HF_.jpg,glioma,train,train/glioma/G_834_HF_.jpg
Tr-gl_0975.jpg,glioma,train,train/glioma/Tr-gl_0975.jpg
G_762_RO_.jpg,glioma,train,train/glioma/G_762_RO_.jpg
image(30).jpg,glioma,train,train/glioma/image(30).jpg
Te-gl_0064.jpg,glioma,train,train/glioma/Te-gl_0064.jpg
Te-gl_0070.jpg,glioma,train,train/glioma/Te-gl_0070.jpg
Tr-gl_0961.jpg,glioma,train,train/glioma/Tr-gl_0961.jpg
G_772_RO_.jpg,glioma,train,train/glioma/G_772_RO_.jpg
Tr-gl_0949.jpg,glioma,train,train/glioma/Tr-gl_0949.jpg
Te-gl_0058.jpg,glioma,train,train/glioma/Te-gl_0058.jpg
G_853_SP_.jpg,glioma,train,train/glioma/G_853_SP_.jpg
G_843_SP_.jpg,glioma,train,train/glioma/G_843_SP_.jpg
gg (566).jpg,glioma,train,train/glioma/gg (566).jpg
Tr-gl_1262.jpg,glioma,train,train/glioma/Tr-gl_1262.jpg
G_831_SP_.jpg,glioma,train,train/glioma/G_831_SP_.jpg
Tr-gl_0168.jpg,glioma,train,train/glioma/Tr-gl_0168.jpg
G_821_SP_.jpg,glioma,train,train/glioma/G_821_SP_.jpg
Tr-gl_0626.jpg,glioma,train,train/glioma/Tr-gl_0626.jpg
Tr-gl_0140.jpg,glioma,train,train/glioma/Tr-gl_0140.jpg
Tr-gl_0154.jpg,glioma,train,train/glioma/Tr-gl_0154.jpg
gg (423).jpg,glioma,train,train/glioma/gg (423).jpg
G_710_RO_.jpg,glioma,train,train/glioma/G_710_RO_.jpg
gg (589).jpg,glioma,train,train/glioma/gg (589).jpg
Tr-gl_0632.jpg,glioma,train,train/glioma/Tr-gl_0632.jpg
Tr-gl_0801.jpg,glioma,train,train/glioma/Tr-gl_0801.jpg
G_881_BR_.jpg,glioma,train,train/glioma/G_881_BR_.jpg
G_769_DA_.jpg,glioma,train,train/glioma/G_769_DA_.jpg
G_846_HF_.jpg,glioma,train,train/glioma/G_846_HF_.jpg
Te-gl_0110.jpg,glioma,train,train/glioma/Te-gl_0110.jpg
Te-gl_0104.jpg,glioma,train,train/glioma/Te-gl_0104.jpg
image(26).jpg,glioma,train,train/glioma/image(26).jpg
G_856_HF_.jpg,glioma,train,train/glioma/G_856_HF_.jpg
G_891_BR_.jpg,glioma,train,train/glioma/G_891_BR_.jpg
G_779_DA_.jpg,glioma,train,train/glioma/G_779_DA_.jpg
Tr-gl_0815.jpg,glioma,train,train/glioma/Tr-gl_0815.jpg
Tr-gl_0183.jpg,glioma,train,train/glioma/Tr-gl_0183.jpg
Te-gl_0138.jpg,glioma,train,train/glioma/Te-gl_0138.jpg
Tr-gl_0197.jpg,glioma,train,train/glioma/Tr-gl_0197.jpg
Tr-gl_0829.jpg,glioma,train,train/glioma/Tr-gl_0829.jpg
Tr-gl_1060.jpg,glioma,train,train/glioma/Tr-gl_1060.jpg
Tr-gl_0418.jpg,glioma,train,train/glioma/Tr-gl_0418.jpg
G_838_BR_.jpg,glioma,train,train/glioma/G_838_BR_.jpg
Tr-gl_1074.jpg,glioma,train,train/glioma/Tr-gl_1074.jpg
gg (531).jpg,glioma,train,train/glioma/gg (531).jpg
G_828_BR_.jpg,glioma,train,train/glioma/G_828_BR_.jpg
G_728.jpg,glioma,train,train/glioma/G_728.jpg
Tr-gl_0342.jpg,glioma,train,train/glioma/Tr-gl_0342.jpg
Tr-gl_0424.jpg,glioma,train,train/glioma/Tr-gl_0424.jpg
gg (474).jpg,glioma,train,train/glioma/gg (474).jpg
G_733_HF_.jpg,glioma,train,train/glioma/G_733_HF_.jpg
Tr-gl_0430.jpg,glioma,train,train/glioma/Tr-gl_0430.jpg
G_723_HF_.jpg,glioma,train,train/glioma/G_723_HF_.jpg
G_714.jpg,glioma,train,train/glioma/G_714.jpg
Tr-gl_1048.jpg,glioma,train,train/glioma/Tr-gl_1048.jpg
Tr-gl_0356.jpg,glioma,train,train/glioma/Tr-gl_0356.jpg
G_888_SP_.jpg,glioma,train,train/glioma/G_888_SP_.jpg
image(71).jpg,glioma,train,train/glioma/image(71).jpg
G_875_RO_.jpg,glioma,train,train/glioma/G_875_RO_.jpg
G_865_RO_.jpg,glioma,train,train/glioma/G_865_RO_.jpg
Tr-gl_0381.jpg,glioma,train,train/glioma/Tr-gl_0381.jpg
G_744_SP_.jpg,glioma,train,train/glioma/G_744_SP_.jpg
gg (618).jpg,glioma,train,train/glioma/gg (618).jpg
G_754_SP_.jpg,glioma,train,train/glioma/G_754_SP_.jpg
Tr-gl_0395.jpg,glioma,train,train/glioma/Tr-gl_0395.jpg
Tr-gl_0394.jpg,glioma,train,train/glioma/Tr-gl_0394.jpg
Tr-gl_0380.jpg,glioma,train,train/glioma/Tr-gl_0380.jpg
G_891_RO_.jpg,glioma,train,train/glioma/G_891_RO_.jpg
G_881_RO_.jpg,glioma,train,train/glioma/G_881_RO_.jpg
Tr-gl_0431.jpg,glioma,train,train/glioma/Tr-gl_0431.jpg
Tr-gl_0357.jpg,glioma,train,train/glioma/Tr-gl_0357.jpg
G_710_BR_.jpg,glioma,train,train/glioma/G_710_BR_.jpg
Tr-gl_1049.jpg,glioma,train,train/glioma/Tr-gl_1049.jpg
G_715.jpg,glioma,train,train/glioma/G_715.jpg
gg (663).jpg,glioma,train,train/glioma/gg (663).jpg
Tr-gl_0343.jpg,glioma,train,train/glioma/Tr-gl_0343.jpg
gg (399).jpg,glioma,train,train/glioma/gg (399).jpg
Tr-gl_0425.jpg,glioma,train,train/glioma/Tr-gl_0425.jpg
G_826_VF_.jpg,glioma,train,train/glioma/G_826_VF_.jpg
G_729.jpg,glioma,train,train/glioma/G_729.jpg
G_734_DA_.jpg,glioma,train,train/glioma/G_734_DA_.jpg
gg (376).jpg,glioma,train,train/glioma/gg (376).jpg
Tr-gl_1075.jpg,glioma,train,train/glioma/Tr-gl_1075.jpg
Tr-gl_1061.jpg,glioma,train,train/glioma/Tr-gl_1061.jpg
G_836_VF_.jpg,glioma,train,train/glioma/G_836_VF_.jpg
G_724_DA_.jpg,glioma,train,train/glioma/G_724_DA_.jpg
Tr-gl_0419.jpg,glioma,train,train/glioma/Tr-gl_0419.jpg
G_753_VF_.jpg,glioma,train,train/glioma/G_753_VF_.jpg
Tr-gl_0196.jpg,glioma,train,train/glioma/Tr-gl_0196.jpg
Te-gl_0139.jpg,glioma,train,train/glioma/Te-gl_0139.jpg
Tr-gl_0828.jpg,glioma,train,train/glioma/Tr-gl_0828.jpg
G_841_DA_.jpg,glioma,train,train/glioma/G_841_DA_.jpg
gg (458).jpg,glioma,train,train/glioma/gg (458).jpg
G_743_VF_.jpg,glioma,train,train/glioma/G_743_VF_.jpg
G_851_DA_.jpg,glioma,train,train/glioma/G_851_DA_.jpg
Tr-gl_0182.jpg,glioma,train,train/glioma/Tr-gl_0182.jpg
Te-gl_0105.jpg,glioma,train,train/glioma/Te-gl_0105.jpg
Tr-gl_0814.jpg,glioma,train,train/glioma/Tr-gl_0814.jpg
gg (47).jpg,glioma,train,train/glioma/gg (47).jpg
G_865_BR_.jpg,glioma,train,train/glioma/G_865_BR_.jpg
Tr-gl_0800.jpg,glioma,train,train/glioma/Tr-gl_0800.jpg
Te-gl_0111.jpg,glioma,train,train/glioma/Te-gl_0111.jpg
G_875_BR_.jpg,glioma,train,train/glioma/G_875_BR_.jpg
Tr-gl_0155.jpg,glioma,train,train/glioma/Tr-gl_0155.jpg
Tr-gl_0633.jpg,glioma,train,train/glioma/Tr-gl_0633.jpg
G_719_SP_.jpg,glioma,train,train/glioma/G_719_SP_.jpg
gg (634).jpg,glioma,train,train/glioma/gg (634).jpg
Tr-gl_0627.jpg,glioma,train,train/glioma/Tr-gl_0627.jpg
Tr-gl_0141.jpg,glioma,train,train/glioma/Tr-gl_0141.jpg
G_709_SP_.jpg,glioma,train,train/glioma/G_709_SP_.jpg
Tr-gl_0169.jpg,glioma,train,train/glioma/Tr-gl_0169.jpg
G_828_RO_.jpg,glioma,train,train/glioma/G_828_RO_.jpg
Tr-gl_1263.jpg,glioma,train,train/glioma/Tr-gl_1263.jpg
G_838_RO_.jpg,glioma,train,train/glioma/G_838_RO_.jpg
Tr-gl_0948.jpg,glioma,train,train/glioma/Tr-gl_0948.jpg
Te-gl_0059.jpg,glioma,train,train/glioma/Te-gl_0059.jpg
Te-gl_0071.jpg,glioma,train,train/glioma/Te-gl_0071.jpg
G_786_RO_.jpg,glioma,train,train/glioma/G_786_RO_.jpg
Tr-gl_0960.jpg,glioma,train,train/glioma/Tr-gl_0960.jpg
Tr-gl_0974.jpg,glioma,train,train/glioma/Tr-gl_0974.jpg
gg (51).jpg,glioma,train,train/glioma/gg (51).jpg
Te-gl_0065.jpg,glioma,train,train/glioma/Te-gl_0065.jpg
image(3).jpg,glioma,train,train/glioma/image(3).jpg
G_796_RO_.jpg,glioma,train,train/glioma/G_796_RO_.jpg
G_807_BR_.jpg,glioma,train,train/glioma/G_807_BR_.jpg
gg (622).jpg,glioma,train,train/glioma/gg (622).jpg
Tr-gl_0035.jpg,glioma,train,train/glioma/Tr-gl_0035.jpg
G_817_BR_.jpg,glioma,train,train/glioma/G_817_BR_.jpg
G_731_VF_.jpg,glioma,train,train/glioma/G_731_VF_.jpg
G_823_DA_.jpg,glioma,train,train/glioma/G_823_DA_.jpg
gg (337).jpg,glioma,train,train/glioma/gg (337).jpg
G_721_VF_.jpg,glioma,train,train/glioma/G_721_VF_.jpg
G_833_DA_.jpg,glioma,train,train/glioma/G_833_DA_.jpg
Tr-gl_0586.jpg,glioma,train,train/glioma/Tr-gl_0586.jpg
G_844_VF_.jpg,glioma,train,train/glioma/G_844_VF_.jpg
G_756_DA_.jpg,glioma,train,train/glioma/G_756_DA_.jpg
G_879_HF_.jpg,glioma,train,train/glioma/G_879_HF_.jpg
G_854_VF_.jpg,glioma,train,train/glioma/G_854_VF_.jpg
gg (419).jpg,glioma,train,train/glioma/gg (419).jpg
G_869_HF_.jpg,glioma,train,train/glioma/G_869_HF_.jpg
Tr-gl_0592.jpg,glioma,train,train/glioma/Tr-gl_0592.jpg
G_746_DA_.jpg,glioma,train,train/glioma/G_746_DA_.jpg
G_788_VF_.jpg,glioma,train,train/glioma/G_788_VF_.jpg
G_772_BR_.jpg,glioma,train,train/glioma/G_772_BR_.jpg
G_846.jpg,glioma,train,train/glioma/G_846.jpg
G_852.jpg,glioma,train,train/glioma/G_852.jpg
G_798_VF_.jpg,glioma,train,train/glioma/G_798_VF_.jpg
G_762_BR_.jpg,glioma,train,train/glioma/G_762_BR_.jpg
Tr-gl_0545.jpg,glioma,train,train/glioma/Tr-gl_0545.jpg
G_86_SP_.jpg,glioma,train,train/glioma/G_86_SP_.jpg
Tr-gl_0223.jpg,glioma,train,train/glioma/Tr-gl_0223.jpg
gg (675).jpg,glioma,train,train/glioma/gg (675).jpg
Te-gl_0298.jpg,glioma,train,train/glioma/Te-gl_0298.jpg
Tr-gl_1129.jpg,glioma,train,train/glioma/Tr-gl_1129.jpg
Tr-gl_0237.jpg,glioma,train,train/glioma/Tr-gl_0237.jpg
Tr-gl_0551.jpg,glioma,train,train/glioma/Tr-gl_0551.jpg
Tr-gl_0579.jpg,glioma,train,train/glioma/Tr-gl_0579.jpg
G_885.jpg,glioma,train,train/glioma/G_885.jpg
Tr-gl_1101.jpg,glioma,train,train/glioma/Tr-gl_1101.jpg
Tr-gl_1115.jpg,glioma,train,train/glioma/Tr-gl_1115.jpg
G_891.jpg,glioma,train,train/glioma/G_891.jpg
Tr-gl_1103.jpg,glioma,train,train/glioma/Tr-gl_1103.jpg
G_887.jpg,glioma,train,train/glioma/G_887.jpg
G_828_SP_.jpg,glioma,train,train/glioma/G_828_SP_.jpg
Tr-gl_0209.jpg,glioma,train,train/glioma/Tr-gl_0209.jpg
G_838_SP_.jpg,glioma,train,train/glioma/G_838_SP_.jpg
Tr-gl_1117.jpg,glioma,train,train/glioma/Tr-gl_1117.jpg
Tr-gl_0221.jpg,glioma,train,train/glioma/Tr-gl_0221.jpg
G_719_RO_.jpg,glioma,train,train/glioma/G_719_RO_.jpg
Tr-gl_0547.jpg,glioma,train,train/glioma/Tr-gl_0547.jpg
image(84).jpg,glioma,train,train/glioma/image(84).jpg
gg (602).jpg,glioma,train,train/glioma/gg (602).jpg
Tr-gl_0553.jpg,glioma,train,train/glioma/Tr-gl_0553.jpg
Tr-gl_0235.jpg,glioma,train,train/glioma/Tr-gl_0235.jpg
G_709_RO_.jpg,glioma,train,train/glioma/G_709_RO_.jpg
G_844.jpg,glioma,train,train/glioma/G_844.jpg
G_862_VF_.jpg,glioma,train,train/glioma/G_862_VF_.jpg
G_770_DA_.jpg,glioma,train,train/glioma/G_770_DA_.jpg
gg (481).jpg,glioma,train,train/glioma/gg (481).jpg
G_872_VF_.jpg,glioma,train,train/glioma/G_872_VF_.jpg
G_888_BR_.jpg,glioma,train,train/glioma/G_888_BR_.jpg
G_760_DA_.jpg,glioma,train,train/glioma/G_760_DA_.jpg
G_850.jpg,glioma,train,train/glioma/G_850.jpg
G_878.jpg,glioma,train,train/glioma/G_878.jpg
G_754_BR_.jpg,glioma,train,train/glioma/G_754_BR_.jpg
G_793_HF_.jpg,glioma,train,train/glioma/G_793_HF_.jpg
Tr-gl_0584.jpg,glioma,train,train/glioma/Tr-gl_0584.jpg
Tr-gl_0590.jpg,glioma,train,train/glioma/Tr-gl_0590.jpg
G_783_HF_.jpg,glioma,train,train/glioma/G_783_HF_.jpg
G_744_BR_.jpg,glioma,train,train/glioma/G_744_BR_.jpg
Te-gl_0259.jpg,glioma,train,train/glioma/Te-gl_0259.jpg
G_821_BR_.jpg,glioma,train,train/glioma/G_821_BR_.jpg
gg (340).jpg,glioma,train,train/glioma/gg (340).jpg
G_831_BR_.jpg,glioma,train,train/glioma/G_831_BR_.jpg
G_717_VF_.jpg,glioma,train,train/glioma/G_717_VF_.jpg
G_805_DA_.jpg,glioma,train,train/glioma/G_805_DA_.jpg
G_707_VF_.jpg,glioma,train,train/glioma/G_707_VF_.jpg
Te-gl_0098.jpg,glioma,train,train/glioma/Te-gl_0098.jpg
Tr-gl_0037.jpg,glioma,train,train/glioma/Tr-gl_0037.jpg
G_815_DA_.jpg,glioma,train,train/glioma/G_815_DA_.jpg
Tr-gl_0989.jpg,glioma,train,train/glioma/Tr-gl_0989.jpg
Tr-gl_0962.jpg,glioma,train,train/glioma/Tr-gl_0962.jpg
Te-gl_0073.jpg,glioma,train,train/glioma/Te-gl_0073.jpg
G_891_SP_.jpg,glioma,train,train/glioma/G_891_SP_.jpg
Te-gl_0067.jpg,glioma,train,train/glioma/Te-gl_0067.jpg
G_881_SP_.jpg,glioma,train,train/glioma/G_881_SP_.jpg
Tr-gl_0976.jpg,glioma,train,train/glioma/Tr-gl_0976.jpg
gg (439).jpg,glioma,train,train/glioma/gg (439).jpg
gg (593).jpg,glioma,train,train/glioma/gg (593).jpg
Tr-gl_0792.jpg,glioma,train,train/glioma/Tr-gl_0792.jpg
Tr-gl_1261.jpg,glioma,train,train/glioma/Tr-gl_1261.jpg
Tr-gl_0619.jpg,glioma,train,train/glioma/Tr-gl_0619.jpg
Tr-gl_0631.jpg,glioma,train,train/glioma/Tr-gl_0631.jpg
Tr-gl_0157.jpg,glioma,train,train/glioma/Tr-gl_0157.jpg
G_86_RO_.jpg,glioma,train,train/glioma/G_86_RO_.jpg
gg (643).jpg,glioma,train,train/glioma/gg (643).jpg
Tr-gl_0143.jpg,glioma,train,train/glioma/Tr-gl_0143.jpg
Tr-gl_0625.jpg,glioma,train,train/glioma/Tr-gl_0625.jpg
G_775_VF_.jpg,glioma,train,train/glioma/G_775_VF_.jpg
Tr-gl_0816.jpg,glioma,train,train/glioma/Tr-gl_0816.jpg
G_867_DA_.jpg,glioma,train,train/glioma/G_867_DA_.jpg
Te-gl_0107.jpg,glioma,train,train/glioma/Te-gl_0107.jpg
G_748_HF_.jpg,glioma,train,train/glioma/G_748_HF_.jpg
G_765_VF_.jpg,glioma,train,train/glioma/G_765_VF_.jpg
Te-gl_0113.jpg,glioma,train,train/glioma/Te-gl_0113.jpg
Tr-gl_0802.jpg,glioma,train,train/glioma/Tr-gl_0802.jpg
G_758_HF_.jpg,glioma,train,train/glioma/G_758_HF_.jpg
G_877_DA_.jpg,glioma,train,train/glioma/G_877_DA_.jpg
gg (585).jpg,glioma,train,train/glioma/gg (585).jpg
G_884_HF_.jpg,glioma,train,train/glioma/G_884_HF_.jpg
G_843_BR_.jpg,glioma,train,train/glioma/G_843_BR_.jpg
Tr-gl_0194.jpg,glioma,train,train/glioma/Tr-gl_0194.jpg
Tr-gl_0180.jpg,glioma,train,train/glioma/Tr-gl_0180.jpg
G_853_BR_.jpg,glioma,train,train/glioma/G_853_BR_.jpg
Tr-gl_1077.jpg,glioma,train,train/glioma/Tr-gl_1077.jpg
Tr-gl_0369.jpg,glioma,train,train/glioma/Tr-gl_0369.jpg
G_736_BR_.jpg,glioma,train,train/glioma/G_736_BR_.jpg
G_726_BR_.jpg,glioma,train,train/glioma/G_726_BR_.jpg
Tr-gl_1063.jpg,glioma,train,train/glioma/Tr-gl_1063.jpg
G_88_VF_.jpg,glioma,train,train/glioma/G_88_VF_.jpg
G_717.jpg,glioma,train,train/glioma/G_717.jpg
G_800_VF_.jpg,glioma,train,train/glioma/G_800_VF_.jpg
Tr-gl_0355.jpg,glioma,train,train/glioma/Tr-gl_0355.jpg
Tr-gl_0433.jpg,glioma,train,train/glioma/Tr-gl_0433.jpg
G_712_DA_.jpg,glioma,train,train/glioma/G_712_DA_.jpg
gg (614).jpg,glioma,train,train/glioma/gg (614).jpg
G_810_VF_.jpg,glioma,train,train/glioma/G_810_VF_.jpg
Tr-gl_0427.jpg,glioma,train,train/glioma/Tr-gl_0427.jpg
Tr-gl_0341.jpg,glioma,train,train/glioma/Tr-gl_0341.jpg
gg (497).jpg,glioma,train,train/glioma/gg (497).jpg
G_786_SP_.jpg,glioma,train,train/glioma/G_786_SP_.jpg
G_796_SP_.jpg,glioma,train,train/glioma/G_796_SP_.jpg
Tr-gl_0396.jpg,glioma,train,train/glioma/Tr-gl_0396.jpg
Tr-gl_1088.jpg,glioma,train,train/glioma/Tr-gl_1088.jpg
gg (478).jpg,glioma,train,train/glioma/gg (478).jpg
Tr-gl_0382.jpg,glioma,train,train/glioma/Tr-gl_0382.jpg
G_853_RO_.jpg,glioma,train,train/glioma/G_853_RO_.jpg
Tr-gl_0383.jpg,glioma,train,train/glioma/Tr-gl_0383.jpg
gg (395).jpg,glioma,train,train/glioma/gg (395).jpg
Tr-gl_1089.jpg,glioma,train,train/glioma/Tr-gl_1089.jpg
Tr-gl_0397.jpg,glioma,train,train/glioma/Tr-gl_0397.jpg
G_843_RO_.jpg,glioma,train,train/glioma/G_843_RO_.jpg
G_762_SP_.jpg,glioma,train,train/glioma/G_762_SP_.jpg
G_772_SP_.jpg,glioma,train,train/glioma/G_772_SP_.jpg
Tr-gl_0426.jpg,glioma,train,train/glioma/Tr-gl_0426.jpg
Tr-gl_0340.jpg,glioma,train,train/glioma/Tr-gl_0340.jpg
Tr-gl_0354.jpg,glioma,train,train/glioma/Tr-gl_0354.jpg
gg (403).jpg,glioma,train,train/glioma/gg (403).jpg
G_716.jpg,glioma,train,train/glioma/G_716.jpg
G_86_BR_.jpg,glioma,train,train/glioma/G_86_BR_.jpg
Tr-gl_0432.jpg,glioma,train,train/glioma/Tr-gl_0432.jpg
G_728_VF_.jpg,glioma,train,train/glioma/G_728_VF_.jpg
gg (546).jpg,glioma,train,train/glioma/gg (546).jpg
G_715_HF_.jpg,glioma,train,train/glioma/G_715_HF_.jpg
Tr-gl_1062.jpg,glioma,train,train/glioma/Tr-gl_1062.jpg
Tr-gl_0368.jpg,glioma,train,train/glioma/Tr-gl_0368.jpg
G_738_VF_.jpg,glioma,train,train/glioma/G_738_VF_.jpg
Tr-gl_1076.jpg,glioma,train,train/glioma/Tr-gl_1076.jpg
G_705_HF_.jpg,glioma,train,train/glioma/G_705_HF_.jpg
Tr-gl_0181.jpg,glioma,train,train/glioma/Tr-gl_0181.jpg
G_860_HF_.jpg,glioma,train,train/glioma/G_860_HF_.jpg
gg (638).jpg,glioma,train,train/glioma/gg (638).jpg
Tr-gl_0195.jpg,glioma,train,train/glioma/Tr-gl_0195.jpg
G_870_HF_.jpg,glioma,train,train/glioma/G_870_HF_.jpg
Te-gl_0112.jpg,glioma,train,train/glioma/Te-gl_0112.jpg
G_791_VF_.jpg,glioma,train,train/glioma/G_791_VF_.jpg
G_883_DA_.jpg,glioma,train,train/glioma/G_883_DA_.jpg
Tr-gl_0803.jpg,glioma,train,train/glioma/Tr-gl_0803.jpg
Tr-gl_0817.jpg,glioma,train,train/glioma/Tr-gl_0817.jpg
G_781_VF_.jpg,glioma,train,train/glioma/G_781_VF_.jpg
Te-gl_0106.jpg,glioma,train,train/glioma/Te-gl_0106.jpg
Tr-gl_0142.jpg,glioma,train,train/glioma/Tr-gl_0142.jpg
G_817_SP_.jpg,glioma,train,train/glioma/G_817_SP_.jpg
Tr-gl_0624.jpg,glioma,train,train/glioma/Tr-gl_0624.jpg
gg (454).jpg,glioma,train,train/glioma/gg (454).jpg
Tr-gl_0630.jpg,glioma,train,train/glioma/Tr-gl_0630.jpg
G_807_SP_.jpg,glioma,train,train/glioma/G_807_SP_.jpg
Tr-gl_0156.jpg,glioma,train,train/glioma/Tr-gl_0156.jpg
Tr-gl_1260.jpg,glioma,train,train/glioma/Tr-gl_1260.jpg
Tr-gl_0618.jpg,glioma,train,train/glioma/Tr-gl_0618.jpg
G_726_RO_.jpg,glioma,train,train/glioma/G_726_RO_.jpg
gg (511).jpg,glioma,train,train/glioma/gg (511).jpg
G_736_RO_.jpg,glioma,train,train/glioma/G_736_RO_.jpg
Tr-gl_0793.jpg,glioma,train,train/glioma/Tr-gl_0793.jpg
G_744_RO_.jpg,glioma,train,train/glioma/G_744_RO_.jpg
G_754_RO_.jpg,glioma,train,train/glioma/G_754_RO_.jpg
Te-gl_0066.jpg,glioma,train,train/glioma/Te-gl_0066.jpg
G_888_RO_.jpg,glioma,train,train/glioma/G_888_RO_.jpg
G_875_SP_.jpg,glioma,train,train/glioma/G_875_SP_.jpg
Tr-gl_0977.jpg,glioma,train,train/glioma/Tr-gl_0977.jpg
Tr-gl_0963.jpg,glioma,train,train/glioma/Tr-gl_0963.jpg
G_865_SP_.jpg,glioma,train,train/glioma/G_865_SP_.jpg
Te-gl_0072.jpg,glioma,train,train/glioma/Te-gl_0072.jpg
Tr-gl_0036.jpg,glioma,train,train/glioma/Tr-gl_0036.jpg
Te-gl_0099.jpg,glioma,train,train/glioma/Te-gl_0099.jpg
G_709_BR_.jpg,glioma,train,train/glioma/G_709_BR_.jpg
Tr-gl_0988.jpg,glioma,train,train/glioma/Tr-gl_0988.jpg
gg (442).jpg,glioma,train,train/glioma/gg (442).jpg
G_719_BR_.jpg,glioma,train,train/glioma/G_719_BR_.jpg
gg (507).jpg,glioma,train,train/glioma/gg (507).jpg
G_802_HF_.jpg,glioma,train,train/glioma/G_802_HF_.jpg
G_812_HF_.jpg,glioma,train,train/glioma/G_812_HF_.jpg
Tr-gl_0591.jpg,glioma,train,train/glioma/Tr-gl_0591.jpg
G_858_DA_.jpg,glioma,train,train/glioma/G_858_DA_.jpg
Te-gl_0258.jpg,glioma,train,train/glioma/Te-gl_0258.jpg
G_777_HF_.jpg,glioma,train,train/glioma/G_777_HF_.jpg
G_879.jpg,glioma,train,train/glioma/G_879.jpg
gg (383).jpg,glioma,train,train/glioma/gg (383).jpg
Tr-gl_0585.jpg,glioma,train,train/glioma/Tr-gl_0585.jpg
G_767_HF_.jpg,glioma,train,train/glioma/G_767_HF_.jpg
G_848_DA_.jpg,glioma,train,train/glioma/G_848_DA_.jpg
G_886_VF_.jpg,glioma,train,train/glioma/G_886_VF_.jpg
image(10).jpg,glioma,train,train/glioma/image(10).jpg
G_851.jpg,glioma,train,train/glioma/G_851.jpg
G_794_DA_.jpg,glioma,train,train/glioma/G_794_DA_.jpg
G_845.jpg,glioma,train,train/glioma/G_845.jpg
G_784_DA_.jpg,glioma,train,train/glioma/G_784_DA_.jpg
Tr-gl_0552.jpg,glioma,train,train/glioma/Tr-gl_0552.jpg
gg (415).jpg,glioma,train,train/glioma/gg (415).jpg
Tr-gl_0234.jpg,glioma,train,train/glioma/Tr-gl_0234.jpg
Tr-gl_0220.jpg,glioma,train,train/glioma/Tr-gl_0220.jpg
G_710_SP_.jpg,glioma,train,train/glioma/G_710_SP_.jpg
Tr-gl_0546.jpg,glioma,train,train/glioma/Tr-gl_0546.jpg
Tr-gl_1116.jpg,glioma,train,train/glioma/Tr-gl_1116.jpg
Tr-gl_0208.jpg,glioma,train,train/glioma/Tr-gl_0208.jpg
G_831_RO_.jpg,glioma,train,train/glioma/G_831_RO_.jpg
G_886.jpg,glioma,train,train/glioma/G_886.jpg
Tr-gl_1102.jpg,glioma,train,train/glioma/Tr-gl_1102.jpg
gg (550).jpg,glioma,train,train/glioma/gg (550).jpg
G_821_RO_.jpg,glioma,train,train/glioma/G_821_RO_.jpg
Tr-gl_0542.jpg,glioma,train,train/glioma/Tr-gl_0542.jpg
G_814_DA_.jpg,glioma,train,train/glioma/G_814_DA_.jpg
Tr-gl_0224.jpg,glioma,train,train/glioma/Tr-gl_0224.jpg
gg (414).jpg,glioma,train,train/glioma/gg (414).jpg
G_706_VF_.jpg,glioma,train,train/glioma/G_706_VF_.jpg
Tr-gl_0230.jpg,glioma,train,train/glioma/Tr-gl_0230.jpg
G_804_DA_.jpg,glioma,train,train/glioma/G_804_DA_.jpg
G_716_VF_.jpg,glioma,train,train/glioma/G_716_VF_.jpg
Tr-gl_0556.jpg,glioma,train,train/glioma/Tr-gl_0556.jpg
G_830_BR_.jpg,glioma,train,train/glioma/G_830_BR_.jpg
Tr-gl_0218.jpg,glioma,train,train/glioma/Tr-gl_0218.jpg
Tr-gl_1106.jpg,glioma,train,train/glioma/Tr-gl_1106.jpg
G_882.jpg,glioma,train,train/glioma/G_882.jpg
G_820_BR_.jpg,glioma,train,train/glioma/G_820_BR_.jpg
G_896.jpg,glioma,train,train/glioma/G_896.jpg
Tr-gl_1112.jpg,glioma,train,train/glioma/Tr-gl_1112.jpg
gg (551).jpg,glioma,train,train/glioma/gg (551).jpg
Tr-gl_0581.jpg,glioma,train,train/glioma/Tr-gl_0581.jpg
Te-gl_0248.jpg,glioma,train,train/glioma/Te-gl_0248.jpg
G_869.jpg,glioma,train,train/glioma/G_869.jpg
gg (382).jpg,glioma,train,train/glioma/gg (382).jpg
Tr-gl_0595.jpg,glioma,train,train/glioma/Tr-gl_0595.jpg
G_880_SP_.jpg,glioma,train,train/glioma/G_880_SP_.jpg
G_841.jpg,glioma,train,train/glioma/G_841.jpg
image(11).jpg,glioma,train,train/glioma/image(11).jpg
Te-gl_0260.jpg,glioma,train,train/glioma/Te-gl_0260.jpg
G_855.jpg,glioma,train,train/glioma/G_855.jpg
G_890_SP_.jpg,glioma,train,train/glioma/G_890_SP_.jpg
Te-gl_0089.jpg,glioma,train,train/glioma/Te-gl_0089.jpg
G_708_RO_.jpg,glioma,train,train/glioma/G_708_RO_.jpg
Tr-gl_0998.jpg,glioma,train,train/glioma/Tr-gl_0998.jpg
G_718_RO_.jpg,glioma,train,train/glioma/G_718_RO_.jpg
gg (443).jpg,glioma,train,train/glioma/gg (443).jpg
Tr-gl_0032.jpg,glioma,train,train/glioma/Tr-gl_0032.jpg
G_839_SP_.jpg,glioma,train,train/glioma/G_839_SP_.jpg
gg (506).jpg,glioma,train,train/glioma/gg (506).jpg
G_829_SP_.jpg,glioma,train,train/glioma/G_829_SP_.jpg
G_782_HF_.jpg,glioma,train,train/glioma/G_782_HF_.jpg
G_745_BR_.jpg,glioma,train,train/glioma/G_745_BR_.jpg
G_755_BR_.jpg,glioma,train,train/glioma/G_755_BR_.jpg
G_792_HF_.jpg,glioma,train,train/glioma/G_792_HF_.jpg
Tr-gl_0797.jpg,glioma,train,train/glioma/Tr-gl_0797.jpg
G_761_DA_.jpg,glioma,train,train/glioma/G_761_DA_.jpg
G_889_BR_.jpg,glioma,train,train/glioma/G_889_BR_.jpg
Te-gl_0076.jpg,glioma,train,train/glioma/Te-gl_0076.jpg
G_873_VF_.jpg,glioma,train,train/glioma/G_873_VF_.jpg
Tr-gl_0967.jpg,glioma,train,train/glioma/Tr-gl_0967.jpg
Tr-gl_0973.jpg,glioma,train,train/glioma/Tr-gl_0973.jpg
G_771_DA_.jpg,glioma,train,train/glioma/G_771_DA_.jpg
G_863_VF_.jpg,glioma,train,train/glioma/G_863_VF_.jpg
Te-gl_0062.jpg,glioma,train,train/glioma/Te-gl_0062.jpg
Tr-gl_0152.jpg,glioma,train,train/glioma/Tr-gl_0152.jpg
G_811_VF_.jpg,glioma,train,train/glioma/G_811_VF_.jpg
gg (455).jpg,glioma,train,train/glioma/gg (455).jpg
Tr-gl_0634.jpg,glioma,train,train/glioma/Tr-gl_0634.jpg
G_713_DA_.jpg,glioma,train,train/glioma/G_713_DA_.jpg
Tr-gl_0620.jpg,glioma,train,train/glioma/Tr-gl_0620.jpg
G_801_VF_.jpg,glioma,train,train/glioma/G_801_VF_.jpg
Tr-gl_0146.jpg,glioma,train,train/glioma/Tr-gl_0146.jpg
G_727_BR_.jpg,glioma,train,train/glioma/G_727_BR_.jpg
Tr-gl_0608.jpg,glioma,train,train/glioma/Tr-gl_0608.jpg
G_737_BR_.jpg,glioma,train,train/glioma/G_737_BR_.jpg
gg (510).jpg,glioma,train,train/glioma/gg (510).jpg
Tr-gl_1264.jpg,glioma,train,train/glioma/Tr-gl_1264.jpg
Tr-gl_0191.jpg,glioma,train,train/glioma/Tr-gl_0191.jpg
gg (639).jpg,glioma,train,train/glioma/gg (639).jpg
Tr-gl_0185.jpg,glioma,train,train/glioma/Tr-gl_0185.jpg
Te-gl_0102.jpg,glioma,train,train/glioma/Te-gl_0102.jpg
G_797_SP_.jpg,glioma,train,train/glioma/G_797_SP_.jpg
Tr-gl_0813.jpg,glioma,train,train/glioma/Tr-gl_0813.jpg
G_787_SP_.jpg,glioma,train,train/glioma/G_787_SP_.jpg
Tr-gl_0807.jpg,glioma,train,train/glioma/Tr-gl_0807.jpg
Te-gl_0116.jpg,glioma,train,train/glioma/Te-gl_0116.jpg
Tr-gl_0436.jpg,glioma,train,train/glioma/Tr-gl_0436.jpg
G_712.jpg,glioma,train,train/glioma/G_712.jpg
Tr-gl_0350.jpg,glioma,train,train/glioma/Tr-gl_0350.jpg
gg (402).jpg,glioma,train,train/glioma/gg (402).jpg
Tr-gl_0344.jpg,glioma,train,train/glioma/Tr-gl_0344.jpg
G_87_RO_.jpg,glioma,train,train/glioma/G_87_RO_.jpg
G_706.jpg,glioma,train,train/glioma/G_706.jpg
Tr-gl_0422.jpg,glioma,train,train/glioma/Tr-gl_0422.jpg
gg (547).jpg,glioma,train,train/glioma/gg (547).jpg
Tr-gl_1072.jpg,glioma,train,train/glioma/Tr-gl_1072.jpg
Tr-gl_1066.jpg,glioma,train,train/glioma/Tr-gl_1066.jpg
Tr-gl_0378.jpg,glioma,train,train/glioma/Tr-gl_0378.jpg
G_852_BR_.jpg,glioma,train,train/glioma/G_852_BR_.jpg
Tr-gl_0393.jpg,glioma,train,train/glioma/Tr-gl_0393.jpg
gg (394).jpg,glioma,train,train/glioma/gg (394).jpg
G_885_HF_.jpg,glioma,train,train/glioma/G_885_HF_.jpg
Tr-gl_0387.jpg,glioma,train,train/glioma/Tr-gl_0387.jpg
G_842_BR_.jpg,glioma,train,train/glioma/G_842_BR_.jpg
Tr-gl_1099.jpg,glioma,train,train/glioma/Tr-gl_1099.jpg
G_759_HF_.jpg,glioma,train,train/glioma/G_759_HF_.jpg
G_876_DA_.jpg,glioma,train,train/glioma/G_876_DA_.jpg
G_764_VF_.jpg,glioma,train,train/glioma/G_764_VF_.jpg
G_866_DA_.jpg,glioma,train,train/glioma/G_866_DA_.jpg
G_749_HF_.jpg,glioma,train,train/glioma/G_749_HF_.jpg
G_774_VF_.jpg,glioma,train,train/glioma/G_774_VF_.jpg
gg (496).jpg,glioma,train,train/glioma/gg (496).jpg
G_780_VF_.jpg,glioma,train,train/glioma/G_780_VF_.jpg
G_882_DA_.jpg,glioma,train,train/glioma/G_882_DA_.jpg
G_790_VF_.jpg,glioma,train,train/glioma/G_790_VF_.jpg
Tr-gl_1098.jpg,glioma,train,train/glioma/Tr-gl_1098.jpg
Tr-gl_0386.jpg,glioma,train,train/glioma/Tr-gl_0386.jpg
G_871_HF_.jpg,glioma,train,train/glioma/G_871_HF_.jpg
G_861_HF_.jpg,glioma,train,train/glioma/G_861_HF_.jpg
gg (479).jpg,glioma,train,train/glioma/gg (479).jpg
Tr-gl_0392.jpg,glioma,train,train/glioma/Tr-gl_0392.jpg
Tr-gl_0379.jpg,glioma,train,train/glioma/Tr-gl_0379.jpg
Tr-gl_1067.jpg,glioma,train,train/glioma/Tr-gl_1067.jpg
G_737_RO_.jpg,glioma,train,train/glioma/G_737_RO_.jpg
G_727_RO_.jpg,glioma,train,train/glioma/G_727_RO_.jpg
Tr-gl_1073.jpg,glioma,train,train/glioma/Tr-gl_1073.jpg
G_707.jpg,glioma,train,train/glioma/G_707.jpg
G_806_SP_.jpg,glioma,train,train/glioma/G_806_SP_.jpg
Tr-gl_0345.jpg,glioma,train,train/glioma/Tr-gl_0345.jpg
Tr-gl_0423.jpg,glioma,train,train/glioma/Tr-gl_0423.jpg
gg (615).jpg,glioma,train,train/glioma/gg (615).jpg
G_816_SP_.jpg,glioma,train,train/glioma/G_816_SP_.jpg
Tr-gl_0437.jpg,glioma,train,train/glioma/Tr-gl_0437.jpg
Tr-gl_0351.jpg,glioma,train,train/glioma/Tr-gl_0351.jpg
G_713.jpg,glioma,train,train/glioma/G_713.jpg
Tr-gl_0806.jpg,glioma,train,train/glioma/Tr-gl_0806.jpg
G_773_SP_.jpg,glioma,train,train/glioma/G_773_SP_.jpg
Te-gl_0117.jpg,glioma,train,train/glioma/Te-gl_0117.jpg
G_763_SP_.jpg,glioma,train,train/glioma/G_763_SP_.jpg
Te-gl_0103.jpg,glioma,train,train/glioma/Te-gl_0103.jpg
Tr-gl_0812.jpg,glioma,train,train/glioma/Tr-gl_0812.jpg
gg (584).jpg,glioma,train,train/glioma/gg (584).jpg
G_842_RO_.jpg,glioma,train,train/glioma/G_842_RO_.jpg
Tr-gl_0184.jpg,glioma,train,train/glioma/Tr-gl_0184.jpg
Tr-gl_0190.jpg,glioma,train,train/glioma/Tr-gl_0190.jpg
G_852_RO_.jpg,glioma,train,train/glioma/G_852_RO_.jpg
G_704_HF_.jpg,glioma,train,train/glioma/G_704_HF_.jpg
Tr-gl_1265.jpg,glioma,train,train/glioma/Tr-gl_1265.jpg
G_739_VF_.jpg,glioma,train,train/glioma/G_739_VF_.jpg
G_714_HF_.jpg,glioma,train,train/glioma/G_714_HF_.jpg
G_729_VF_.jpg,glioma,train,train/glioma/G_729_VF_.jpg
Tr-gl_0609.jpg,glioma,train,train/glioma/Tr-gl_0609.jpg
G_87_BR_.jpg,glioma,train,train/glioma/G_87_BR_.jpg
Tr-gl_0621.jpg,glioma,train,train/glioma/Tr-gl_0621.jpg
Tr-gl_1259.jpg,glioma,train,train/glioma/Tr-gl_1259.jpg
Tr-gl_0147.jpg,glioma,train,train/glioma/Tr-gl_0147.jpg
gg (642).jpg,glioma,train,train/glioma/gg (642).jpg
Tr-gl_0153.jpg,glioma,train,train/glioma/Tr-gl_0153.jpg
Tr-gl_0635.jpg,glioma,train,train/glioma/Tr-gl_0635.jpg
G_785_DA_.jpg,glioma,train,train/glioma/G_785_DA_.jpg
Tr-gl_0972.jpg,glioma,train,train/glioma/Tr-gl_0972.jpg
Te-gl_0063.jpg,glioma,train,train/glioma/Te-gl_0063.jpg
Te-gl_0077.jpg,glioma,train,train/glioma/Te-gl_0077.jpg
G_795_DA_.jpg,glioma,train,train/glioma/G_795_DA_.jpg
Tr-gl_0966.jpg,glioma,train,train/glioma/Tr-gl_0966.jpg
G_887_VF_.jpg,glioma,train,train/glioma/G_887_VF_.jpg
Tr-gl_0796.jpg,glioma,train,train/glioma/Tr-gl_0796.jpg
G_766_HF_.jpg,glioma,train,train/glioma/G_766_HF_.jpg
G_849_DA_.jpg,glioma,train,train/glioma/G_849_DA_.jpg
gg (438).jpg,glioma,train,train/glioma/gg (438).jpg
G_859_DA_.jpg,glioma,train,train/glioma/G_859_DA_.jpg
G_776_HF_.jpg,glioma,train,train/glioma/G_776_HF_.jpg
gg (592).jpg,glioma,train,train/glioma/gg (592).jpg
G_820_RO_.jpg,glioma,train,train/glioma/G_820_RO_.jpg
gg (341).jpg,glioma,train,train/glioma/gg (341).jpg
G_830_RO_.jpg,glioma,train,train/glioma/G_830_RO_.jpg
G_711_SP_.jpg,glioma,train,train/glioma/G_711_SP_.jpg
Tr-gl_0033.jpg,glioma,train,train/glioma/Tr-gl_0033.jpg
Te-gl_0088.jpg,glioma,train,train/glioma/Te-gl_0088.jpg
Tr-gl_0999.jpg,glioma,train,train/glioma/Tr-gl_0999.jpg
G_864_SP_.jpg,glioma,train,train/glioma/G_864_SP_.jpg
G_854.jpg,glioma,train,train/glioma/G_854.jpg
Te-gl_0261.jpg,glioma,train,train/glioma/Te-gl_0261.jpg
G_889_RO_.jpg,glioma,train,train/glioma/G_889_RO_.jpg
G_874_SP_.jpg,glioma,train,train/glioma/G_874_SP_.jpg
gg (480).jpg,glioma,train,train/glioma/gg (480).jpg
G_840.jpg,glioma,train,train/glioma/G_840.jpg
G_755_RO_.jpg,glioma,train,train/glioma/G_755_RO_.jpg
G_868.jpg,glioma,train,train/glioma/G_868.jpg
Tr-gl_0594.jpg,glioma,train,train/glioma/Tr-gl_0594.jpg
Tr-gl_0580.jpg,glioma,train,train/glioma/Tr-gl_0580.jpg
G_745_RO_.jpg,glioma,train,train/glioma/G_745_RO_.jpg
Te-gl_0249.jpg,glioma,train,train/glioma/Te-gl_0249.jpg
Tr-gl_1113.jpg,glioma,train,train/glioma/Tr-gl_1113.jpg
G_813_HF_.jpg,glioma,train,train/glioma/G_813_HF_.jpg
G_803_HF_.jpg,glioma,train,train/glioma/G_803_HF_.jpg
G_883.jpg,glioma,train,train/glioma/G_883.jpg
Tr-gl_1107.jpg,glioma,train,train/glioma/Tr-gl_1107.jpg
Tr-gl_0219.jpg,glioma,train,train/glioma/Tr-gl_0219.jpg
G_718_BR_.jpg,glioma,train,train/glioma/G_718_BR_.jpg
Tr-gl_0231.jpg,glioma,train,train/glioma/Tr-gl_0231.jpg
Tr-gl_0557.jpg,glioma,train,train/glioma/Tr-gl_0557.jpg
image(85).jpg,glioma,train,train/glioma/image(85).jpg
gg (603).jpg,glioma,train,train/glioma/gg (603).jpg
Tr-gl_0543.jpg,glioma,train,train/glioma/Tr-gl_0543.jpg
G_708_BR_.jpg,glioma,train,train/glioma/G_708_BR_.jpg
Tr-gl_0225.jpg,glioma,train,train/glioma/Tr-gl_0225.jpg
G_835_HF_.jpg,glioma,train,train/glioma/G_835_HF_.jpg
Tr-gl_0555.jpg,glioma,train,train/glioma/Tr-gl_0555.jpg
Tr-gl_0233.jpg,glioma,train,train/glioma/Tr-gl_0233.jpg
G_808_VF_.jpg,glioma,train,train/glioma/G_808_VF_.jpg
gg (674).jpg,glioma,train,train/glioma/gg (674).jpg
G_825_HF_.jpg,glioma,train,train/glioma/G_825_HF_.jpg
Tr-gl_0227.jpg,glioma,train,train/glioma/Tr-gl_0227.jpg
Te-gl_0288.jpg,glioma,train,train/glioma/Te-gl_0288.jpg
Tr-gl_1139.jpg,glioma,train,train/glioma/Tr-gl_1139.jpg
G_818_VF_.jpg,glioma,train,train/glioma/G_818_VF_.jpg
Tr-gl_0541.jpg,glioma,train,train/glioma/Tr-gl_0541.jpg
Tr-gl_0569.jpg,glioma,train,train/glioma/Tr-gl_0569.jpg
Tr-gl_1111.jpg,glioma,train,train/glioma/Tr-gl_1111.jpg
Tr-gl_1105.jpg,glioma,train,train/glioma/Tr-gl_1105.jpg
G_881.jpg,glioma,train,train/glioma/G_881.jpg
Tr-gl_0596.jpg,glioma,train,train/glioma/Tr-gl_0596.jpg
G_842_SP_.jpg,glioma,train,train/glioma/G_842_SP_.jpg
G_852_SP_.jpg,glioma,train,train/glioma/G_852_SP_.jpg
gg (418).jpg,glioma,train,train/glioma/gg (418).jpg
Tr-gl_0582.jpg,glioma,train,train/glioma/Tr-gl_0582.jpg
G_773_RO_.jpg,glioma,train,train/glioma/G_773_RO_.jpg
G_856.jpg,glioma,train,train/glioma/G_856.jpg
G_842.jpg,glioma,train,train/glioma/G_842.jpg
G_763_RO_.jpg,glioma,train,train/glioma/G_763_RO_.jpg
G_806_RO_.jpg,glioma,train,train/glioma/G_806_RO_.jpg
Tr-gl_0031.jpg,glioma,train,train/glioma/Tr-gl_0031.jpg
G_816_RO_.jpg,glioma,train,train/glioma/G_816_RO_.jpg
gg (623).jpg,glioma,train,train/glioma/gg (623).jpg
G_737_SP_.jpg,glioma,train,train/glioma/G_737_SP_.jpg
gg (336).jpg,glioma,train,train/glioma/gg (336).jpg
G_727_SP_.jpg,glioma,train,train/glioma/G_727_SP_.jpg
Tr-gl_0794.jpg,glioma,train,train/glioma/Tr-gl_0794.jpg
Tr-gl_0958.jpg,glioma,train,train/glioma/Tr-gl_0958.jpg
G_787_BR_.jpg,glioma,train,train/glioma/G_787_BR_.jpg
G_740_HF_.jpg,glioma,train,train/glioma/G_740_HF_.jpg
Te-gl_0061.jpg,glioma,train,train/glioma/Te-gl_0061.jpg
Tr-gl_0970.jpg,glioma,train,train/glioma/Tr-gl_0970.jpg
G_750_HF_.jpg,glioma,train,train/glioma/G_750_HF_.jpg
gg (50).jpg,glioma,train,train/glioma/gg (50).jpg
Tr-gl_0964.jpg,glioma,train,train/glioma/Tr-gl_0964.jpg
G_797_BR_.jpg,glioma,train,train/glioma/G_797_BR_.jpg
Te-gl_0075.jpg,glioma,train,train/glioma/Te-gl_0075.jpg
image(2).jpg,glioma,train,train/glioma/image(2).jpg
G_722_HF_.jpg,glioma,train,train/glioma/G_722_HF_.jpg
Tr-gl_0145.jpg,glioma,train,train/glioma/Tr-gl_0145.jpg
Tr-gl_0623.jpg,glioma,train,train/glioma/Tr-gl_0623.jpg
gg (635).jpg,glioma,train,train/glioma/gg (635).jpg
G_732_HF_.jpg,glioma,train,train/glioma/G_732_HF_.jpg
Tr-gl_0637.jpg,glioma,train,train/glioma/Tr-gl_0637.jpg
Tr-gl_0151.jpg,glioma,train,train/glioma/Tr-gl_0151.jpg
G_829_BR_.jpg,glioma,train,train/glioma/G_829_BR_.jpg
Tr-gl_0179.jpg,glioma,train,train/glioma/Tr-gl_0179.jpg
Tr-gl_1267.jpg,glioma,train,train/glioma/Tr-gl_1267.jpg
G_839_BR_.jpg,glioma,train,train/glioma/G_839_BR_.jpg
Te-gl_0129.jpg,glioma,train,train/glioma/Te-gl_0129.jpg
Tr-gl_0186.jpg,glioma,train,train/glioma/Tr-gl_0186.jpg
G_755_SP_.jpg,glioma,train,train/glioma/G_755_SP_.jpg
gg (459).jpg,glioma,train,train/glioma/gg (459).jpg
G_745_SP_.jpg,glioma,train,train/glioma/G_745_SP_.jpg
Tr-gl_0192.jpg,glioma,train,train/glioma/Tr-gl_0192.jpg
G_864_RO_.jpg,glioma,train,train/glioma/G_864_RO_.jpg
Te-gl_0115.jpg,glioma,train,train/glioma/Te-gl_0115.jpg
gg (46).jpg,glioma,train,train/glioma/gg (46).jpg
Tr-gl_0804.jpg,glioma,train,train/glioma/Tr-gl_0804.jpg
G_889_SP_.jpg,glioma,train,train/glioma/G_889_SP_.jpg
G_874_RO_.jpg,glioma,train,train/glioma/G_874_RO_.jpg
Tr-gl_0810.jpg,glioma,train,train/glioma/Tr-gl_0810.jpg
Te-gl_0101.jpg,glioma,train,train/glioma/Te-gl_0101.jpg
G_711_RO_.jpg,glioma,train,train/glioma/G_711_RO_.jpg
Tr-gl_0421.jpg,glioma,train,train/glioma/Tr-gl_0421.jpg
Tr-gl_1059.jpg,glioma,train,train/glioma/Tr-gl_1059.jpg
Tr-gl_0347.jpg,glioma,train,train/glioma/Tr-gl_0347.jpg
G_705.jpg,glioma,train,train/glioma/G_705.jpg
gg (662).jpg,glioma,train,train/glioma/gg (662).jpg
G_711.jpg,glioma,train,train/glioma/G_711.jpg
Tr-gl_0353.jpg,glioma,train,train/glioma/Tr-gl_0353.jpg
gg (398).jpg,glioma,train,train/glioma/gg (398).jpg
Tr-gl_0435.jpg,glioma,train,train/glioma/Tr-gl_0435.jpg
G_820_SP_.jpg,glioma,train,train/glioma/G_820_SP_.jpg
G_739.jpg,glioma,train,train/glioma/G_739.jpg
Tr-gl_1065.jpg,glioma,train,train/glioma/Tr-gl_1065.jpg
gg (377).jpg,glioma,train,train/glioma/gg (377).jpg
Tr-gl_1071.jpg,glioma,train,train/glioma/Tr-gl_1071.jpg
G_830_SP_.jpg,glioma,train,train/glioma/G_830_SP_.jpg
Tr-gl_0409.jpg,glioma,train,train/glioma/Tr-gl_0409.jpg
Tr-gl_0384.jpg,glioma,train,train/glioma/Tr-gl_0384.jpg
Tr-gl_0390.jpg,glioma,train,train/glioma/Tr-gl_0390.jpg
G_857_HF_.jpg,glioma,train,train/glioma/G_857_HF_.jpg
G_778_DA_.jpg,glioma,train,train/glioma/G_778_DA_.jpg
G_890_BR_.jpg,glioma,train,train/glioma/G_890_BR_.jpg
G_768_DA_.jpg,glioma,train,train/glioma/G_768_DA_.jpg
G_880_BR_.jpg,glioma,train,train/glioma/G_880_BR_.jpg
G_847_HF_.jpg,glioma,train,train/glioma/G_847_HF_.jpg
G_874_BR_.jpg,glioma,train,train/glioma/G_874_BR_.jpg
image(70).jpg,glioma,train,train/glioma/image(70).jpg
G_864_BR_.jpg,glioma,train,train/glioma/G_864_BR_.jpg
G_850_DA_.jpg,glioma,train,train/glioma/G_850_DA_.jpg
Tr-gl_0391.jpg,glioma,train,train/glioma/Tr-gl_0391.jpg
G_742_VF_.jpg,glioma,train,train/glioma/G_742_VF_.jpg
gg (619).jpg,glioma,train,train/glioma/gg (619).jpg
G_840_DA_.jpg,glioma,train,train/glioma/G_840_DA_.jpg
Tr-gl_0385.jpg,glioma,train,train/glioma/Tr-gl_0385.jpg
G_752_VF_.jpg,glioma,train,train/glioma/G_752_VF_.jpg
G_839_RO_.jpg,glioma,train,train/glioma/G_839_RO_.jpg
Tr-gl_1070.jpg,glioma,train,train/glioma/Tr-gl_1070.jpg
Tr-gl_0408.jpg,glioma,train,train/glioma/Tr-gl_0408.jpg
G_829_RO_.jpg,glioma,train,train/glioma/G_829_RO_.jpg
gg (530).jpg,glioma,train,train/glioma/gg (530).jpg
Tr-gl_1064.jpg,glioma,train,train/glioma/Tr-gl_1064.jpg
G_738.jpg,glioma,train,train/glioma/G_738.jpg
Tr-gl_0352.jpg,glioma,train,train/glioma/Tr-gl_0352.jpg
G_710.jpg,glioma,train,train/glioma/G_710.jpg
G_708_SP_.jpg,glioma,train,train/glioma/G_708_SP_.jpg
gg (475).jpg,glioma,train,train/glioma/gg (475).jpg
Tr-gl_0434.jpg,glioma,train,train/glioma/Tr-gl_0434.jpg
Tr-gl_0420.jpg,glioma,train,train/glioma/Tr-gl_0420.jpg
G_718_SP_.jpg,glioma,train,train/glioma/G_718_SP_.jpg
Tr-gl_0346.jpg,glioma,train,train/glioma/Tr-gl_0346.jpg
Tr-gl_1058.jpg,glioma,train,train/glioma/Tr-gl_1058.jpg
Tr-gl_0811.jpg,glioma,train,train/glioma/Tr-gl_0811.jpg
G_880_RO_.jpg,glioma,train,train/glioma/G_880_RO_.jpg
Te-gl_0100.jpg,glioma,train,train/glioma/Te-gl_0100.jpg
Te-gl_0114.jpg,glioma,train,train/glioma/Te-gl_0114.jpg
image(27).jpg,glioma,train,train/glioma/image(27).jpg
G_890_RO_.jpg,glioma,train,train/glioma/G_890_RO_.jpg
Tr-gl_0805.jpg,glioma,train,train/glioma/Tr-gl_0805.jpg
Tr-gl_0193.jpg,glioma,train,train/glioma/Tr-gl_0193.jpg
Tr-gl_0187.jpg,glioma,train,train/glioma/Tr-gl_0187.jpg
Te-gl_0128.jpg,glioma,train,train/glioma/Te-gl_0128.jpg
G_725_DA_.jpg,glioma,train,train/glioma/G_725_DA_.jpg
gg (567).jpg,glioma,train,train/glioma/gg (567).jpg
G_837_VF_.jpg,glioma,train,train/glioma/G_837_VF_.jpg
Tr-gl_1266.jpg,glioma,train,train/glioma/Tr-gl_1266.jpg
G_735_DA_.jpg,glioma,train,train/glioma/G_735_DA_.jpg
Tr-gl_0178.jpg,glioma,train,train/glioma/Tr-gl_0178.jpg
G_827_VF_.jpg,glioma,train,train/glioma/G_827_VF_.jpg
Tr-gl_0636.jpg,glioma,train,train/glioma/Tr-gl_0636.jpg
Tr-gl_0150.jpg,glioma,train,train/glioma/Tr-gl_0150.jpg
gg (422).jpg,glioma,train,train/glioma/gg (422).jpg
Tr-gl_0144.jpg,glioma,train,train/glioma/Tr-gl_0144.jpg
G_711_BR_.jpg,glioma,train,train/glioma/G_711_BR_.jpg
Tr-gl_0622.jpg,glioma,train,train/glioma/Tr-gl_0622.jpg
gg (588).jpg,glioma,train,train/glioma/gg (588).jpg
Tr-gl_0965.jpg,glioma,train,train/glioma/Tr-gl_0965.jpg
G_763_BR_.jpg,glioma,train,train/glioma/G_763_BR_.jpg
image(31).jpg,glioma,train,train/glioma/image(31).jpg
Te-gl_0074.jpg,glioma,train,train/glioma/Te-gl_0074.jpg
G_799_VF_.jpg,glioma,train,train/glioma/G_799_VF_.jpg
Te-gl_0060.jpg,glioma,train,train/glioma/Te-gl_0060.jpg
G_773_BR_.jpg,glioma,train,train/glioma/G_773_BR_.jpg
G_789_VF_.jpg,glioma,train,train/glioma/G_789_VF_.jpg
Tr-gl_0971.jpg,glioma,train,train/glioma/Tr-gl_0971.jpg
G_868_HF_.jpg,glioma,train,train/glioma/G_868_HF_.jpg
G_747_DA_.jpg,glioma,train,train/glioma/G_747_DA_.jpg
Tr-gl_0959.jpg,glioma,train,train/glioma/Tr-gl_0959.jpg
G_855_VF_.jpg,glioma,train,train/glioma/G_855_VF_.jpg
G_757_DA_.jpg,glioma,train,train/glioma/G_757_DA_.jpg
G_878_HF_.jpg,glioma,train,train/glioma/G_878_HF_.jpg
Tr-gl_0795.jpg,glioma,train,train/glioma/Tr-gl_0795.jpg
G_845_VF_.jpg,glioma,train,train/glioma/G_845_VF_.jpg
gg (571).jpg,glioma,train,train/glioma/gg (571).jpg
gg (434).jpg,glioma,train,train/glioma/gg (434).jpg
Tr-gl_0030.jpg,glioma,train,train/glioma/Tr-gl_0030.jpg
G_87_SP_.jpg,glioma,train,train/glioma/G_87_SP_.jpg
G_797_RO_.jpg,glioma,train,train/glioma/G_797_RO_.jpg
G_843.jpg,glioma,train,train/glioma/G_843.jpg
G_787_RO_.jpg,glioma,train,train/glioma/G_787_RO_.jpg
image(66).jpg,glioma,train,train/glioma/image(66).jpg
G_857.jpg,glioma,train,train/glioma/G_857.jpg
Tr-gl_0583.jpg,glioma,train,train/glioma/Tr-gl_0583.jpg
Tr-gl_0597.jpg,glioma,train,train/glioma/Tr-gl_0597.jpg
G_880.jpg,glioma,train,train/glioma/G_880.jpg
Tr-gl_1104.jpg,glioma,train,train/glioma/Tr-gl_1104.jpg
G_832_DA_.jpg,glioma,train,train/glioma/G_832_DA_.jpg
gg (526).jpg,glioma,train,train/glioma/gg (526).jpg
G_720_VF_.jpg,glioma,train,train/glioma/G_720_VF_.jpg
G_822_DA_.jpg,glioma,train,train/glioma/G_822_DA_.jpg
Tr-gl_0568.jpg,glioma,train,train/glioma/Tr-gl_0568.jpg
Tr-gl_1110.jpg,glioma,train,train/glioma/Tr-gl_1110.jpg
G_730_VF_.jpg,glioma,train,train/glioma/G_730_VF_.jpg
Te-gl_0289.jpg,glioma,train,train/glioma/Te-gl_0289.jpg
Tr-gl_1138.jpg,glioma,train,train/glioma/Tr-gl_1138.jpg
G_816_BR_.jpg,glioma,train,train/glioma/G_816_BR_.jpg
Tr-gl_0226.jpg,glioma,train,train/glioma/Tr-gl_0226.jpg
Tr-gl_0540.jpg,glioma,train,train/glioma/Tr-gl_0540.jpg
Tr-gl_0554.jpg,glioma,train,train/glioma/Tr-gl_0554.jpg
gg (463).jpg,glioma,train,train/glioma/gg (463).jpg
G_806_BR_.jpg,glioma,train,train/glioma/G_806_BR_.jpg
Tr-gl_0232.jpg,glioma,train,train/glioma/Tr-gl_0232.jpg
Tr-me_0368.jpg,meningioma,train,train/meningioma/Tr-me_0368.jpg
1409.jpg,meningioma,train,train/meningioma/1409.jpg
m3 (126).jpg,meningioma,train,train/meningioma/m3 (126).jpg
Tr-me_1062.jpg,meningioma,train,train/meningioma/Tr-me_1062.jpg
1353.jpg,meningioma,train,train/meningioma/1353.jpg
Tr-me_0432.jpg,meningioma,train,train/meningioma/Tr-me_0432.jpg
Tr-me_0354.jpg,meningioma,train,train/meningioma/Tr-me_0354.jpg
1435.jpg,meningioma,train,train/meningioma/1435.jpg
Tr-me_0340.jpg,meningioma,train,train/meningioma/Tr-me_0340.jpg
m2 (62).jpg,meningioma,train,train/meningioma/m2 (62).jpg
1421.jpg,meningioma,train,train/meningioma/1421.jpg
1347.jpg,meningioma,train,train/meningioma/1347.jpg
m1(86).jpg,meningioma,train,train/meningioma/m1(86).jpg
Tr-me_0426.jpg,meningioma,train,train/meningioma/Tr-me_0426.jpg
M_878_DA_.jpg,meningioma,train,train/meningioma/M_878_DA_.jpg
Te-me_0304.jpg,meningioma,train,train/meningioma/Te-me_0304.jpg
M_868_DA_.jpg,meningioma,train,train/meningioma/M_868_DA_.jpg
1390.jpg,meningioma,train,train/meningioma/1390.jpg
Tr-me_0397.jpg,meningioma,train,train/meningioma/Tr-me_0397.jpg
Tr-me_0383.jpg,meningioma,train,train/meningioma/Tr-me_0383.jpg
1384.jpg,meningioma,train,train/meningioma/1384.jpg
m3 (171).jpg,meningioma,train,train/meningioma/m3 (171).jpg
Tr-me_0618.jpg,meningioma,train,train/meningioma/Tr-me_0618.jpg
Tr-me_1260.jpg,meningioma,train,train/meningioma/Tr-me_1260.jpg
Tr-me_1248.jpg,meningioma,train,train/meningioma/Tr-me_1248.jpg
M_822_HF_.jpg,meningioma,train,train/meningioma/M_822_HF_.jpg
Tr-me_0156.jpg,meningioma,train,train/meningioma/Tr-me_0156.jpg
M_839.jpg,meningioma,train,train/meningioma/M_839.jpg
m2 (35).jpg,meningioma,train,train/meningioma/m2 (35).jpg
M_832_HF_.jpg,meningioma,train,train/meningioma/M_832_HF_.jpg
Tr-me_0624.jpg,meningioma,train,train/meningioma/Tr-me_0624.jpg
Tr-me_0142.jpg,meningioma,train,train/meningioma/Tr-me_0142.jpg
Tr-me_0817.jpg,meningioma,train,train/meningioma/Tr-me_0817.jpg
Tr-me_0195.jpg,meningioma,train,train/meningioma/Tr-me_0195.jpg
M_855_SP_.jpg,meningioma,train,train/meningioma/M_855_SP_.jpg
M_845_SP_.jpg,meningioma,train,train/meningioma/M_845_SP_.jpg
Tr-me_0181.jpg,meningioma,train,train/meningioma/Tr-me_0181.jpg
M_837_SP_.jpg,meningioma,train,train/meningioma/M_837_SP_.jpg
Tr-me_1300.jpg,meningioma,train,train/meningioma/Tr-me_1300.jpg
m1(6).jpg,meningioma,train,train/meningioma/m1(6).jpg
m3 (167).jpg,meningioma,train,train/meningioma/m3 (167).jpg
M_827_SP_.jpg,meningioma,train,train/meningioma/M_827_SP_.jpg
m2 (23).jpg,meningioma,train,train/meningioma/m2 (23).jpg
Tr-me_0988.jpg,meningioma,train,train/meningioma/Tr-me_0988.jpg
Tr-me_0036.jpg,meningioma,train,train/meningioma/Tr-me_0036.jpg
Te-me_0099.jpg,meningioma,train,train/meningioma/Te-me_0099.jpg
M_840_HF_.jpg,meningioma,train,train/meningioma/M_840_HF_.jpg
Te-me_0072.jpg,meningioma,train,train/meningioma/Te-me_0072.jpg
M_887_BR_.jpg,meningioma,train,train/meningioma/M_887_BR_.jpg
Tr-me_0963.jpg,meningioma,train,train/meningioma/Tr-me_0963.jpg
Tr-me_0977.jpg,meningioma,train,train/meningioma/Tr-me_0977.jpg
M_850_HF_.jpg,meningioma,train,train/meningioma/M_850_HF_.jpg
Te-me_0066.jpg,meningioma,train,train/meningioma/Te-me_0066.jpg
Tr-me_1102.jpg,meningioma,train,train/meningioma/Tr-me_1102.jpg
m3 (130).jpg,meningioma,train,train/meningioma/m3 (130).jpg
Tr-me_1116.jpg,meningioma,train,train/meningioma/Tr-me_1116.jpg
Tr-me_0208.jpg,meningioma,train,train/meningioma/Tr-me_0208.jpg
m1(90).jpg,meningioma,train,train/meningioma/m1(90).jpg
Tr-me_0546.jpg,meningioma,train,train/meningioma/Tr-me_0546.jpg
m2 (74).jpg,meningioma,train,train/meningioma/m2 (74).jpg
Tr-me_0220.jpg,meningioma,train,train/meningioma/Tr-me_0220.jpg
Tr-me_0234.jpg,meningioma,train,train/meningioma/Tr-me_0234.jpg
Tr-me_0552.jpg,meningioma,train,train/meningioma/Tr-me_0552.jpg
M_873_RO_.jpg,meningioma,train,train/meningioma/M_873_RO_.jpg
M_863_RO_.jpg,meningioma,train,train/meningioma/M_863_RO_.jpg
Te-me_0264.jpg,meningioma,train,train/meningioma/Te-me_0264.jpg
Te-me_0258.jpg,meningioma,train,train/meningioma/Te-me_0258.jpg
Te-me_0259.jpg,meningioma,train,train/meningioma/Te-me_0259.jpg
Te-me_0265.jpg,meningioma,train,train/meningioma/Te-me_0265.jpg
M_887_RO_.jpg,meningioma,train,train/meningioma/M_887_RO_.jpg
Tr-me_0235.jpg,meningioma,train,train/meningioma/Tr-me_0235.jpg
m2 (100).jpg,meningioma,train,train/meningioma/m2 (100).jpg
Tr-me_0553.jpg,meningioma,train,train/meningioma/Tr-me_0553.jpg
Tr-me_0547.jpg,meningioma,train,train/meningioma/Tr-me_0547.jpg
Tr-me_0221.jpg,meningioma,train,train/meningioma/Tr-me_0221.jpg
Tr-me_0209.jpg,meningioma,train,train/meningioma/Tr-me_0209.jpg
Tr-me_1117.jpg,meningioma,train,train/meningioma/Tr-me_1117.jpg
M_820_VF_.jpg,meningioma,train,train/meningioma/M_820_VF_.jpg
M_830_VF_.jpg,meningioma,train,train/meningioma/M_830_VF_.jpg
Tr-me_1103.jpg,meningioma,train,train/meningioma/Tr-me_1103.jpg
M_847_DA_.jpg,meningioma,train,train/meningioma/M_847_DA_.jpg
M_857_DA_.jpg,meningioma,train,train/meningioma/M_857_DA_.jpg
m2 (58).jpg,meningioma,train,train/meningioma/m2 (58).jpg
Tr-me_0976.jpg,meningioma,train,train/meningioma/Tr-me_0976.jpg
M_863_BR_.jpg,meningioma,train,train/meningioma/M_863_BR_.jpg
Te-me_0067.jpg,meningioma,train,train/meningioma/Te-me_0067.jpg
M_873_BR_.jpg,meningioma,train,train/meningioma/M_873_BR_.jpg
Te-me_0073.jpg,meningioma,train,train/meningioma/Te-me_0073.jpg
Tr-me_0962.jpg,meningioma,train,train/meningioma/Tr-me_0962.jpg
Tr-me_0989.jpg,meningioma,train,train/meningioma/Tr-me_0989.jpg
Te-me_0098.jpg,meningioma,train,train/meningioma/Te-me_0098.jpg
Tr-me_0037.jpg,meningioma,train,train/meningioma/Tr-me_0037.jpg
m2 (157).jpg,meningioma,train,train/meningioma/m2 (157).jpg
Tr-me_1301.jpg,meningioma,train,train/meningioma/Tr-me_1301.jpg
Tr-me_0180.jpg,meningioma,train,train/meningioma/Tr-me_0180.jpg
Tr-me_0194.jpg,meningioma,train,train/meningioma/Tr-me_0194.jpg
Tr-me_0816.jpg,meningioma,train,train/meningioma/Tr-me_0816.jpg
m1(45).jpg,meningioma,train,train/meningioma/m1(45).jpg
m2 (141).jpg,meningioma,train,train/meningioma/m2 (141).jpg
Tr-me_0143.jpg,meningioma,train,train/meningioma/Tr-me_0143.jpg
Tr-me_0157.jpg,meningioma,train,train/meningioma/Tr-me_0157.jpg
Tr-me_1249.jpg,meningioma,train,train/meningioma/Tr-me_1249.jpg
M_838.jpg,meningioma,train,train/meningioma/M_838.jpg
M_825_DA_.jpg,meningioma,train,train/meningioma/M_825_DA_.jpg
Tr-me_0619.jpg,meningioma,train,train/meningioma/Tr-me_0619.jpg
Tr-me_1261.jpg,meningioma,train,train/meningioma/Tr-me_1261.jpg
M_835_DA_.jpg,meningioma,train,train/meningioma/M_835_DA_.jpg
Tr-me_0382.jpg,meningioma,train,train/meningioma/Tr-me_0382.jpg
1385.jpg,meningioma,train,train/meningioma/1385.jpg
M_842_VF_.jpg,meningioma,train,train/meningioma/M_842_VF_.jpg
1391.jpg,meningioma,train,train/meningioma/1391.jpg
m2 (19).jpg,meningioma,train,train/meningioma/m2 (19).jpg
Tr-me_0396.jpg,meningioma,train,train/meningioma/Tr-me_0396.jpg
M_852_VF_.jpg,meningioma,train,train/meningioma/M_852_VF_.jpg
Te-me_0305.jpg,meningioma,train,train/meningioma/Te-me_0305.jpg
1420.jpg,meningioma,train,train/meningioma/1420.jpg
Tr-me_0341.jpg,meningioma,train,train/meningioma/Tr-me_0341.jpg
Tr-me_0427.jpg,meningioma,train,train/meningioma/Tr-me_0427.jpg
1346.jpg,meningioma,train,train/meningioma/1346.jpg
Tr-me_0433.jpg,meningioma,train,train/meningioma/Tr-me_0433.jpg
1352.jpg,meningioma,train,train/meningioma/1352.jpg
1434.jpg,meningioma,train,train/meningioma/1434.jpg
m2 (116).jpg,meningioma,train,train/meningioma/m2 (116).jpg
Tr-me_0355.jpg,meningioma,train,train/meningioma/Tr-me_0355.jpg
Tr-me_1063.jpg,meningioma,train,train/meningioma/Tr-me_1063.jpg
1408.jpg,meningioma,train,train/meningioma/1408.jpg
Tr-me_0369.jpg,meningioma,train,train/meningioma/Tr-me_0369.jpg
1378.jpg,meningioma,train,train/meningioma/1378.jpg
Tr-me_0419.jpg,meningioma,train,train/meningioma/Tr-me_0419.jpg
Tr-me_1061.jpg,meningioma,train,train/meningioma/Tr-me_1061.jpg
Tr-me_1075.jpg,meningioma,train,train/meningioma/Tr-me_1075.jpg
1344.jpg,meningioma,train,train/meningioma/1344.jpg
m2 (161).jpg,meningioma,train,train/meningioma/m2 (161).jpg
Tr-me_0425.jpg,meningioma,train,train/meningioma/Tr-me_0425.jpg
Tr-me_0343.jpg,meningioma,train,train/meningioma/Tr-me_0343.jpg
1422.jpg,meningioma,train,train/meningioma/1422.jpg
Tr-me_0357.jpg,meningioma,train,train/meningioma/Tr-me_0357.jpg
1436.jpg,meningioma,train,train/meningioma/1436.jpg
Tr-me_1049.jpg,meningioma,train,train/meningioma/Tr-me_1049.jpg
1350.jpg,meningioma,train,train/meningioma/1350.jpg
Tr-me_0431.jpg,meningioma,train,train/meningioma/Tr-me_0431.jpg
M_859_HF_.jpg,meningioma,train,train/meningioma/M_859_HF_.jpg
M_864_VF_.jpg,meningioma,train,train/meningioma/M_864_VF_.jpg
m2 (81).jpg,meningioma,train,train/meningioma/m2 (81).jpg
M_849_HF_.jpg,meningioma,train,train/meningioma/M_849_HF_.jpg
M_874_VF_.jpg,meningioma,train,train/meningioma/M_874_VF_.jpg
1387.jpg,meningioma,train,train/meningioma/1387.jpg
Tr-me_0380.jpg,meningioma,train,train/meningioma/Tr-me_0380.jpg
Tr-me_0394.jpg,meningioma,train,train/meningioma/Tr-me_0394.jpg
1393.jpg,meningioma,train,train/meningioma/1393.jpg
M_827_BR_.jpg,meningioma,train,train/meningioma/M_827_BR_.jpg
Tr-me_1263.jpg,meningioma,train,train/meningioma/Tr-me_1263.jpg
M_837_BR_.jpg,meningioma,train,train/meningioma/M_837_BR_.jpg
Tr-me_0169.jpg,meningioma,train,train/meningioma/Tr-me_0169.jpg
Tr-me_0141.jpg,meningioma,train,train/meningioma/Tr-me_0141.jpg
m2 (136).jpg,meningioma,train,train/meningioma/m2 (136).jpg
Tr-me_0155.jpg,meningioma,train,train/meningioma/Tr-me_0155.jpg
m2 (3).jpg,meningioma,train,train/meningioma/m2 (3).jpg
Tr-me_0814.jpg,meningioma,train,train/meningioma/Tr-me_0814.jpg
M_887_SP_.jpg,meningioma,train,train/meningioma/M_887_SP_.jpg
Tr-me_0182.jpg,meningioma,train,train/meningioma/Tr-me_0182.jpg
m2 (39).jpg,meningioma,train,train/meningioma/m2 (39).jpg
Tr-me_0828.jpg,meningioma,train,train/meningioma/Tr-me_0828.jpg
Tr-me_0196.jpg,meningioma,train,train/meningioma/Tr-me_0196.jpg
Tr-me_1288.jpg,meningioma,train,train/meningioma/Tr-me_1288.jpg
Te-me_0139.jpg,meningioma,train,train/meningioma/Te-me_0139.jpg
Tr-me_0035.jpg,meningioma,train,train/meningioma/Tr-me_0035.jpg
m2 (120).jpg,meningioma,train,train/meningioma/m2 (120).jpg
Te-me_0065.jpg,meningioma,train,train/meningioma/Te-me_0065.jpg
M_861_DA_.jpg,meningioma,train,train/meningioma/M_861_DA_.jpg
Tr-me_0974.jpg,meningioma,train,train/meningioma/Tr-me_0974.jpg
Tr-me_0960.jpg,meningioma,train,train/meningioma/Tr-me_0960.jpg
M_871_DA_.jpg,meningioma,train,train/meningioma/M_871_DA_.jpg
Te-me_0071.jpg,meningioma,train,train/meningioma/Te-me_0071.jpg
M_845_BR_.jpg,meningioma,train,train/meningioma/M_845_BR_.jpg
M_882_HF_.jpg,meningioma,train,train/meningioma/M_882_HF_.jpg
Tr-me_0948.jpg,meningioma,train,train/meningioma/Tr-me_0948.jpg
M_892_HF_.jpg,meningioma,train,train/meningioma/M_892_HF_.jpg
M_855_BR_.jpg,meningioma,train,train/meningioma/M_855_BR_.jpg
m3 (184).jpg,meningioma,train,train/meningioma/m3 (184).jpg
Tr-me_1115.jpg,meningioma,train,train/meningioma/Tr-me_1115.jpg
Tr-me_1101.jpg,meningioma,train,train/meningioma/Tr-me_1101.jpg
Tr-me_0579.jpg,meningioma,train,train/meningioma/Tr-me_0579.jpg
Tr-me_0551.jpg,meningioma,train,train/meningioma/Tr-me_0551.jpg
Tr-me_1129.jpg,meningioma,train,train/meningioma/Tr-me_1129.jpg
Te-me_0298.jpg,meningioma,train,train/meningioma/Te-me_0298.jpg
Tr-me_0237.jpg,meningioma,train,train/meningioma/Tr-me_0237.jpg
Tr-me_0223.jpg,meningioma,train,train/meningioma/Tr-me_0223.jpg
Tr-me_0545.jpg,meningioma,train,train/meningioma/Tr-me_0545.jpg
m2 (177).jpg,meningioma,train,train/meningioma/m2 (177).jpg
m1(73).jpg,meningioma,train,train/meningioma/m1(73).jpg
m2 (97).jpg,meningioma,train,train/meningioma/m2 (97).jpg
Te-me_0267.jpg,meningioma,train,train/meningioma/Te-me_0267.jpg
Tr-me_0592.jpg,meningioma,train,train/meningioma/Tr-me_0592.jpg
m2 (78).jpg,meningioma,train,train/meningioma/m2 (78).jpg
M_855_RO_.jpg,meningioma,train,train/meningioma/M_855_RO_.jpg
Tr-me_0593.jpg,meningioma,train,train/meningioma/Tr-me_0593.jpg
M_845_RO_.jpg,meningioma,train,train/meningioma/M_845_RO_.jpg
Te-me_0266.jpg,meningioma,train,train/meningioma/Te-me_0266.jpg
Tr-me_0222.jpg,meningioma,train,train/meningioma/Tr-me_0222.jpg
Tr-me_0544.jpg,meningioma,train,train/meningioma/Tr-me_0544.jpg
Tr-me_0550.jpg,meningioma,train,train/meningioma/Tr-me_0550.jpg
Tr-me_0236.jpg,meningioma,train,train/meningioma/Tr-me_0236.jpg
Tr-me_1128.jpg,meningioma,train,train/meningioma/Tr-me_1128.jpg
Te-me_0299.jpg,meningioma,train,train/meningioma/Te-me_0299.jpg
Tr-me_1100.jpg,meningioma,train,train/meningioma/Tr-me_1100.jpg
Tr-me_0578.jpg,meningioma,train,train/meningioma/Tr-me_0578.jpg
m3 (147).jpg,meningioma,train,train/meningioma/m3 (147).jpg
Tr-me_1114.jpg,meningioma,train,train/meningioma/Tr-me_1114.jpg
M_866_HF_.jpg,meningioma,train,train/meningioma/M_866_HF_.jpg
M_876_HF_.jpg,meningioma,train,train/meningioma/M_876_HF_.jpg
Tr-me_0949.jpg,meningioma,train,train/meningioma/Tr-me_0949.jpg
Tr-me_0961.jpg,meningioma,train,train/meningioma/Tr-me_0961.jpg
M_885_DA_.jpg,meningioma,train,train/meningioma/M_885_DA_.jpg
Te-me_0070.jpg,meningioma,train,train/meningioma/Te-me_0070.jpg
Te-me_0064.jpg,meningioma,train,train/meningioma/Te-me_0064.jpg
Tr-me_0975.jpg,meningioma,train,train/meningioma/Tr-me_0975.jpg
m2 (54).jpg,meningioma,train,train/meningioma/m2 (54).jpg
Tr-me_0034.jpg,meningioma,train,train/meningioma/Tr-me_0034.jpg
m3 (110).jpg,meningioma,train,train/meningioma/m3 (110).jpg
Tr-me_0829.jpg,meningioma,train,train/meningioma/Tr-me_0829.jpg
Tr-me_1289.jpg,meningioma,train,train/meningioma/Tr-me_1289.jpg
Te-me_0138.jpg,meningioma,train,train/meningioma/Te-me_0138.jpg
Tr-me_0197.jpg,meningioma,train,train/meningioma/Tr-me_0197.jpg
Tr-me_0183.jpg,meningioma,train,train/meningioma/Tr-me_0183.jpg
M_873_SP_.jpg,meningioma,train,train/meningioma/M_873_SP_.jpg
Tr-me_0815.jpg,meningioma,train,train/meningioma/Tr-me_0815.jpg
M_863_SP_.jpg,meningioma,train,train/meningioma/M_863_SP_.jpg
Tr-me_0154.jpg,meningioma,train,train/meningioma/Tr-me_0154.jpg
Tr-me_0140.jpg,meningioma,train,train/meningioma/Tr-me_0140.jpg
m2 (42).jpg,meningioma,train,train/meningioma/m2 (42).jpg
M_839_VF_.jpg,meningioma,train,train/meningioma/M_839_VF_.jpg
Tr-me_0168.jpg,meningioma,train,train/meningioma/Tr-me_0168.jpg
m3 (106).jpg,meningioma,train,train/meningioma/m3 (106).jpg
Tr-me_1262.jpg,meningioma,train,train/meningioma/Tr-me_1262.jpg
M_829_VF_.jpg,meningioma,train,train/meningioma/M_829_VF_.jpg
Tr-me_0395.jpg,meningioma,train,train/meningioma/Tr-me_0395.jpg
1392.jpg,meningioma,train,train/meningioma/1392.jpg
1386.jpg,meningioma,train,train/meningioma/1386.jpg
Tr-me_0381.jpg,meningioma,train,train/meningioma/Tr-me_0381.jpg
M_880_VF_.jpg,meningioma,train,train/meningioma/M_880_VF_.jpg
Tr-me_1048.jpg,meningioma,train,train/meningioma/Tr-me_1048.jpg
1437.jpg,meningioma,train,train/meningioma/1437.jpg
Tr-me_0356.jpg,meningioma,train,train/meningioma/Tr-me_0356.jpg
Tr-me_0430.jpg,meningioma,train,train/meningioma/Tr-me_0430.jpg
m2 (15).jpg,meningioma,train,train/meningioma/m2 (15).jpg
1351.jpg,meningioma,train,train/meningioma/1351.jpg
Tr-me_0424.jpg,meningioma,train,train/meningioma/Tr-me_0424.jpg
1345.jpg,meningioma,train,train/meningioma/1345.jpg
1423.jpg,meningioma,train,train/meningioma/1423.jpg
Tr-me_0342.jpg,meningioma,train,train/meningioma/Tr-me_0342.jpg
m3 (15).jpg,meningioma,train,train/meningioma/m3 (15).jpg
M_837_RO_.jpg,meningioma,train,train/meningioma/M_837_RO_.jpg
Tr-me_1074.jpg,meningioma,train,train/meningioma/Tr-me_1074.jpg
m3 (151).jpg,meningioma,train,train/meningioma/m3 (151).jpg
Tr-me_0418.jpg,meningioma,train,train/meningioma/Tr-me_0418.jpg
1379.jpg,meningioma,train,train/meningioma/1379.jpg
M_827_RO_.jpg,meningioma,train,train/meningioma/M_827_RO_.jpg
Tr-me_1060.jpg,meningioma,train,train/meningioma/Tr-me_1060.jpg
Tr-me_0346.jpg,meningioma,train,train/meningioma/Tr-me_0346.jpg
Tr-me_1058.jpg,meningioma,train,train/meningioma/Tr-me_1058.jpg
1427.jpg,meningioma,train,train/meningioma/1427.jpg
1341.jpg,meningioma,train,train/meningioma/1341.jpg
m2 (14).jpg,meningioma,train,train/meningioma/m2 (14).jpg
Tr-me_0420.jpg,meningioma,train,train/meningioma/Tr-me_0420.jpg
1355.jpg,meningioma,train,train/meningioma/1355.jpg
Tr-me_0434.jpg,meningioma,train,train/meningioma/Tr-me_0434.jpg
Tr-me_0352.jpg,meningioma,train,train/meningioma/Tr-me_0352.jpg
1433.jpg,meningioma,train,train/meningioma/1433.jpg
m3 (14).jpg,meningioma,train,train/meningioma/m3 (14).jpg
Tr-me_1064.jpg,meningioma,train,train/meningioma/Tr-me_1064.jpg
M_836_BR_.jpg,meningioma,train,train/meningioma/M_836_BR_.jpg
m3 (150).jpg,meningioma,train,train/meningioma/m3 (150).jpg
1369.jpg,meningioma,train,train/meningioma/1369.jpg
Tr-me_0408.jpg,meningioma,train,train/meningioma/Tr-me_0408.jpg
Tr-me_1070.jpg,meningioma,train,train/meningioma/Tr-me_1070.jpg
M_826_BR_.jpg,meningioma,train,train/meningioma/M_826_BR_.jpg
Tr-me_0385.jpg,meningioma,train,train/meningioma/Tr-me_0385.jpg
1382.jpg,meningioma,train,train/meningioma/1382.jpg
1396.jpg,meningioma,train,train/meningioma/1396.jpg
Tr-me_0391.jpg,meningioma,train,train/meningioma/Tr-me_0391.jpg
M_886_SP_.jpg,meningioma,train,train/meningioma/M_886_SP_.jpg
Te-me_0302.jpg,meningioma,train,train/meningioma/Te-me_0302.jpg
Tr-me_0622.jpg,meningioma,train,train/meningioma/Tr-me_0622.jpg
Tr-me_0144.jpg,meningioma,train,train/meningioma/Tr-me_0144.jpg
m2 (43).jpg,meningioma,train,train/meningioma/m2 (43).jpg
Tr-me_0150.jpg,meningioma,train,train/meningioma/Tr-me_0150.jpg
Tr-me_0178.jpg,meningioma,train,train/meningioma/Tr-me_0178.jpg
m3 (107).jpg,meningioma,train,train/meningioma/m3 (107).jpg
Tr-me_0839.jpg,meningioma,train,train/meningioma/Tr-me_0839.jpg
Tr-me_0187.jpg,meningioma,train,train/meningioma/Tr-me_0187.jpg
Tr-me_1299.jpg,meningioma,train,train/meningioma/Tr-me_1299.jpg
Te-me_0128.jpg,meningioma,train,train/meningioma/Te-me_0128.jpg
Tr-me_0193.jpg,meningioma,train,train/meningioma/Tr-me_0193.jpg
M_875_VF_.jpg,meningioma,train,train/meningioma/M_875_VF_.jpg
Tr-me_0805.jpg,meningioma,train,train/meningioma/Tr-me_0805.jpg
M_848_HF_.jpg,meningioma,train,train/meningioma/M_848_HF_.jpg
M_865_VF_.jpg,meningioma,train,train/meningioma/M_865_VF_.jpg
Te-me_0100.jpg,meningioma,train,train/meningioma/Te-me_0100.jpg
Tr-me_0811.jpg,meningioma,train,train/meningioma/Tr-me_0811.jpg
M_858_HF_.jpg,meningioma,train,train/meningioma/M_858_HF_.jpg
m2 (55).jpg,meningioma,train,train/meningioma/m2 (55).jpg
m3 (111).jpg,meningioma,train,train/meningioma/m3 (111).jpg
Tr-me_0959.jpg,meningioma,train,train/meningioma/Tr-me_0959.jpg
Tr-me_0971.jpg,meningioma,train,train/meningioma/Tr-me_0971.jpg
Te-me_0074.jpg,meningioma,train,train/meningioma/Te-me_0074.jpg
Tr-me_0965.jpg,meningioma,train,train/meningioma/Tr-me_0965.jpg
Tr-me_0232.jpg,meningioma,train,train/meningioma/Tr-me_0232.jpg
Tr-me_0554.jpg,meningioma,train,train/meningioma/Tr-me_0554.jpg
M_819_RO_.jpg,meningioma,train,train/meningioma/M_819_RO_.jpg
Tr-me_0540.jpg,meningioma,train,train/meningioma/Tr-me_0540.jpg
Tr-me_1138.jpg,meningioma,train,train/meningioma/Tr-me_1138.jpg
Te-me_0289.jpg,meningioma,train,train/meningioma/Te-me_0289.jpg
Tr-me_0226.jpg,meningioma,train,train/meningioma/Tr-me_0226.jpg
Tr-me_1110.jpg,meningioma,train,train/meningioma/Tr-me_1110.jpg
Tr-me_0568.jpg,meningioma,train,train/meningioma/Tr-me_0568.jpg
m3 (146).jpg,meningioma,train,train/meningioma/m3 (146).jpg
Tr-me_1104.jpg,meningioma,train,train/meningioma/Tr-me_1104.jpg
M_854_BR_.jpg,meningioma,train,train/meningioma/M_854_BR_.jpg
Tr-me_0597.jpg,meningioma,train,train/meningioma/Tr-me_0597.jpg
M_844_BR_.jpg,meningioma,train,train/meningioma/M_844_BR_.jpg
M_883_HF_.jpg,meningioma,train,train/meningioma/M_883_HF_.jpg
Te-me_0262.jpg,meningioma,train,train/meningioma/Te-me_0262.jpg
M_870_DA_.jpg,meningioma,train,train/meningioma/M_870_DA_.jpg
M_860_DA_.jpg,meningioma,train,train/meningioma/M_860_DA_.jpg
m1(72).jpg,meningioma,train,train/meningioma/m1(72).jpg
m2 (96).jpg,meningioma,train,train/meningioma/m2 (96).jpg
Te-me_0263.jpg,meningioma,train,train/meningioma/Te-me_0263.jpg
M_884_DA_.jpg,meningioma,train,train/meningioma/M_884_DA_.jpg
M_877_HF_.jpg,meningioma,train,train/meningioma/M_877_HF_.jpg
m2 (79).jpg,meningioma,train,train/meningioma/m2 (79).jpg
Tr-me_0596.jpg,meningioma,train,train/meningioma/Tr-me_0596.jpg
M_867_HF_.jpg,meningioma,train,train/meningioma/M_867_HF_.jpg
Tr-me_1105.jpg,meningioma,train,train/meningioma/Tr-me_1105.jpg
Tr-me_1111.jpg,meningioma,train,train/meningioma/Tr-me_1111.jpg
Tr-me_0569.jpg,meningioma,train,train/meningioma/Tr-me_0569.jpg
Tr-me_0541.jpg,meningioma,train,train/meningioma/Tr-me_0541.jpg
Tr-me_0227.jpg,meningioma,train,train/meningioma/Tr-me_0227.jpg
Tr-me_1139.jpg,meningioma,train,train/meningioma/Tr-me_1139.jpg
Te-me_0288.jpg,meningioma,train,train/meningioma/Te-me_0288.jpg
Tr-me_0233.jpg,meningioma,train,train/meningioma/Tr-me_0233.jpg
m2 (176).jpg,meningioma,train,train/meningioma/m2 (176).jpg
Tr-me_0555.jpg,meningioma,train,train/meningioma/Tr-me_0555.jpg
Te-me_0075.jpg,meningioma,train,train/meningioma/Te-me_0075.jpg
Tr-me_0964.jpg,meningioma,train,train/meningioma/Tr-me_0964.jpg
Tr-me_0970.jpg,meningioma,train,train/meningioma/Tr-me_0970.jpg
Tr-me_0958.jpg,meningioma,train,train/meningioma/Tr-me_0958.jpg
M_844_RO_.jpg,meningioma,train,train/meningioma/M_844_RO_.jpg
m3 (185).jpg,meningioma,train,train/meningioma/m3 (185).jpg
M_854_RO_.jpg,meningioma,train,train/meningioma/M_854_RO_.jpg
m2 (121).jpg,meningioma,train,train/meningioma/m2 (121).jpg
Tr-me_0031.jpg,meningioma,train,train/meningioma/Tr-me_0031.jpg
Te-me_0101.jpg,meningioma,train,train/meningioma/Te-me_0101.jpg
m2 (2).jpg,meningioma,train,train/meningioma/m2 (2).jpg
Tr-me_0810.jpg,meningioma,train,train/meningioma/Tr-me_0810.jpg
Tr-me_0804.jpg,meningioma,train,train/meningioma/Tr-me_0804.jpg
M_881_VF_.jpg,meningioma,train,train/meningioma/M_881_VF_.jpg
Te-me_0115.jpg,meningioma,train,train/meningioma/Te-me_0115.jpg
Tr-me_0192.jpg,meningioma,train,train/meningioma/Tr-me_0192.jpg
m2 (38).jpg,meningioma,train,train/meningioma/m2 (38).jpg
Tr-me_0838.jpg,meningioma,train,train/meningioma/Tr-me_0838.jpg
Tr-me_1298.jpg,meningioma,train,train/meningioma/Tr-me_1298.jpg
Te-me_0129.jpg,meningioma,train,train/meningioma/Te-me_0129.jpg
Tr-me_0186.jpg,meningioma,train,train/meningioma/Tr-me_0186.jpg
M_826_RO_.jpg,meningioma,train,train/meningioma/M_826_RO_.jpg
Tr-me_0179.jpg,meningioma,train,train/meningioma/Tr-me_0179.jpg
M_836_RO_.jpg,meningioma,train,train/meningioma/M_836_RO_.jpg
Tr-me_0151.jpg,meningioma,train,train/meningioma/Tr-me_0151.jpg
Tr-me_0623.jpg,meningioma,train,train/meningioma/Tr-me_0623.jpg
Tr-me_0145.jpg,meningioma,train,train/meningioma/Tr-me_0145.jpg
m2 (137).jpg,meningioma,train,train/meningioma/m2 (137).jpg
M_862_SP_.jpg,meningioma,train,train/meningioma/M_862_SP_.jpg
Te-me_0303.jpg,meningioma,train,train/meningioma/Te-me_0303.jpg
m2 (80).jpg,meningioma,train,train/meningioma/m2 (80).jpg
M_872_SP_.jpg,meningioma,train,train/meningioma/M_872_SP_.jpg
1397.jpg,meningioma,train,train/meningioma/1397.jpg
Tr-me_0390.jpg,meningioma,train,train/meningioma/Tr-me_0390.jpg
Tr-me_0384.jpg,meningioma,train,train/meningioma/Tr-me_0384.jpg
1383.jpg,meningioma,train,train/meningioma/1383.jpg
Tr-me_0409.jpg,meningioma,train,train/meningioma/Tr-me_0409.jpg
M_828_VF_.jpg,meningioma,train,train/meningioma/M_828_VF_.jpg
1368.jpg,meningioma,train,train/meningioma/1368.jpg
Tr-me_1071.jpg,meningioma,train,train/meningioma/Tr-me_1071.jpg
M_838_VF_.jpg,meningioma,train,train/meningioma/M_838_VF_.jpg
Tr-me_1065.jpg,meningioma,train,train/meningioma/Tr-me_1065.jpg
Tr-me_0435.jpg,meningioma,train,train/meningioma/Tr-me_0435.jpg
m2 (160).jpg,meningioma,train,train/meningioma/m2 (160).jpg
1354.jpg,meningioma,train,train/meningioma/1354.jpg
1432.jpg,meningioma,train,train/meningioma/1432.jpg
Tr-me_0353.jpg,meningioma,train,train/meningioma/Tr-me_0353.jpg
1426.jpg,meningioma,train,train/meningioma/1426.jpg
Tr-me_1059.jpg,meningioma,train,train/meningioma/Tr-me_1059.jpg
Tr-me_0347.jpg,meningioma,train,train/meningioma/Tr-me_0347.jpg
Tr-me_0421.jpg,meningioma,train,train/meningioma/Tr-me_0421.jpg
1340.jpg,meningioma,train,train/meningioma/1340.jpg
Tr-me_0351.jpg,meningioma,train,train/meningioma/Tr-me_0351.jpg
1430.jpg,meningioma,train,train/meningioma/1430.jpg
M_833_HF_.jpg,meningioma,train,train/meningioma/M_833_HF_.jpg
1356.jpg,meningioma,train,train/meningioma/1356.jpg
Tr-me_0437.jpg,meningioma,train,train/meningioma/Tr-me_0437.jpg
1342.jpg,meningioma,train,train/meningioma/1342.jpg
Tr-me_0423.jpg,meningioma,train,train/meningioma/Tr-me_0423.jpg
M_823_HF_.jpg,meningioma,train,train/meningioma/M_823_HF_.jpg
Tr-me_0345.jpg,meningioma,train,train/meningioma/Tr-me_0345.jpg
m2 (117).jpg,meningioma,train,train/meningioma/m2 (117).jpg
1424.jpg,meningioma,train,train/meningioma/1424.jpg
Tr-me_1073.jpg,meningioma,train,train/meningioma/Tr-me_1073.jpg
Tr-me_0379.jpg,meningioma,train,train/meningioma/Tr-me_0379.jpg
Tr-me_1067.jpg,meningioma,train,train/meningioma/Tr-me_1067.jpg
1418.jpg,meningioma,train,train/meningioma/1418.jpg
Tr-me_0392.jpg,meningioma,train,train/meningioma/Tr-me_0392.jpg
M_844_SP_.jpg,meningioma,train,train/meningioma/M_844_SP_.jpg
1395.jpg,meningioma,train,train/meningioma/1395.jpg
m2 (18).jpg,meningioma,train,train/meningioma/m2 (18).jpg
1381.jpg,meningioma,train,train/meningioma/1381.jpg
Tr-me_1098.jpg,meningioma,train,train/meningioma/Tr-me_1098.jpg
Tr-me_0386.jpg,meningioma,train,train/meningioma/Tr-me_0386.jpg
M_854_SP_.jpg,meningioma,train,train/meningioma/M_854_SP_.jpg
Te-me_0301.jpg,meningioma,train,train/meningioma/Te-me_0301.jpg
m2 (140).jpg,meningioma,train,train/meningioma/m2 (140).jpg
Tr-me_0153.jpg,meningioma,train,train/meningioma/Tr-me_0153.jpg
Tr-me_1259.jpg,meningioma,train,train/meningioma/Tr-me_1259.jpg
Tr-me_0147.jpg,meningioma,train,train/meningioma/Tr-me_0147.jpg
M_828.jpg,meningioma,train,train/meningioma/M_828.jpg
Tr-me_0621.jpg,meningioma,train,train/meningioma/Tr-me_0621.jpg
Tr-me_0609.jpg,meningioma,train,train/meningioma/Tr-me_0609.jpg
Tr-me_0190.jpg,meningioma,train,train/meningioma/Tr-me_0190.jpg
Tr-me_0184.jpg,meningioma,train,train/meningioma/Tr-me_0184.jpg
Tr-me_0812.jpg,meningioma,train,train/meningioma/Tr-me_0812.jpg
M_869_DA_.jpg,meningioma,train,train/meningioma/M_869_DA_.jpg
Te-me_0103.jpg,meningioma,train,train/meningioma/Te-me_0103.jpg
Te-me_0117.jpg,meningioma,train,train/meningioma/Te-me_0117.jpg
M_879_DA_.jpg,meningioma,train,train/meningioma/M_879_DA_.jpg
Tr-me_0806.jpg,meningioma,train,train/meningioma/Tr-me_0806.jpg
m1(44).jpg,meningioma,train,train/meningioma/m1(44).jpg
Tr-me_0999.jpg,meningioma,train,train/meningioma/Tr-me_0999.jpg
Te-me_0088.jpg,meningioma,train,train/meningioma/Te-me_0088.jpg
Tr-me_0033.jpg,meningioma,train,train/meningioma/Tr-me_0033.jpg
m2 (156).jpg,meningioma,train,train/meningioma/m2 (156).jpg
Tr-me_0769.jpg,meningioma,train,train/meningioma/Tr-me_0769.jpg
m2 (59).jpg,meningioma,train,train/meningioma/m2 (59).jpg
Tr-me_0966.jpg,meningioma,train,train/meningioma/Tr-me_0966.jpg
Te-me_0077.jpg,meningioma,train,train/meningioma/Te-me_0077.jpg
M_862_RO_.jpg,meningioma,train,train/meningioma/M_862_RO_.jpg
M_872_RO_.jpg,meningioma,train,train/meningioma/M_872_RO_.jpg
Tr-me_0972.jpg,meningioma,train,train/meningioma/Tr-me_0972.jpg
m2 (101).jpg,meningioma,train,train/meningioma/m2 (101).jpg
Tr-me_0225.jpg,meningioma,train,train/meningioma/Tr-me_0225.jpg
Tr-me_0543.jpg,meningioma,train,train/meningioma/Tr-me_0543.jpg
Tr-me_0557.jpg,meningioma,train,train/meningioma/Tr-me_0557.jpg
Tr-me_0231.jpg,meningioma,train,train/meningioma/Tr-me_0231.jpg
Tr-me_1107.jpg,meningioma,train,train/meningioma/Tr-me_1107.jpg
Tr-me_0219.jpg,meningioma,train,train/meningioma/Tr-me_0219.jpg
M_826_SP_.jpg,meningioma,train,train/meningioma/M_826_SP_.jpg
Tr-me_1113.jpg,meningioma,train,train/meningioma/Tr-me_1113.jpg
M_836_SP_.jpg,meningioma,train,train/meningioma/M_836_SP_.jpg
Te-me_0249.jpg,meningioma,train,train/meningioma/Te-me_0249.jpg
Tr-me_0594.jpg,meningioma,train,train/meningioma/Tr-me_0594.jpg
M_851_HF_.jpg,meningioma,train,train/meningioma/M_851_HF_.jpg
M_841_HF_.jpg,meningioma,train,train/meningioma/M_841_HF_.jpg
M_886_BR_.jpg,meningioma,train,train/meningioma/M_886_BR_.jpg
Te-me_0261.jpg,meningioma,train,train/meningioma/Te-me_0261.jpg
Te-me_0260.jpg,meningioma,train,train/meningioma/Te-me_0260.jpg
M_872_BR_.jpg,meningioma,train,train/meningioma/M_872_BR_.jpg
M_862_BR_.jpg,meningioma,train,train/meningioma/M_862_BR_.jpg
Tr-me_0595.jpg,meningioma,train,train/meningioma/Tr-me_0595.jpg
M_856_DA_.jpg,meningioma,train,train/meningioma/M_856_DA_.jpg
Te-me_0248.jpg,meningioma,train,train/meningioma/Te-me_0248.jpg
M_846_DA_.jpg,meningioma,train,train/meningioma/M_846_DA_.jpg
Tr-me_1112.jpg,meningioma,train,train/meningioma/Tr-me_1112.jpg
m3 (131).jpg,meningioma,train,train/meningioma/m3 (131).jpg
Tr-me_0218.jpg,meningioma,train,train/meningioma/Tr-me_0218.jpg
Tr-me_1106.jpg,meningioma,train,train/meningioma/Tr-me_1106.jpg
m1(91).jpg,meningioma,train,train/meningioma/m1(91).jpg
Tr-me_0556.jpg,meningioma,train,train/meningioma/Tr-me_0556.jpg
Tr-me_0230.jpg,meningioma,train,train/meningioma/Tr-me_0230.jpg
m2 (75).jpg,meningioma,train,train/meningioma/m2 (75).jpg
Tr-me_0224.jpg,meningioma,train,train/meningioma/Tr-me_0224.jpg
Tr-me_0542.jpg,meningioma,train,train/meningioma/Tr-me_0542.jpg
Tr-me_0973.jpg,meningioma,train,train/meningioma/Tr-me_0973.jpg
M_886_RO_.jpg,meningioma,train,train/meningioma/M_886_RO_.jpg
Tr-me_0967.jpg,meningioma,train,train/meningioma/Tr-me_0967.jpg
Te-me_0076.jpg,meningioma,train,train/meningioma/Te-me_0076.jpg
M_831_VF_.jpg,meningioma,train,train/meningioma/M_831_VF_.jpg
m1(7).jpg,meningioma,train,train/meningioma/m1(7).jpg
Tr-me_0768.jpg,meningioma,train,train/meningioma/Tr-me_0768.jpg
m3 (166).jpg,meningioma,train,train/meningioma/m3 (166).jpg
M_821_VF_.jpg,meningioma,train,train/meningioma/M_821_VF_.jpg
Tr-me_0032.jpg,meningioma,train,train/meningioma/Tr-me_0032.jpg
m2 (22).jpg,meningioma,train,train/meningioma/m2 (22).jpg
Tr-me_0998.jpg,meningioma,train,train/meningioma/Tr-me_0998.jpg
Tr-me_1338.jpg,meningioma,train,train/meningioma/Tr-me_1338.jpg
Te-me_0089.jpg,meningioma,train,train/meningioma/Te-me_0089.jpg
Te-me_0116.jpg,meningioma,train,train/meningioma/Te-me_0116.jpg
Tr-me_0807.jpg,meningioma,train,train/meningioma/Tr-me_0807.jpg
Tr-me_0813.jpg,meningioma,train,train/meningioma/Tr-me_0813.jpg
Te-me_0102.jpg,meningioma,train,train/meningioma/Te-me_0102.jpg
Tr-me_0185.jpg,meningioma,train,train/meningioma/Tr-me_0185.jpg
M_853_VF_.jpg,meningioma,train,train/meningioma/M_853_VF_.jpg
M_843_VF_.jpg,meningioma,train,train/meningioma/M_843_VF_.jpg
Tr-me_0191.jpg,meningioma,train,train/meningioma/Tr-me_0191.jpg
m3 (170).jpg,meningioma,train,train/meningioma/m3 (170).jpg
Tr-me_0608.jpg,meningioma,train,train/meningioma/Tr-me_0608.jpg
Tr-me_0146.jpg,meningioma,train,train/meningioma/Tr-me_0146.jpg
Tr-me_1258.jpg,meningioma,train,train/meningioma/Tr-me_1258.jpg
m2 (34).jpg,meningioma,train,train/meningioma/m2 (34).jpg
Tr-me_0620.jpg,meningioma,train,train/meningioma/Tr-me_0620.jpg
M_829.jpg,meningioma,train,train/meningioma/M_829.jpg
M_819_SP_.jpg,meningioma,train,train/meningioma/M_819_SP_.jpg
Tr-me_0152.jpg,meningioma,train,train/meningioma/Tr-me_0152.jpg
Te-me_0300.jpg,meningioma,train,train/meningioma/Te-me_0300.jpg
1380.jpg,meningioma,train,train/meningioma/1380.jpg
Tr-me_0387.jpg,meningioma,train,train/meningioma/Tr-me_0387.jpg
Tr-me_1099.jpg,meningioma,train,train/meningioma/Tr-me_1099.jpg
Tr-me_0393.jpg,meningioma,train,train/meningioma/Tr-me_0393.jpg
1394.jpg,meningioma,train,train/meningioma/1394.jpg
M_834_DA_.jpg,meningioma,train,train/meningioma/M_834_DA_.jpg
1419.jpg,meningioma,train,train/meningioma/1419.jpg
Tr-me_1066.jpg,meningioma,train,train/meningioma/Tr-me_1066.jpg
Tr-me_0378.jpg,meningioma,train,train/meningioma/Tr-me_0378.jpg
m3 (127).jpg,meningioma,train,train/meningioma/m3 (127).jpg
Tr-me_1072.jpg,meningioma,train,train/meningioma/Tr-me_1072.jpg
M_824_DA_.jpg,meningioma,train,train/meningioma/M_824_DA_.jpg
Tr-me_0422.jpg,meningioma,train,train/meningioma/Tr-me_0422.jpg
1343.jpg,meningioma,train,train/meningioma/1343.jpg
1425.jpg,meningioma,train,train/meningioma/1425.jpg
Tr-me_0344.jpg,meningioma,train,train/meningioma/Tr-me_0344.jpg
1431.jpg,meningioma,train,train/meningioma/1431.jpg
m2 (63).jpg,meningioma,train,train/meningioma/m2 (63).jpg
Tr-me_0350.jpg,meningioma,train,train/meningioma/Tr-me_0350.jpg
m1(87).jpg,meningioma,train,train/meningioma/m1(87).jpg
Tr-me_0436.jpg,meningioma,train,train/meningioma/Tr-me_0436.jpg
1357.jpg,meningioma,train,train/meningioma/1357.jpg
Tr-me_1015.jpg,meningioma,train,train/meningioma/Tr-me_1015.jpg
1318.jpg,meningioma,train,train/meningioma/1318.jpg
Tr-me_0479.jpg,meningioma,train,train/meningioma/Tr-me_0479.jpg
Tr-me_1001.jpg,meningioma,train,train/meningioma/Tr-me_1001.jpg
Tr-me_0337.jpg,meningioma,train,train/meningioma/Tr-me_0337.jpg
Tr-me_1029.jpg,meningioma,train,train/meningioma/Tr-me_1029.jpg
1330.jpg,meningioma,train,train/meningioma/1330.jpg
Tr-me_0451.jpg,meningioma,train,train/meningioma/Tr-me_0451.jpg
1324.jpg,meningioma,train,train/meningioma/1324.jpg
m2 (167).jpg,meningioma,train,train/meningioma/m2 (167).jpg
Tr-me_0445.jpg,meningioma,train,train/meningioma/Tr-me_0445.jpg
Tr-me_0323.jpg,meningioma,train,train/meningioma/Tr-me_0323.jpg
1442.jpg,meningioma,train,train/meningioma/1442.jpg
m2 (87).jpg,meningioma,train,train/meningioma/m2 (87).jpg
Tr-me_0492.jpg,meningioma,train,train/meningioma/Tr-me_0492.jpg
M_838_HF_.jpg,meningioma,train,train/meningioma/M_838_HF_.jpg
Tr-me_0486.jpg,meningioma,train,train/meningioma/Tr-me_0486.jpg
M_828_HF_.jpg,meningioma,train,train/meningioma/M_828_HF_.jpg
m2 (68).jpg,meningioma,train,train/meningioma/m2 (68).jpg
M_866.jpg,meningioma,train,train/meningioma/M_866.jpg
M_862_DA_.jpg,meningioma,train,train/meningioma/M_862_DA_.jpg
Tr-me_1217.jpg,meningioma,train,train/meningioma/Tr-me_1217.jpg
Tr-me_0109.jpg,meningioma,train,train/meningioma/Tr-me_0109.jpg
Tr-me_1203.jpg,meningioma,train,train/meningioma/Tr-me_1203.jpg
M_872.jpg,meningioma,train,train/meningioma/M_872.jpg
M_872_DA_.jpg,meningioma,train,train/meningioma/M_872_DA_.jpg
m2 (130).jpg,meningioma,train,train/meningioma/m2 (130).jpg
M_881_HF_.jpg,meningioma,train,train/meningioma/M_881_HF_.jpg
Tr-me_0135.jpg,meningioma,train,train/meningioma/Tr-me_0135.jpg
M_846_BR_.jpg,meningioma,train,train/meningioma/M_846_BR_.jpg
Tr-me_0121.jpg,meningioma,train,train/meningioma/Tr-me_0121.jpg
M_856_BR_.jpg,meningioma,train,train/meningioma/M_856_BR_.jpg
Tr-me_0874.jpg,meningioma,train,train/meningioma/Tr-me_0874.jpg
Te-me_0165.jpg,meningioma,train,train/meningioma/Te-me_0165.jpg
Te-me_0171.jpg,meningioma,train,train/meningioma/Te-me_0171.jpg
Tr-me_0860.jpg,meningioma,train,train/meningioma/Tr-me_0860.jpg
m2 (5).jpg,meningioma,train,train/meningioma/m2 (5).jpg
Tr-me_0848.jpg,meningioma,train,train/meningioma/Tr-me_0848.jpg
Te-me_0159.jpg,meningioma,train,train/meningioma/Te-me_0159.jpg
M_869_RO_.jpg,meningioma,train,train/meningioma/M_869_RO_.jpg
M_884_SP_.jpg,meningioma,train,train/meningioma/M_884_SP_.jpg
M_879_RO_.jpg,meningioma,train,train/meningioma/M_879_RO_.jpg
Tr-me_0041.jpg,meningioma,train,train/meningioma/Tr-me_0041.jpg
m2 (126).jpg,meningioma,train,train/meningioma/m2 (126).jpg
Tr-me_0900.jpg,meningioma,train,train/meningioma/Tr-me_0900.jpg
M_824_BR_.jpg,meningioma,train,train/meningioma/M_824_BR_.jpg
Tr-me_0914.jpg,meningioma,train,train/meningioma/Tr-me_0914.jpg
M_834_BR_.jpg,meningioma,train,train/meningioma/M_834_BR_.jpg
m3 (182).jpg,meningioma,train,train/meningioma/m3 (182).jpg
Tr-me_0082.jpg,meningioma,train,train/meningioma/Tr-me_0082.jpg
Tr-me_0096.jpg,meningioma,train,train/meningioma/Tr-me_0096.jpg
Tr-me_0928.jpg,meningioma,train,train/meningioma/Tr-me_0928.jpg
m2 (29).jpg,meningioma,train,train/meningioma/m2 (29).jpg
M_867_VF_.jpg,meningioma,train,train/meningioma/M_867_VF_.jpg
Tr-me_1161.jpg,meningioma,train,train/meningioma/Tr-me_1161.jpg
Tr-me_0519.jpg,meningioma,train,train/meningioma/Tr-me_0519.jpg
M_877_VF_.jpg,meningioma,train,train/meningioma/M_877_VF_.jpg
Tr-me_1175.jpg,meningioma,train,train/meningioma/Tr-me_1175.jpg
Tr-me_0243.jpg,meningioma,train,train/meningioma/Tr-me_0243.jpg
Tr-me_0525.jpg,meningioma,train,train/meningioma/Tr-me_0525.jpg
m2 (171).jpg,meningioma,train,train/meningioma/m2 (171).jpg
Tr-me_0531.jpg,meningioma,train,train/meningioma/Tr-me_0531.jpg
Tr-me_1149.jpg,meningioma,train,train/meningioma/Tr-me_1149.jpg
Tr-me_0257.jpg,meningioma,train,train/meningioma/Tr-me_0257.jpg
Te-me_0213.jpg,meningioma,train,train/meningioma/Te-me_0213.jpg
m1(75).jpg,meningioma,train,train/meningioma/m1(75).jpg
m2 (91).jpg,meningioma,train,train/meningioma/m2 (91).jpg
Te-me_0207.jpg,meningioma,train,train/meningioma/Te-me_0207.jpg
Tr-me_0280.jpg,meningioma,train,train/meningioma/Tr-me_0280.jpg
Tr-me_0294.jpg,meningioma,train,train/meningioma/Tr-me_0294.jpg
Tr-me_0295.jpg,meningioma,train,train/meningioma/Tr-me_0295.jpg
Tr-me_0281.jpg,meningioma,train,train/meningioma/Tr-me_0281.jpg
M_834_RO_.jpg,meningioma,train,train/meningioma/M_834_RO_.jpg
Te-me_0206.jpg,meningioma,train,train/meningioma/Te-me_0206.jpg
Te-me_0212.jpg,meningioma,train,train/meningioma/Te-me_0212.jpg
M_824_RO_.jpg,meningioma,train,train/meningioma/M_824_RO_.jpg
Tr-me_0530.jpg,meningioma,train,train/meningioma/Tr-me_0530.jpg
Tr-me_0256.jpg,meningioma,train,train/meningioma/Tr-me_0256.jpg
Tr-me_1148.jpg,meningioma,train,train/meningioma/Tr-me_1148.jpg
Tr-me_0242.jpg,meningioma,train,train/meningioma/Tr-me_0242.jpg
Tr-me_0524.jpg,meningioma,train,train/meningioma/Tr-me_0524.jpg
M_883_VF_.jpg,meningioma,train,train/meningioma/M_883_VF_.jpg
m3 (141).jpg,meningioma,train,train/meningioma/m3 (141).jpg
Tr-me_1174.jpg,meningioma,train,train/meningioma/Tr-me_1174.jpg
M_879_BR_.jpg,meningioma,train,train/meningioma/M_879_BR_.jpg
Tr-me_1160.jpg,meningioma,train,train/meningioma/Tr-me_1160.jpg
M_869_BR_.jpg,meningioma,train,train/meningioma/M_869_BR_.jpg
Tr-me_0518.jpg,meningioma,train,train/meningioma/Tr-me_0518.jpg
Tr-me_0097.jpg,meningioma,train,train/meningioma/Tr-me_0097.jpg
Tr-me_0929.jpg,meningioma,train,train/meningioma/Tr-me_0929.jpg
Tr-me_0083.jpg,meningioma,train,train/meningioma/Tr-me_0083.jpg
Tr-me_0915.jpg,meningioma,train,train/meningioma/Tr-me_0915.jpg
Tr-me_0901.jpg,meningioma,train,train/meningioma/Tr-me_0901.jpg
m2 (52).jpg,meningioma,train,train/meningioma/m2 (52).jpg
Tr-me_0040.jpg,meningioma,train,train/meningioma/Tr-me_0040.jpg
M_870_SP_.jpg,meningioma,train,train/meningioma/M_870_SP_.jpg
M_860_SP_.jpg,meningioma,train,train/meningioma/M_860_SP_.jpg
m3 (116).jpg,meningioma,train,train/meningioma/m3 (116).jpg
Tr-me_0849.jpg,meningioma,train,train/meningioma/Tr-me_0849.jpg
Te-me_0158.jpg,meningioma,train,train/meningioma/Te-me_0158.jpg
Te-me_0170.jpg,meningioma,train,train/meningioma/Te-me_0170.jpg
Tr-me_0861.jpg,meningioma,train,train/meningioma/Tr-me_0861.jpg
Tr-me_0875.jpg,meningioma,train,train/meningioma/Tr-me_0875.jpg
Te-me_0164.jpg,meningioma,train,train/meningioma/Te-me_0164.jpg
Tr-me_0120.jpg,meningioma,train,train/meningioma/Tr-me_0120.jpg
M_858_VF_.jpg,meningioma,train,train/meningioma/M_858_VF_.jpg
m2 (44).jpg,meningioma,train,train/meningioma/m2 (44).jpg
M_865_HF_.jpg,meningioma,train,train/meningioma/M_865_HF_.jpg
M_848_VF_.jpg,meningioma,train,train/meningioma/M_848_VF_.jpg
Tr-me_0134.jpg,meningioma,train,train/meningioma/Tr-me_0134.jpg
M_875_HF_.jpg,meningioma,train,train/meningioma/M_875_HF_.jpg
m3 (100).jpg,meningioma,train,train/meningioma/m3 (100).jpg
Tr-me_1202.jpg,meningioma,train,train/meningioma/Tr-me_1202.jpg
M_886_DA_.jpg,meningioma,train,train/meningioma/M_886_DA_.jpg
M_873.jpg,meningioma,train,train/meningioma/M_873.jpg
M_867.jpg,meningioma,train,train/meningioma/M_867.jpg
Tr-me_0108.jpg,meningioma,train,train/meningioma/Tr-me_0108.jpg
Tr-me_1216.jpg,meningioma,train,train/meningioma/Tr-me_1216.jpg
Tr-me_0487.jpg,meningioma,train,train/meningioma/Tr-me_0487.jpg
Tr-me_0493.jpg,meningioma,train,train/meningioma/Tr-me_0493.jpg
Tr-me_0444.jpg,meningioma,train,train/meningioma/Tr-me_0444.jpg
1325.jpg,meningioma,train,train/meningioma/1325.jpg
M_856_RO_.jpg,meningioma,train,train/meningioma/M_856_RO_.jpg
m3 (13).jpg,meningioma,train,train/meningioma/m3 (13).jpg
1443.jpg,meningioma,train,train/meningioma/1443.jpg
Tr-me_0322.jpg,meningioma,train,train/meningioma/Tr-me_0322.jpg
Tr-me_1028.jpg,meningioma,train,train/meningioma/Tr-me_1028.jpg
Tr-me_0336.jpg,meningioma,train,train/meningioma/Tr-me_0336.jpg
Tr-me_0450.jpg,meningioma,train,train/meningioma/Tr-me_0450.jpg
M_846_RO_.jpg,meningioma,train,train/meningioma/M_846_RO_.jpg
m2 (13).jpg,meningioma,train,train/meningioma/m2 (13).jpg
1331.jpg,meningioma,train,train/meningioma/1331.jpg
Tr-me_0478.jpg,meningioma,train,train/meningioma/Tr-me_0478.jpg
1319.jpg,meningioma,train,train/meningioma/1319.jpg
Tr-me_1000.jpg,meningioma,train,train/meningioma/Tr-me_1000.jpg
Tr-me_1014.jpg,meningioma,train,train/meningioma/Tr-me_1014.jpg
m3 (157).jpg,meningioma,train,train/meningioma/m3 (157).jpg
m3 (120).jpg,meningioma,train,train/meningioma/m3 (120).jpg
Tr-me_1002.jpg,meningioma,train,train/meningioma/Tr-me_1002.jpg
M_870_RO_.jpg,meningioma,train,train/meningioma/M_870_RO_.jpg
M_860_RO_.jpg,meningioma,train,train/meningioma/M_860_RO_.jpg
Tr-me_0308.jpg,meningioma,train,train/meningioma/Tr-me_0308.jpg
Tr-me_1016.jpg,meningioma,train,train/meningioma/Tr-me_1016.jpg
Tr-me_0320.jpg,meningioma,train,train/meningioma/Tr-me_0320.jpg
m2 (64).jpg,meningioma,train,train/meningioma/m2 (64).jpg
1441.jpg,meningioma,train,train/meningioma/1441.jpg
1327.jpg,meningioma,train,train/meningioma/1327.jpg
m1(80).jpg,meningioma,train,train/meningioma/m1(80).jpg
Tr-me_0446.jpg,meningioma,train,train/meningioma/Tr-me_0446.jpg
1333.jpg,meningioma,train,train/meningioma/1333.jpg
Tr-me_0452.jpg,meningioma,train,train/meningioma/Tr-me_0452.jpg
Tr-me_0334.jpg,meningioma,train,train/meningioma/Tr-me_0334.jpg
Tr-me_0485.jpg,meningioma,train,train/meningioma/Tr-me_0485.jpg
M_819_DA_.jpg,meningioma,train,train/meningioma/M_819_DA_.jpg
Tr-me_0491.jpg,meningioma,train,train/meningioma/Tr-me_0491.jpg
m2 (9).jpg,meningioma,train,train/meningioma/m2 (9).jpg
M_871.jpg,meningioma,train,train/meningioma/M_871.jpg
Tr-me_1200.jpg,meningioma,train,train/meningioma/Tr-me_1200.jpg
M_884_BR_.jpg,meningioma,train,train/meningioma/M_884_BR_.jpg
M_843_HF_.jpg,meningioma,train,train/meningioma/M_843_HF_.jpg
Tr-me_1214.jpg,meningioma,train,train/meningioma/Tr-me_1214.jpg
M_865.jpg,meningioma,train,train/meningioma/M_865.jpg
m3 (177).jpg,meningioma,train,train/meningioma/m3 (177).jpg
M_853_HF_.jpg,meningioma,train,train/meningioma/M_853_HF_.jpg
Tr-me_0122.jpg,meningioma,train,train/meningioma/Tr-me_0122.jpg
Te-me_0199.jpg,meningioma,train,train/meningioma/Te-me_0199.jpg
Tr-me_0136.jpg,meningioma,train,train/meningioma/Tr-me_0136.jpg
M_859.jpg,meningioma,train,train/meningioma/M_859.jpg
Tr-me_0888.jpg,meningioma,train,train/meningioma/Tr-me_0888.jpg
m2 (33).jpg,meningioma,train,train/meningioma/m2 (33).jpg
Tr-me_0863.jpg,meningioma,train,train/meningioma/Tr-me_0863.jpg
M_834_SP_.jpg,meningioma,train,train/meningioma/M_834_SP_.jpg
Te-me_0172.jpg,meningioma,train,train/meningioma/Te-me_0172.jpg
Te-me_0166.jpg,meningioma,train,train/meningioma/Te-me_0166.jpg
M_824_SP_.jpg,meningioma,train,train/meningioma/M_824_SP_.jpg
Tr-me_0877.jpg,meningioma,train,train/meningioma/Tr-me_0877.jpg
m2 (25).jpg,meningioma,train,train/meningioma/m2 (25).jpg
M_856_SP_.jpg,meningioma,train,train/meningioma/M_856_SP_.jpg
M_846_SP_.jpg,meningioma,train,train/meningioma/M_846_SP_.jpg
Tr-me_0917.jpg,meningioma,train,train/meningioma/Tr-me_0917.jpg
Tr-me_0903.jpg,meningioma,train,train/meningioma/Tr-me_0903.jpg
M_821_HF_.jpg,meningioma,train,train/meningioma/M_821_HF_.jpg
Tr-me_0095.jpg,meningioma,train,train/meningioma/Tr-me_0095.jpg
Tr-me_0081.jpg,meningioma,train,train/meningioma/Tr-me_0081.jpg
M_831_HF_.jpg,meningioma,train,train/meningioma/M_831_HF_.jpg
Tr-me_1176.jpg,meningioma,train,train/meningioma/Tr-me_1176.jpg
Tr-me_0268.jpg,meningioma,train,train/meningioma/Tr-me_0268.jpg
m1(79).jpg,meningioma,train,train/meningioma/m1(79).jpg
Tr-me_1162.jpg,meningioma,train,train/meningioma/Tr-me_1162.jpg
m3 (136).jpg,meningioma,train,train/meningioma/m3 (136).jpg
Tr-me_0254.jpg,meningioma,train,train/meningioma/Tr-me_0254.jpg
Tr-me_0532.jpg,meningioma,train,train/meningioma/Tr-me_0532.jpg
m1(96).jpg,meningioma,train,train/meningioma/m1(96).jpg
Tr-me_0526.jpg,meningioma,train,train/meningioma/Tr-me_0526.jpg
m2 (72).jpg,meningioma,train,train/meningioma/m2 (72).jpg
Tr-me_0240.jpg,meningioma,train,train/meningioma/Tr-me_0240.jpg
Te-me_0204.jpg,meningioma,train,train/meningioma/Te-me_0204.jpg
Te-me_0210.jpg,meningioma,train,train/meningioma/Te-me_0210.jpg
Tr-me_0297.jpg,meningioma,train,train/meningioma/Tr-me_0297.jpg
Tr-me_1189.jpg,meningioma,train,train/meningioma/Tr-me_1189.jpg
Te-me_0238.jpg,meningioma,train,train/meningioma/Te-me_0238.jpg
Tr-me_0283.jpg,meningioma,train,train/meningioma/Tr-me_0283.jpg
Tr-me_0282.jpg,meningioma,train,train/meningioma/Tr-me_0282.jpg
Tr-me_1188.jpg,meningioma,train,train/meningioma/Tr-me_1188.jpg
Te-me_0239.jpg,meningioma,train,train/meningioma/Te-me_0239.jpg
Tr-me_0296.jpg,meningioma,train,train/meningioma/Tr-me_0296.jpg
Te-me_0211.jpg,meningioma,train,train/meningioma/Te-me_0211.jpg
Te-me_0205.jpg,meningioma,train,train/meningioma/Te-me_0205.jpg
M_841_VF_.jpg,meningioma,train,train/meningioma/M_841_VF_.jpg
Tr-me_0527.jpg,meningioma,train,train/meningioma/Tr-me_0527.jpg
Tr-me_0241.jpg,meningioma,train,train/meningioma/Tr-me_0241.jpg
M_851_VF_.jpg,meningioma,train,train/meningioma/M_851_VF_.jpg
Tr-me_0255.jpg,meningioma,train,train/meningioma/Tr-me_0255.jpg
m2 (106).jpg,meningioma,train,train/meningioma/m2 (106).jpg
Tr-me_0533.jpg,meningioma,train,train/meningioma/Tr-me_0533.jpg
Tr-me_1163.jpg,meningioma,train,train/meningioma/Tr-me_1163.jpg
Tr-me_0269.jpg,meningioma,train,train/meningioma/Tr-me_0269.jpg
Tr-me_1177.jpg,meningioma,train,train/meningioma/Tr-me_1177.jpg
Tr-me_0080.jpg,meningioma,train,train/meningioma/Tr-me_0080.jpg
Tr-me_0094.jpg,meningioma,train,train/meningioma/Tr-me_0094.jpg
Tr-me_0902.jpg,meningioma,train,train/meningioma/Tr-me_0902.jpg
M_826_DA_.jpg,meningioma,train,train/meningioma/M_826_DA_.jpg
Tr-me_0916.jpg,meningioma,train,train/meningioma/Tr-me_0916.jpg
M_836_DA_.jpg,meningioma,train,train/meningioma/M_836_DA_.jpg
m2 (151).jpg,meningioma,train,train/meningioma/m2 (151).jpg
m2 (48).jpg,meningioma,train,train/meningioma/m2 (48).jpg
Te-me_0167.jpg,meningioma,train,train/meningioma/Te-me_0167.jpg
Tr-me_0876.jpg,meningioma,train,train/meningioma/Tr-me_0876.jpg
m1(43).jpg,meningioma,train,train/meningioma/m1(43).jpg
Tr-me_0862.jpg,meningioma,train,train/meningioma/Tr-me_0862.jpg
Te-me_0173.jpg,meningioma,train,train/meningioma/Te-me_0173.jpg
Tr-me_0137.jpg,meningioma,train,train/meningioma/Tr-me_0137.jpg
Tr-me_1229.jpg,meningioma,train,train/meningioma/Tr-me_1229.jpg
Te-me_0198.jpg,meningioma,train,train/meningioma/Te-me_0198.jpg
Tr-me_0889.jpg,meningioma,train,train/meningioma/Tr-me_0889.jpg
M_858.jpg,meningioma,train,train/meningioma/M_858.jpg
M_844_DA_.jpg,meningioma,train,train/meningioma/M_844_DA_.jpg
m2 (147).jpg,meningioma,train,train/meningioma/m2 (147).jpg
Tr-me_0123.jpg,meningioma,train,train/meningioma/Tr-me_0123.jpg
M_854_DA_.jpg,meningioma,train,train/meningioma/M_854_DA_.jpg
Tr-me_1215.jpg,meningioma,train,train/meningioma/Tr-me_1215.jpg
M_860_BR_.jpg,meningioma,train,train/meningioma/M_860_BR_.jpg
M_864.jpg,meningioma,train,train/meningioma/M_864.jpg
M_870.jpg,meningioma,train,train/meningioma/M_870.jpg
M_870_BR_.jpg,meningioma,train,train/meningioma/M_870_BR_.jpg
Tr-me_1201.jpg,meningioma,train,train/meningioma/Tr-me_1201.jpg
Tr-me_0490.jpg,meningioma,train,train/meningioma/Tr-me_0490.jpg
Tr-me_0484.jpg,meningioma,train,train/meningioma/Tr-me_0484.jpg
M_823_VF_.jpg,meningioma,train,train/meningioma/M_823_VF_.jpg
M_833_VF_.jpg,meningioma,train,train/meningioma/M_833_VF_.jpg
Tr-me_0453.jpg,meningioma,train,train/meningioma/Tr-me_0453.jpg
1332.jpg,meningioma,train,train/meningioma/1332.jpg
m2 (110).jpg,meningioma,train,train/meningioma/m2 (110).jpg
Tr-me_0335.jpg,meningioma,train,train/meningioma/Tr-me_0335.jpg
1440.jpg,meningioma,train,train/meningioma/1440.jpg
Tr-me_0321.jpg,meningioma,train,train/meningioma/Tr-me_0321.jpg
Tr-me_0447.jpg,meningioma,train,train/meningioma/Tr-me_0447.jpg
1326.jpg,meningioma,train,train/meningioma/1326.jpg
M_869_SP_.jpg,meningioma,train,train/meningioma/M_869_SP_.jpg
Tr-me_1017.jpg,meningioma,train,train/meningioma/Tr-me_1017.jpg
Tr-me_0309.jpg,meningioma,train,train/meningioma/Tr-me_0309.jpg
Tr-me_1003.jpg,meningioma,train,train/meningioma/Tr-me_1003.jpg
M_884_RO_.jpg,meningioma,train,train/meningioma/M_884_RO_.jpg
M_879_SP_.jpg,meningioma,train,train/meningioma/M_879_SP_.jpg
1322.jpg,meningioma,train,train/meningioma/1322.jpg
Tr-me_0443.jpg,meningioma,train,train/meningioma/Tr-me_0443.jpg
Tr-me_0325.jpg,meningioma,train,train/meningioma/Tr-me_0325.jpg
m2 (111).jpg,meningioma,train,train/meningioma/m2 (111).jpg
1444.jpg,meningioma,train,train/meningioma/1444.jpg
Tr-me_0331.jpg,meningioma,train,train/meningioma/Tr-me_0331.jpg
1336.jpg,meningioma,train,train/meningioma/1336.jpg
Tr-me_0457.jpg,meningioma,train,train/meningioma/Tr-me_0457.jpg
M_852_HF_.jpg,meningioma,train,train/meningioma/M_852_HF_.jpg
Tr-me_0319.jpg,meningioma,train,train/meningioma/Tr-me_0319.jpg
Tr-me_1007.jpg,meningioma,train,train/meningioma/Tr-me_1007.jpg
M_885_BR_.jpg,meningioma,train,train/meningioma/M_885_BR_.jpg
Tr-me_1013.jpg,meningioma,train,train/meningioma/Tr-me_1013.jpg
M_842_HF_.jpg,meningioma,train,train/meningioma/M_842_HF_.jpg
Tr-me_0480.jpg,meningioma,train,train/meningioma/Tr-me_0480.jpg
Tr-me_0494.jpg,meningioma,train,train/meningioma/Tr-me_0494.jpg
M_825_SP_.jpg,meningioma,train,train/meningioma/M_825_SP_.jpg
M_835_SP_.jpg,meningioma,train,train/meningioma/M_835_SP_.jpg
Tr-me_1239.jpg,meningioma,train,train/meningioma/Tr-me_1239.jpg
Te-me_0188.jpg,meningioma,train,train/meningioma/Te-me_0188.jpg
Tr-me_0127.jpg,meningioma,train,train/meningioma/Tr-me_0127.jpg
M_848.jpg,meningioma,train,train/meningioma/M_848.jpg
Tr-me_0899.jpg,meningioma,train,train/meningioma/Tr-me_0899.jpg
m2 (146).jpg,meningioma,train,train/meningioma/m2 (146).jpg
Tr-me_0133.jpg,meningioma,train,train/meningioma/Tr-me_0133.jpg
Tr-me_1205.jpg,meningioma,train,train/meningioma/Tr-me_1205.jpg
M_861_RO_.jpg,meningioma,train,train/meningioma/M_861_RO_.jpg
M_874.jpg,meningioma,train,train/meningioma/M_874.jpg
M_860.jpg,meningioma,train,train/meningioma/M_860.jpg
M_871_RO_.jpg,meningioma,train,train/meningioma/M_871_RO_.jpg
Tr-me_1211.jpg,meningioma,train,train/meningioma/Tr-me_1211.jpg
m2 (49).jpg,meningioma,train,train/meningioma/m2 (49).jpg
Te-me_0177.jpg,meningioma,train,train/meningioma/Te-me_0177.jpg
Tr-me_0866.jpg,meningioma,train,train/meningioma/Tr-me_0866.jpg
Tr-me_0872.jpg,meningioma,train,train/meningioma/Tr-me_0872.jpg
Te-me_0163.jpg,meningioma,train,train/meningioma/Te-me_0163.jpg
m2 (150).jpg,meningioma,train,train/meningioma/m2 (150).jpg
Tr-me_0090.jpg,meningioma,train,train/meningioma/Tr-me_0090.jpg
Tr-me_0084.jpg,meningioma,train,train/meningioma/Tr-me_0084.jpg
Tr-me_0912.jpg,meningioma,train,train/meningioma/Tr-me_0912.jpg
Tr-me_0906.jpg,meningioma,train,train/meningioma/Tr-me_0906.jpg
Tr-me_0537.jpg,meningioma,train,train/meningioma/Tr-me_0537.jpg
M_847_SP_.jpg,meningioma,train,train/meningioma/M_847_SP_.jpg
Tr-me_0251.jpg,meningioma,train,train/meningioma/Tr-me_0251.jpg
M_857_SP_.jpg,meningioma,train,train/meningioma/M_857_SP_.jpg
m2 (107).jpg,meningioma,train,train/meningioma/m2 (107).jpg
Tr-me_0245.jpg,meningioma,train,train/meningioma/Tr-me_0245.jpg
Tr-me_0523.jpg,meningioma,train,train/meningioma/Tr-me_0523.jpg
Tr-me_1167.jpg,meningioma,train,train/meningioma/Tr-me_1167.jpg
Tr-me_0279.jpg,meningioma,train,train/meningioma/Tr-me_0279.jpg
M_830_HF_.jpg,meningioma,train,train/meningioma/M_830_HF_.jpg
Tr-me_0292.jpg,meningioma,train,train/meningioma/Tr-me_0292.jpg
Tr-me_0286.jpg,meningioma,train,train/meningioma/Tr-me_0286.jpg
M_820_HF_.jpg,meningioma,train,train/meningioma/M_820_HF_.jpg
Tr-me_1198.jpg,meningioma,train,train/meningioma/Tr-me_1198.jpg
Te-me_0229.jpg,meningioma,train,train/meningioma/Te-me_0229.jpg
Te-me_0201.jpg,meningioma,train,train/meningioma/Te-me_0201.jpg
Te-me_0215.jpg,meningioma,train,train/meningioma/Te-me_0215.jpg
Te-me_0214.jpg,meningioma,train,train/meningioma/Te-me_0214.jpg
M_837_DA_.jpg,meningioma,train,train/meningioma/M_837_DA_.jpg
M_827_DA_.jpg,meningioma,train,train/meningioma/M_827_DA_.jpg
Te-me_0200.jpg,meningioma,train,train/meningioma/Te-me_0200.jpg
Tr-me_1199.jpg,meningioma,train,train/meningioma/Tr-me_1199.jpg
Te-me_0228.jpg,meningioma,train,train/meningioma/Te-me_0228.jpg
Tr-me_0287.jpg,meningioma,train,train/meningioma/Tr-me_0287.jpg
Tr-me_0293.jpg,meningioma,train,train/meningioma/Tr-me_0293.jpg
Tr-me_0278.jpg,meningioma,train,train/meningioma/Tr-me_0278.jpg
Tr-me_1166.jpg,meningioma,train,train/meningioma/Tr-me_1166.jpg
m1(78).jpg,meningioma,train,train/meningioma/m1(78).jpg
Tr-me_1172.jpg,meningioma,train,train/meningioma/Tr-me_1172.jpg
m3 (137).jpg,meningioma,train,train/meningioma/m3 (137).jpg
Tr-me_0244.jpg,meningioma,train,train/meningioma/Tr-me_0244.jpg
Tr-me_0522.jpg,meningioma,train,train/meningioma/Tr-me_0522.jpg
m1(97).jpg,meningioma,train,train/meningioma/m1(97).jpg
Tr-me_0536.jpg,meningioma,train,train/meningioma/Tr-me_0536.jpg
Tr-me_0250.jpg,meningioma,train,train/meningioma/Tr-me_0250.jpg
m2 (73).jpg,meningioma,train,train/meningioma/m2 (73).jpg
Tr-me_0907.jpg,meningioma,train,train/meningioma/Tr-me_0907.jpg
Tr-me_0913.jpg,meningioma,train,train/meningioma/Tr-me_0913.jpg
Tr-me_0085.jpg,meningioma,train,train/meningioma/Tr-me_0085.jpg
Tr-me_0091.jpg,meningioma,train,train/meningioma/Tr-me_0091.jpg
m3 (160).jpg,meningioma,train,train/meningioma/m3 (160).jpg
m2 (24).jpg,meningioma,train,train/meningioma/m2 (24).jpg
M_850_VF_.jpg,meningioma,train,train/meningioma/M_850_VF_.jpg
M_840_VF_.jpg,meningioma,train,train/meningioma/M_840_VF_.jpg
Tr-me_0873.jpg,meningioma,train,train/meningioma/Tr-me_0873.jpg
Te-me_0162.jpg,meningioma,train,train/meningioma/Te-me_0162.jpg
M_832_VF_.jpg,meningioma,train,train/meningioma/M_832_VF_.jpg
Te-me_0176.jpg,meningioma,train,train/meningioma/Te-me_0176.jpg
M_822_VF_.jpg,meningioma,train,train/meningioma/M_822_VF_.jpg
Tr-me_0867.jpg,meningioma,train,train/meningioma/Tr-me_0867.jpg
M_885_RO_.jpg,meningioma,train,train/meningioma/M_885_RO_.jpg
m2 (8).jpg,meningioma,train,train/meningioma/m2 (8).jpg
M_878_SP_.jpg,meningioma,train,train/meningioma/M_878_SP_.jpg
M_861.jpg,meningioma,train,train/meningioma/M_861.jpg
Tr-me_1210.jpg,meningioma,train,train/meningioma/Tr-me_1210.jpg
M_868_SP_.jpg,meningioma,train,train/meningioma/M_868_SP_.jpg
Tr-me_1204.jpg,meningioma,train,train/meningioma/Tr-me_1204.jpg
m3 (176).jpg,meningioma,train,train/meningioma/m3 (176).jpg
M_875.jpg,meningioma,train,train/meningioma/M_875.jpg
Tr-me_0132.jpg,meningioma,train,train/meningioma/Tr-me_0132.jpg
Tr-me_0126.jpg,meningioma,train,train/meningioma/Tr-me_0126.jpg
Tr-me_1238.jpg,meningioma,train,train/meningioma/Tr-me_1238.jpg
Te-me_0189.jpg,meningioma,train,train/meningioma/Te-me_0189.jpg
Tr-me_0898.jpg,meningioma,train,train/meningioma/Tr-me_0898.jpg
m2 (32).jpg,meningioma,train,train/meningioma/m2 (32).jpg
M_849.jpg,meningioma,train,train/meningioma/M_849.jpg
Tr-me_0495.jpg,meningioma,train,train/meningioma/Tr-me_0495.jpg
Tr-me_0481.jpg,meningioma,train,train/meningioma/Tr-me_0481.jpg
m3 (121).jpg,meningioma,train,train/meningioma/m3 (121).jpg
Tr-me_1012.jpg,meningioma,train,train/meningioma/Tr-me_1012.jpg
M_871_BR_.jpg,meningioma,train,train/meningioma/M_871_BR_.jpg
M_861_BR_.jpg,meningioma,train,train/meningioma/M_861_BR_.jpg
Tr-me_1006.jpg,meningioma,train,train/meningioma/Tr-me_1006.jpg
Tr-me_0318.jpg,meningioma,train,train/meningioma/Tr-me_0318.jpg
m2 (65).jpg,meningioma,train,train/meningioma/m2 (65).jpg
M_855_DA_.jpg,meningioma,train,train/meningioma/M_855_DA_.jpg
Tr-me_0330.jpg,meningioma,train,train/meningioma/Tr-me_0330.jpg
m1(81).jpg,meningioma,train,train/meningioma/m1(81).jpg
Tr-me_0456.jpg,meningioma,train,train/meningioma/Tr-me_0456.jpg
1337.jpg,meningioma,train,train/meningioma/1337.jpg
Tr-me_0442.jpg,meningioma,train,train/meningioma/Tr-me_0442.jpg
1323.jpg,meningioma,train,train/meningioma/1323.jpg
M_845_DA_.jpg,meningioma,train,train/meningioma/M_845_DA_.jpg
1445.jpg,meningioma,train,train/meningioma/1445.jpg
Tr-me_0324.jpg,meningioma,train,train/meningioma/Tr-me_0324.jpg
1335.jpg,meningioma,train,train/meningioma/1335.jpg
M_857_BR_.jpg,meningioma,train,train/meningioma/M_857_BR_.jpg
Tr-me_0454.jpg,meningioma,train,train/meningioma/Tr-me_0454.jpg
m3 (12).jpg,meningioma,train,train/meningioma/m3 (12).jpg
Tr-me_0332.jpg,meningioma,train,train/meningioma/Tr-me_0332.jpg
Tr-me_0326.jpg,meningioma,train,train/meningioma/Tr-me_0326.jpg
M_880_HF_.jpg,meningioma,train,train/meningioma/M_880_HF_.jpg
Tr-me_1038.jpg,meningioma,train,train/meningioma/Tr-me_1038.jpg
M_847_BR_.jpg,meningioma,train,train/meningioma/M_847_BR_.jpg
1321.jpg,meningioma,train,train/meningioma/1321.jpg
m2 (12).jpg,meningioma,train,train/meningioma/m2 (12).jpg
Tr-me_0440.jpg,meningioma,train,train/meningioma/Tr-me_0440.jpg
M_873_DA_.jpg,meningioma,train,train/meningioma/M_873_DA_.jpg
1309.jpg,meningioma,train,train/meningioma/1309.jpg
Tr-me_0468.jpg,meningioma,train,train/meningioma/Tr-me_0468.jpg
Tr-me_1010.jpg,meningioma,train,train/meningioma/Tr-me_1010.jpg
M_863_DA_.jpg,meningioma,train,train/meningioma/M_863_DA_.jpg
Tr-me_1004.jpg,meningioma,train,train/meningioma/Tr-me_1004.jpg
m3 (156).jpg,meningioma,train,train/meningioma/m3 (156).jpg
Tr-me_0497.jpg,meningioma,train,train/meningioma/Tr-me_0497.jpg
Tr-me_0483.jpg,meningioma,train,train/meningioma/Tr-me_0483.jpg
m2 (45).jpg,meningioma,train,train/meningioma/m2 (45).jpg
Tr-me_0130.jpg,meningioma,train,train/meningioma/Tr-me_0130.jpg
Tr-me_0124.jpg,meningioma,train,train/meningioma/Tr-me_0124.jpg
m3 (101).jpg,meningioma,train,train/meningioma/m3 (101).jpg
Tr-me_1212.jpg,meningioma,train,train/meningioma/Tr-me_1212.jpg
M_863.jpg,meningioma,train,train/meningioma/M_863.jpg
M_877.jpg,meningioma,train,train/meningioma/M_877.jpg
Tr-me_1206.jpg,meningioma,train,train/meningioma/Tr-me_1206.jpg
M_829_HF_.jpg,meningioma,train,train/meningioma/M_829_HF_.jpg
M_839_HF_.jpg,meningioma,train,train/meningioma/M_839_HF_.jpg
Tr-me_0859.jpg,meningioma,train,train/meningioma/Tr-me_0859.jpg
Te-me_0148.jpg,meningioma,train,train/meningioma/Te-me_0148.jpg
Te-me_0160.jpg,meningioma,train,train/meningioma/Te-me_0160.jpg
Tr-me_0871.jpg,meningioma,train,train/meningioma/Tr-me_0871.jpg
Tr-me_0865.jpg,meningioma,train,train/meningioma/Tr-me_0865.jpg
Te-me_0174.jpg,meningioma,train,train/meningioma/Te-me_0174.jpg
m2 (53).jpg,meningioma,train,train/meningioma/m2 (53).jpg
Tr-me_0078.jpg,meningioma,train,train/meningioma/Tr-me_0078.jpg
M_876_VF_.jpg,meningioma,train,train/meningioma/M_876_VF_.jpg
m3 (117).jpg,meningioma,train,train/meningioma/m3 (117).jpg
M_866_VF_.jpg,meningioma,train,train/meningioma/M_866_VF_.jpg
Tr-me_0087.jpg,meningioma,train,train/meningioma/Tr-me_0087.jpg
Tr-me_0939.jpg,meningioma,train,train/meningioma/Tr-me_0939.jpg
Tr-me_0093.jpg,meningioma,train,train/meningioma/Tr-me_0093.jpg
Tr-me_0905.jpg,meningioma,train,train/meningioma/Tr-me_0905.jpg
Tr-me_0911.jpg,meningioma,train,train/meningioma/Tr-me_0911.jpg
Tr-me_0520.jpg,meningioma,train,train/meningioma/Tr-me_0520.jpg
Tr-me_1158.jpg,meningioma,train,train/meningioma/Tr-me_1158.jpg
Tr-me_0246.jpg,meningioma,train,train/meningioma/Tr-me_0246.jpg
Tr-me_0252.jpg,meningioma,train,train/meningioma/Tr-me_0252.jpg
Tr-me_0534.jpg,meningioma,train,train/meningioma/Tr-me_0534.jpg
M_885_SP_.jpg,meningioma,train,train/meningioma/M_885_SP_.jpg
M_878_RO_.jpg,meningioma,train,train/meningioma/M_878_RO_.jpg
m3 (140).jpg,meningioma,train,train/meningioma/m3 (140).jpg
Tr-me_1164.jpg,meningioma,train,train/meningioma/Tr-me_1164.jpg
M_868_RO_.jpg,meningioma,train,train/meningioma/M_868_RO_.jpg
Tr-me_1170.jpg,meningioma,train,train/meningioma/Tr-me_1170.jpg
Tr-me_0508.jpg,meningioma,train,train/meningioma/Tr-me_0508.jpg
Tr-me_0285.jpg,meningioma,train,train/meningioma/Tr-me_0285.jpg
Tr-me_0291.jpg,meningioma,train,train/meningioma/Tr-me_0291.jpg
M_835_BR_.jpg,meningioma,train,train/meningioma/M_835_BR_.jpg
Te-me_0216.jpg,meningioma,train,train/meningioma/Te-me_0216.jpg
M_825_BR_.jpg,meningioma,train,train/meningioma/M_825_BR_.jpg
Te-me_0202.jpg,meningioma,train,train/meningioma/Te-me_0202.jpg
Te-me_0203.jpg,meningioma,train,train/meningioma/Te-me_0203.jpg
m1(74).jpg,meningioma,train,train/meningioma/m1(74).jpg
Te-me_0217.jpg,meningioma,train,train/meningioma/Te-me_0217.jpg
m2 (90).jpg,meningioma,train,train/meningioma/m2 (90).jpg
Tr-me_0290.jpg,meningioma,train,train/meningioma/Tr-me_0290.jpg
Tr-me_0284.jpg,meningioma,train,train/meningioma/Tr-me_0284.jpg
Tr-me_1171.jpg,meningioma,train,train/meningioma/Tr-me_1171.jpg
M_861_SP_.jpg,meningioma,train,train/meningioma/M_861_SP_.jpg
Tr-me_0509.jpg,meningioma,train,train/meningioma/Tr-me_0509.jpg
M_871_SP_.jpg,meningioma,train,train/meningioma/M_871_SP_.jpg
Tr-me_1165.jpg,meningioma,train,train/meningioma/Tr-me_1165.jpg
Tr-me_0253.jpg,meningioma,train,train/meningioma/Tr-me_0253.jpg
m2 (170).jpg,meningioma,train,train/meningioma/m2 (170).jpg
Tr-me_0535.jpg,meningioma,train,train/meningioma/Tr-me_0535.jpg
Tr-me_0521.jpg,meningioma,train,train/meningioma/Tr-me_0521.jpg
Tr-me_0247.jpg,meningioma,train,train/meningioma/Tr-me_0247.jpg
Tr-me_1159.jpg,meningioma,train,train/meningioma/Tr-me_1159.jpg
M_825_RO_.jpg,meningioma,train,train/meningioma/M_825_RO_.jpg
Tr-me_0910.jpg,meningioma,train,train/meningioma/Tr-me_0910.jpg
M_835_RO_.jpg,meningioma,train,train/meningioma/M_835_RO_.jpg
Tr-me_0904.jpg,meningioma,train,train/meningioma/Tr-me_0904.jpg
m3 (183).jpg,meningioma,train,train/meningioma/m3 (183).jpg
Tr-me_0092.jpg,meningioma,train,train/meningioma/Tr-me_0092.jpg
Tr-me_0086.jpg,meningioma,train,train/meningioma/Tr-me_0086.jpg
Tr-me_0938.jpg,meningioma,train,train/meningioma/Tr-me_0938.jpg
m2 (28).jpg,meningioma,train,train/meningioma/m2 (28).jpg
M_868_BR_.jpg,meningioma,train,train/meningioma/M_868_BR_.jpg
Tr-me_0079.jpg,meningioma,train,train/meningioma/Tr-me_0079.jpg
M_878_BR_.jpg,meningioma,train,train/meningioma/M_878_BR_.jpg
M_882_VF_.jpg,meningioma,train,train/meningioma/M_882_VF_.jpg
m2 (127).jpg,meningioma,train,train/meningioma/m2 (127).jpg
Tr-me_0864.jpg,meningioma,train,train/meningioma/Tr-me_0864.jpg
Te-me_0175.jpg,meningioma,train,train/meningioma/Te-me_0175.jpg
Te-me_0161.jpg,meningioma,train,train/meningioma/Te-me_0161.jpg
Tr-me_0870.jpg,meningioma,train,train/meningioma/Tr-me_0870.jpg
m2 (4).jpg,meningioma,train,train/meningioma/m2 (4).jpg
Tr-me_0858.jpg,meningioma,train,train/meningioma/Tr-me_0858.jpg
Te-me_0149.jpg,meningioma,train,train/meningioma/Te-me_0149.jpg
M_876.jpg,meningioma,train,train/meningioma/M_876.jpg
Tr-me_0119.jpg,meningioma,train,train/meningioma/Tr-me_0119.jpg
Tr-me_1207.jpg,meningioma,train,train/meningioma/Tr-me_1207.jpg
Tr-me_1213.jpg,meningioma,train,train/meningioma/Tr-me_1213.jpg
M_862.jpg,meningioma,train,train/meningioma/M_862.jpg
M_847_RO_.jpg,meningioma,train,train/meningioma/M_847_RO_.jpg
Tr-me_0125.jpg,meningioma,train,train/meningioma/Tr-me_0125.jpg
m2 (131).jpg,meningioma,train,train/meningioma/m2 (131).jpg
M_857_RO_.jpg,meningioma,train,train/meningioma/M_857_RO_.jpg
Tr-me_0131.jpg,meningioma,train,train/meningioma/Tr-me_0131.jpg
m2 (86).jpg,meningioma,train,train/meningioma/m2 (86).jpg
Tr-me_0482.jpg,meningioma,train,train/meningioma/Tr-me_0482.jpg
Tr-me_0496.jpg,meningioma,train,train/meningioma/Tr-me_0496.jpg
m2 (69).jpg,meningioma,train,train/meningioma/m2 (69).jpg
Tr-me_1005.jpg,meningioma,train,train/meningioma/Tr-me_1005.jpg
Tr-me_0469.jpg,meningioma,train,train/meningioma/Tr-me_0469.jpg
1308.jpg,meningioma,train,train/meningioma/1308.jpg
M_887_DA_.jpg,meningioma,train,train/meningioma/M_887_DA_.jpg
Tr-me_1011.jpg,meningioma,train,train/meningioma/Tr-me_1011.jpg
1446.jpg,meningioma,train,train/meningioma/1446.jpg
Tr-me_1039.jpg,meningioma,train,train/meningioma/Tr-me_1039.jpg
M_874_HF_.jpg,meningioma,train,train/meningioma/M_874_HF_.jpg
Tr-me_0327.jpg,meningioma,train,train/meningioma/Tr-me_0327.jpg
Tr-me_0441.jpg,meningioma,train,train/meningioma/Tr-me_0441.jpg
1320.jpg,meningioma,train,train/meningioma/1320.jpg
M_849_VF_.jpg,meningioma,train,train/meningioma/M_849_VF_.jpg
M_864_HF_.jpg,meningioma,train,train/meningioma/M_864_HF_.jpg
Tr-me_0455.jpg,meningioma,train,train/meningioma/Tr-me_0455.jpg
m2 (166).jpg,meningioma,train,train/meningioma/m2 (166).jpg
1334.jpg,meningioma,train,train/meningioma/1334.jpg
Tr-me_0333.jpg,meningioma,train,train/meningioma/Tr-me_0333.jpg
M_859_VF_.jpg,meningioma,train,train/meningioma/M_859_VF_.jpg
M_874_SP_.jpg,meningioma,train,train/meningioma/M_874_SP_.jpg
Tr-me_1034.jpg,meningioma,train,train/meningioma/Tr-me_1034.jpg
m3 (155).jpg,meningioma,train,train/meningioma/m3 (155).jpg
1339.jpg,meningioma,train,train/meningioma/1339.jpg
M_864_SP_.jpg,meningioma,train,train/meningioma/M_864_SP_.jpg
Tr-me_0458.jpg,meningioma,train,train/meningioma/Tr-me_0458.jpg
Tr-me_1020.jpg,meningioma,train,train/meningioma/Tr-me_1020.jpg
Tr-me_0316.jpg,meningioma,train,train/meningioma/Tr-me_0316.jpg
Tr-me_1008.jpg,meningioma,train,train/meningioma/Tr-me_1008.jpg
1311.jpg,meningioma,train,train/meningioma/1311.jpg
m2 (11).jpg,meningioma,train,train/meningioma/m2 (11).jpg
Tr-me_0470.jpg,meningioma,train,train/meningioma/Tr-me_0470.jpg
1305.jpg,meningioma,train,train/meningioma/1305.jpg
Tr-me_0464.jpg,meningioma,train,train/meningioma/Tr-me_0464.jpg
m3 (11).jpg,meningioma,train,train/meningioma/m3 (11).jpg
Tr-me_0302.jpg,meningioma,train,train/meningioma/Tr-me_0302.jpg
M_847.jpg,meningioma,train,train/meningioma/M_847.jpg
Tr-me_0896.jpg,meningioma,train,train/meningioma/Tr-me_0896.jpg
Tr-me_1236.jpg,meningioma,train,train/meningioma/Tr-me_1236.jpg
Te-me_0187.jpg,meningioma,train,train/meningioma/Te-me_0187.jpg
Tr-me_0128.jpg,meningioma,train,train/meningioma/Tr-me_0128.jpg
M_887_VF_.jpg,meningioma,train,train/meningioma/M_887_VF_.jpg
Te-me_0193.jpg,meningioma,train,train/meningioma/Te-me_0193.jpg
Tr-me_1222.jpg,meningioma,train,train/meningioma/Tr-me_1222.jpg
m3 (102).jpg,meningioma,train,train/meningioma/m3 (102).jpg
M_853.jpg,meningioma,train,train/meningioma/M_853.jpg
Tr-me_0882.jpg,meningioma,train,train/meningioma/Tr-me_0882.jpg
M_859_DA_.jpg,meningioma,train,train/meningioma/M_859_DA_.jpg
Tr-me_0114.jpg,meningioma,train,train/meningioma/Tr-me_0114.jpg
m2 (46).jpg,meningioma,train,train/meningioma/m2 (46).jpg
M_849_DA_.jpg,meningioma,train,train/meningioma/M_849_DA_.jpg
Tr-me_0100.jpg,meningioma,train,train/meningioma/Tr-me_0100.jpg
Tr-me_0855.jpg,meningioma,train,train/meningioma/Tr-me_0855.jpg
M_830_RO_.jpg,meningioma,train,train/meningioma/M_830_RO_.jpg
M_884.jpg,meningioma,train,train/meningioma/M_884.jpg
Te-me_0144.jpg,meningioma,train,train/meningioma/Te-me_0144.jpg
Te-me_0150.jpg,meningioma,train,train/meningioma/Te-me_0150.jpg
M_820_RO_.jpg,meningioma,train,train/meningioma/M_820_RO_.jpg
Tr-me_0841.jpg,meningioma,train,train/meningioma/Tr-me_0841.jpg
Tr-me_0869.jpg,meningioma,train,train/meningioma/Tr-me_0869.jpg
Te-me_0178.jpg,meningioma,train,train/meningioma/Te-me_0178.jpg
m2 (149).jpg,meningioma,train,train/meningioma/m2 (149).jpg
m3 (114).jpg,meningioma,train,train/meningioma/m3 (114).jpg
M_852_RO_.jpg,meningioma,train,train/meningioma/M_852_RO_.jpg
m2 (50).jpg,meningioma,train,train/meningioma/m2 (50).jpg
Tr-me_0074.jpg,meningioma,train,train/meningioma/Tr-me_0074.jpg
M_842_RO_.jpg,meningioma,train,train/meningioma/M_842_RO_.jpg
Tr-me_0921.jpg,meningioma,train,train/meningioma/Tr-me_0921.jpg
Tr-me_0935.jpg,meningioma,train,train/meningioma/Tr-me_0935.jpg
Tr-me_0909.jpg,meningioma,train,train/meningioma/Tr-me_0909.jpg
Tr-me_1140.jpg,meningioma,train,train/meningioma/Tr-me_1140.jpg
M_882_DA_.jpg,meningioma,train,train/meningioma/M_882_DA_.jpg
Tr-me_0538.jpg,meningioma,train,train/meningioma/Tr-me_0538.jpg
M_892_DA_.jpg,meningioma,train,train/meningioma/M_892_DA_.jpg
m3 (143).jpg,meningioma,train,train/meningioma/m3 (143).jpg
Tr-me_1154.jpg,meningioma,train,train/meningioma/Tr-me_1154.jpg
Tr-me_0262.jpg,meningioma,train,train/meningioma/Tr-me_0262.jpg
M_861_HF_.jpg,meningioma,train,train/meningioma/M_861_HF_.jpg
Tr-me_0504.jpg,meningioma,train,train/meningioma/Tr-me_0504.jpg
Tr-me_0510.jpg,meningioma,train,train/meningioma/Tr-me_0510.jpg
M_871_HF_.jpg,meningioma,train,train/meningioma/M_871_HF_.jpg
Tr-me_1168.jpg,meningioma,train,train/meningioma/Tr-me_1168.jpg
Tr-me_0276.jpg,meningioma,train,train/meningioma/Tr-me_0276.jpg
Te-me_0232.jpg,meningioma,train,train/meningioma/Te-me_0232.jpg
Tr-me_1183.jpg,meningioma,train,train/meningioma/Tr-me_1183.jpg
Tr-me_0289.jpg,meningioma,train,train/meningioma/Tr-me_0289.jpg
Tr-me_1197.jpg,meningioma,train,train/meningioma/Tr-me_1197.jpg
Te-me_0226.jpg,meningioma,train,train/meningioma/Te-me_0226.jpg
m2 (108).jpg,meningioma,train,train/meningioma/m2 (108).jpg
m1(98).jpg,meningioma,train,train/meningioma/m1(98).jpg
m1(77).jpg,meningioma,train,train/meningioma/m1(77).jpg
Tr-me_1196.jpg,meningioma,train,train/meningioma/Tr-me_1196.jpg
Te-me_0227.jpg,meningioma,train,train/meningioma/Te-me_0227.jpg
Tr-me_0288.jpg,meningioma,train,train/meningioma/Tr-me_0288.jpg
m2 (93).jpg,meningioma,train,train/meningioma/m2 (93).jpg
m3 (138).jpg,meningioma,train,train/meningioma/m3 (138).jpg
Te-me_0233.jpg,meningioma,train,train/meningioma/Te-me_0233.jpg
Tr-me_1182.jpg,meningioma,train,train/meningioma/Tr-me_1182.jpg
M_842_BR_.jpg,meningioma,train,train/meningioma/M_842_BR_.jpg
Tr-me_0511.jpg,meningioma,train,train/meningioma/Tr-me_0511.jpg
M_885_HF_.jpg,meningioma,train,train/meningioma/M_885_HF_.jpg
Tr-me_0277.jpg,meningioma,train,train/meningioma/Tr-me_0277.jpg
Tr-me_1169.jpg,meningioma,train,train/meningioma/Tr-me_1169.jpg
Tr-me_0263.jpg,meningioma,train,train/meningioma/Tr-me_0263.jpg
M_852_BR_.jpg,meningioma,train,train/meningioma/M_852_BR_.jpg
m2 (173).jpg,meningioma,train,train/meningioma/m2 (173).jpg
Tr-me_0505.jpg,meningioma,train,train/meningioma/Tr-me_0505.jpg
M_866_DA_.jpg,meningioma,train,train/meningioma/M_866_DA_.jpg
Tr-me_1155.jpg,meningioma,train,train/meningioma/Tr-me_1155.jpg
M_876_DA_.jpg,meningioma,train,train/meningioma/M_876_DA_.jpg
Tr-me_1141.jpg,meningioma,train,train/meningioma/Tr-me_1141.jpg
Tr-me_0539.jpg,meningioma,train,train/meningioma/Tr-me_0539.jpg
Tr-me_0908.jpg,meningioma,train,train/meningioma/Tr-me_0908.jpg
m3 (180).jpg,meningioma,train,train/meningioma/m3 (180).jpg
Tr-me_0934.jpg,meningioma,train,train/meningioma/Tr-me_0934.jpg
Tr-me_0920.jpg,meningioma,train,train/meningioma/Tr-me_0920.jpg
m2 (124).jpg,meningioma,train,train/meningioma/m2 (124).jpg
Tr-me_0075.jpg,meningioma,train,train/meningioma/Tr-me_0075.jpg
Tr-me_0868.jpg,meningioma,train,train/meningioma/Tr-me_0868.jpg
Te-me_0179.jpg,meningioma,train,train/meningioma/Te-me_0179.jpg
Te-me_0151.jpg,meningioma,train,train/meningioma/Te-me_0151.jpg
M_829_SP_.jpg,meningioma,train,train/meningioma/M_829_SP_.jpg
Tr-me_0840.jpg,meningioma,train,train/meningioma/Tr-me_0840.jpg
m2 (7).jpg,meningioma,train,train/meningioma/m2 (7).jpg
M_839_SP_.jpg,meningioma,train,train/meningioma/M_839_SP_.jpg
M_885.jpg,meningioma,train,train/meningioma/M_885.jpg
Tr-me_0854.jpg,meningioma,train,train/meningioma/Tr-me_0854.jpg
m3 (179).jpg,meningioma,train,train/meningioma/m3 (179).jpg
Te-me_0145.jpg,meningioma,train,train/meningioma/Te-me_0145.jpg
Tr-me_0101.jpg,meningioma,train,train/meningioma/Tr-me_0101.jpg
Tr-me_0115.jpg,meningioma,train,train/meningioma/Tr-me_0115.jpg
m2 (132).jpg,meningioma,train,train/meningioma/m2 (132).jpg
Te-me_0192.jpg,meningioma,train,train/meningioma/Te-me_0192.jpg
Tr-me_1223.jpg,meningioma,train,train/meningioma/Tr-me_1223.jpg
Tr-me_0883.jpg,meningioma,train,train/meningioma/Tr-me_0883.jpg
M_863_VF_.jpg,meningioma,train,train/meningioma/M_863_VF_.jpg
M_852.jpg,meningioma,train,train/meningioma/M_852.jpg
Tr-me_0897.jpg,meningioma,train,train/meningioma/Tr-me_0897.jpg
M_846.jpg,meningioma,train,train/meningioma/M_846.jpg
M_873_VF_.jpg,meningioma,train,train/meningioma/M_873_VF_.jpg
Tr-me_0129.jpg,meningioma,train,train/meningioma/Tr-me_0129.jpg
Tr-me_1237.jpg,meningioma,train,train/meningioma/Tr-me_1237.jpg
Te-me_0186.jpg,meningioma,train,train/meningioma/Te-me_0186.jpg
M_820_BR_.jpg,meningioma,train,train/meningioma/M_820_BR_.jpg
M_830_BR_.jpg,meningioma,train,train/meningioma/M_830_BR_.jpg
m2 (85).jpg,meningioma,train,train/meningioma/m2 (85).jpg
Tr-me_0465.jpg,meningioma,train,train/meningioma/Tr-me_0465.jpg
m2 (165).jpg,meningioma,train,train/meningioma/m2 (165).jpg
1304.jpg,meningioma,train,train/meningioma/1304.jpg
Tr-me_0303.jpg,meningioma,train,train/meningioma/Tr-me_0303.jpg
Tr-me_1009.jpg,meningioma,train,train/meningioma/Tr-me_1009.jpg
Tr-me_0317.jpg,meningioma,train,train/meningioma/Tr-me_0317.jpg
Tr-me_0471.jpg,meningioma,train,train/meningioma/Tr-me_0471.jpg
1310.jpg,meningioma,train,train/meningioma/1310.jpg
Tr-me_0459.jpg,meningioma,train,train/meningioma/Tr-me_0459.jpg
1338.jpg,meningioma,train,train/meningioma/1338.jpg
Tr-me_1021.jpg,meningioma,train,train/meningioma/Tr-me_1021.jpg
Tr-me_1035.jpg,meningioma,train,train/meningioma/Tr-me_1035.jpg
M_880_SP_.jpg,meningioma,train,train/meningioma/M_880_SP_.jpg
Tr-me_1023.jpg,meningioma,train,train/meningioma/Tr-me_1023.jpg
Tr-me_0329.jpg,meningioma,train,train/meningioma/Tr-me_0329.jpg
Tr-me_1037.jpg,meningioma,train,train/meningioma/Tr-me_1037.jpg
Tr-me_0301.jpg,meningioma,train,train/meningioma/Tr-me_0301.jpg
1306.jpg,meningioma,train,train/meningioma/1306.jpg
Tr-me_0467.jpg,meningioma,train,train/meningioma/Tr-me_0467.jpg
1312.jpg,meningioma,train,train/meningioma/1312.jpg
Tr-me_0473.jpg,meningioma,train,train/meningioma/Tr-me_0473.jpg
Tr-me_0315.jpg,meningioma,train,train/meningioma/Tr-me_0315.jpg
m2 (112).jpg,meningioma,train,train/meningioma/m2 (112).jpg
M_822_DA_.jpg,meningioma,train,train/meningioma/M_822_DA_.jpg
Tr-me_0498.jpg,meningioma,train,train/meningioma/Tr-me_0498.jpg
M_832_DA_.jpg,meningioma,train,train/meningioma/M_832_DA_.jpg
m3 (159).jpg,meningioma,train,train/meningioma/m3 (159).jpg
M_850.jpg,meningioma,train,train/meningioma/M_850.jpg
Tr-me_0881.jpg,meningioma,train,train/meningioma/Tr-me_0881.jpg
Te-me_0190.jpg,meningioma,train,train/meningioma/Te-me_0190.jpg
Te-me_0184.jpg,meningioma,train,train/meningioma/Te-me_0184.jpg
Tr-me_1235.jpg,meningioma,train,train/meningioma/Tr-me_1235.jpg
M_844.jpg,meningioma,train,train/meningioma/M_844.jpg
Tr-me_0895.jpg,meningioma,train,train/meningioma/Tr-me_0895.jpg
M_878_HF_.jpg,meningioma,train,train/meningioma/M_878_HF_.jpg
m2 (145).jpg,meningioma,train,train/meningioma/m2 (145).jpg
M_845_VF_.jpg,meningioma,train,train/meningioma/M_845_VF_.jpg
Tr-me_0103.jpg,meningioma,train,train/meningioma/Tr-me_0103.jpg
Tr-me_1209.jpg,meningioma,train,train/meningioma/Tr-me_1209.jpg
M_868_HF_.jpg,meningioma,train,train/meningioma/M_868_HF_.jpg
M_878.jpg,meningioma,train,train/meningioma/M_878.jpg
M_855_VF_.jpg,meningioma,train,train/meningioma/M_855_VF_.jpg
Tr-me_0842.jpg,meningioma,train,train/meningioma/Tr-me_0842.jpg
Te-me_0153.jpg,meningioma,train,train/meningioma/Te-me_0153.jpg
Te-me_0147.jpg,meningioma,train,train/meningioma/Te-me_0147.jpg
Tr-me_0856.jpg,meningioma,train,train/meningioma/Tr-me_0856.jpg
M_887.jpg,meningioma,train,train/meningioma/M_887.jpg
M_880_RO_.jpg,meningioma,train,train/meningioma/M_880_RO_.jpg
Tr-me_0077.jpg,meningioma,train,train/meningioma/Tr-me_0077.jpg
m2 (153).jpg,meningioma,train,train/meningioma/m2 (153).jpg
Tr-me_0936.jpg,meningioma,train,train/meningioma/Tr-me_0936.jpg
Tr-me_0088.jpg,meningioma,train,train/meningioma/Tr-me_0088.jpg
M_827_VF_.jpg,meningioma,train,train/meningioma/M_827_VF_.jpg
m3 (118).jpg,meningioma,train,train/meningioma/m3 (118).jpg
M_837_VF_.jpg,meningioma,train,train/meningioma/M_837_VF_.jpg
Tr-me_0922.jpg,meningioma,train,train/meningioma/Tr-me_0922.jpg
Tr-me_1157.jpg,meningioma,train,train/meningioma/Tr-me_1157.jpg
Tr-me_0249.jpg,meningioma,train,train/meningioma/Tr-me_0249.jpg
M_864_BR_.jpg,meningioma,train,train/meningioma/M_864_BR_.jpg
M_874_BR_.jpg,meningioma,train,train/meningioma/M_874_BR_.jpg
Tr-me_1143.jpg,meningioma,train,train/meningioma/Tr-me_1143.jpg
M_840_DA_.jpg,meningioma,train,train/meningioma/M_840_DA_.jpg
m2 (104).jpg,meningioma,train,train/meningioma/m2 (104).jpg
Tr-me_0275.jpg,meningioma,train,train/meningioma/Tr-me_0275.jpg
Tr-me_0513.jpg,meningioma,train,train/meningioma/Tr-me_0513.jpg
Tr-me_0507.jpg,meningioma,train,train/meningioma/Tr-me_0507.jpg
M_850_DA_.jpg,meningioma,train,train/meningioma/M_850_DA_.jpg
Tr-me_0261.jpg,meningioma,train,train/meningioma/Tr-me_0261.jpg
Te-me_0225.jpg,meningioma,train,train/meningioma/Te-me_0225.jpg
Tr-me_1194.jpg,meningioma,train,train/meningioma/Tr-me_1194.jpg
M_829_RO_.jpg,meningioma,train,train/meningioma/M_829_RO_.jpg
M_839_RO_.jpg,meningioma,train,train/meningioma/M_839_RO_.jpg
1299.jpg,meningioma,train,train/meningioma/1299.jpg
Tr-me_1180.jpg,meningioma,train,train/meningioma/Tr-me_1180.jpg
Te-me_0231.jpg,meningioma,train,train/meningioma/Te-me_0231.jpg
Te-me_0219.jpg,meningioma,train,train/meningioma/Te-me_0219.jpg
Te-me_0218.jpg,meningioma,train,train/meningioma/Te-me_0218.jpg
M_830_SP_.jpg,meningioma,train,train/meningioma/M_830_SP_.jpg
Tr-me_1181.jpg,meningioma,train,train/meningioma/Tr-me_1181.jpg
Te-me_0230.jpg,meningioma,train,train/meningioma/Te-me_0230.jpg
Te-me_0224.jpg,meningioma,train,train/meningioma/Te-me_0224.jpg
Tr-me_1195.jpg,meningioma,train,train/meningioma/Tr-me_1195.jpg
M_820_SP_.jpg,meningioma,train,train/meningioma/M_820_SP_.jpg
Tr-me_0506.jpg,meningioma,train,train/meningioma/Tr-me_0506.jpg
m1(94).jpg,meningioma,train,train/meningioma/m1(94).jpg
Tr-me_0260.jpg,meningioma,train,train/meningioma/Tr-me_0260.jpg
m2 (70).jpg,meningioma,train,train/meningioma/m2 (70).jpg
Tr-me_0274.jpg,meningioma,train,train/meningioma/Tr-me_0274.jpg
Tr-me_0512.jpg,meningioma,train,train/meningioma/Tr-me_0512.jpg
M_847_HF_.jpg,meningioma,train,train/meningioma/M_847_HF_.jpg
M_880_BR_.jpg,meningioma,train,train/meningioma/M_880_BR_.jpg
m3 (134).jpg,meningioma,train,train/meningioma/m3 (134).jpg
Tr-me_1142.jpg,meningioma,train,train/meningioma/Tr-me_1142.jpg
Tr-me_0248.jpg,meningioma,train,train/meningioma/Tr-me_0248.jpg
M_857_HF_.jpg,meningioma,train,train/meningioma/M_857_HF_.jpg
Tr-me_1156.jpg,meningioma,train,train/meningioma/Tr-me_1156.jpg
m2 (128).jpg,meningioma,train,train/meningioma/m2 (128).jpg
M_839_BR_.jpg,meningioma,train,train/meningioma/M_839_BR_.jpg
Tr-me_0923.jpg,meningioma,train,train/meningioma/Tr-me_0923.jpg
Tr-me_0937.jpg,meningioma,train,train/meningioma/Tr-me_0937.jpg
M_829_BR_.jpg,meningioma,train,train/meningioma/M_829_BR_.jpg
Tr-me_0089.jpg,meningioma,train,train/meningioma/Tr-me_0089.jpg
m2 (27).jpg,meningioma,train,train/meningioma/m2 (27).jpg
Tr-me_0076.jpg,meningioma,train,train/meningioma/Tr-me_0076.jpg
M_874_RO_.jpg,meningioma,train,train/meningioma/M_874_RO_.jpg
M_864_RO_.jpg,meningioma,train,train/meningioma/M_864_RO_.jpg
Te-me_0146.jpg,meningioma,train,train/meningioma/Te-me_0146.jpg
M_886.jpg,meningioma,train,train/meningioma/M_886.jpg
Tr-me_0857.jpg,meningioma,train,train/meningioma/Tr-me_0857.jpg
Tr-me_0843.jpg,meningioma,train,train/meningioma/Tr-me_0843.jpg
Te-me_0152.jpg,meningioma,train,train/meningioma/Te-me_0152.jpg
Tr-me_0116.jpg,meningioma,train,train/meningioma/Tr-me_0116.jpg
Tr-me_1208.jpg,meningioma,train,train/meningioma/Tr-me_1208.jpg
m2 (31).jpg,meningioma,train,train/meningioma/m2 (31).jpg
M_879.jpg,meningioma,train,train/meningioma/M_879.jpg
Tr-me_0102.jpg,meningioma,train,train/meningioma/Tr-me_0102.jpg
Te-me_0185.jpg,meningioma,train,train/meningioma/Te-me_0185.jpg
Tr-me_1234.jpg,meningioma,train,train/meningioma/Tr-me_1234.jpg
m3 (175).jpg,meningioma,train,train/meningioma/m3 (175).jpg
Tr-me_0894.jpg,meningioma,train,train/meningioma/Tr-me_0894.jpg
M_845.jpg,meningioma,train,train/meningioma/M_845.jpg
Tr-me_0880.jpg,meningioma,train,train/meningioma/Tr-me_0880.jpg
M_851.jpg,meningioma,train,train/meningioma/M_851.jpg
Tr-me_1220.jpg,meningioma,train,train/meningioma/Tr-me_1220.jpg
Te-me_0191.jpg,meningioma,train,train/meningioma/Te-me_0191.jpg
M_825_HF_.jpg,meningioma,train,train/meningioma/M_825_HF_.jpg
M_835_HF_.jpg,meningioma,train,train/meningioma/M_835_HF_.jpg
m2 (169).jpg,meningioma,train,train/meningioma/m2 (169).jpg
Tr-me_0499.jpg,meningioma,train,train/meningioma/Tr-me_0499.jpg
Tr-me_0472.jpg,meningioma,train,train/meningioma/Tr-me_0472.jpg
1313.jpg,meningioma,train,train/meningioma/1313.jpg
M_852_SP_.jpg,meningioma,train,train/meningioma/M_852_SP_.jpg
Tr-me_0314.jpg,meningioma,train,train/meningioma/Tr-me_0314.jpg
m2 (66).jpg,meningioma,train,train/meningioma/m2 (66).jpg
Tr-me_0300.jpg,meningioma,train,train/meningioma/Tr-me_0300.jpg
M_842_SP_.jpg,meningioma,train,train/meningioma/M_842_SP_.jpg
Tr-me_0466.jpg,meningioma,train,train/meningioma/Tr-me_0466.jpg
m1(82).jpg,meningioma,train,train/meningioma/m1(82).jpg
1307.jpg,meningioma,train,train/meningioma/1307.jpg
Tr-me_1036.jpg,meningioma,train,train/meningioma/Tr-me_1036.jpg
Tr-me_0328.jpg,meningioma,train,train/meningioma/Tr-me_0328.jpg
m2 (89).jpg,meningioma,train,train/meningioma/m2 (89).jpg
Tr-me_1022.jpg,meningioma,train,train/meningioma/Tr-me_1022.jpg
m3 (122).jpg,meningioma,train,train/meningioma/m3 (122).jpg
1303.jpg,meningioma,train,train/meningioma/1303.jpg
Tr-me_0462.jpg,meningioma,train,train/meningioma/Tr-me_0462.jpg
M_854_VF_.jpg,meningioma,train,train/meningioma/M_854_VF_.jpg
Tr-me_0304.jpg,meningioma,train,train/meningioma/Tr-me_0304.jpg
M_869_HF_.jpg,meningioma,train,train/meningioma/M_869_HF_.jpg
M_844_VF_.jpg,meningioma,train,train/meningioma/M_844_VF_.jpg
Tr-me_0310.jpg,meningioma,train,train/meningioma/Tr-me_0310.jpg
m2 (67).jpg,meningioma,train,train/meningioma/m2 (67).jpg
M_879_HF_.jpg,meningioma,train,train/meningioma/M_879_HF_.jpg
1317.jpg,meningioma,train,train/meningioma/1317.jpg
Tr-me_0476.jpg,meningioma,train,train/meningioma/Tr-me_0476.jpg
m1(83).jpg,meningioma,train,train/meningioma/m1(83).jpg
Tr-me_0338.jpg,meningioma,train,train/meningioma/Tr-me_0338.jpg
m2 (88).jpg,meningioma,train,train/meningioma/m2 (88).jpg
Tr-me_1026.jpg,meningioma,train,train/meningioma/Tr-me_1026.jpg
Tr-me_1032.jpg,meningioma,train,train/meningioma/Tr-me_1032.jpg
m3 (123).jpg,meningioma,train,train/meningioma/m3 (123).jpg
m2 (168).jpg,meningioma,train,train/meningioma/m2 (168).jpg
Tr-me_0489.jpg,meningioma,train,train/meningioma/Tr-me_0489.jpg
Tr-me_1218.jpg,meningioma,train,train/meningioma/Tr-me_1218.jpg
Tr-me_0106.jpg,meningioma,train,train/meningioma/Tr-me_0106.jpg
M_869.jpg,meningioma,train,train/meningioma/M_869.jpg
m2 (30).jpg,meningioma,train,train/meningioma/m2 (30).jpg
Tr-me_0112.jpg,meningioma,train,train/meningioma/Tr-me_0112.jpg
Te-me_0195.jpg,meningioma,train,train/meningioma/Te-me_0195.jpg
Tr-me_1224.jpg,meningioma,train,train/meningioma/Tr-me_1224.jpg
M_855.jpg,meningioma,train,train/meningioma/M_855.jpg
Tr-me_0884.jpg,meningioma,train,train/meningioma/Tr-me_0884.jpg
m3 (174).jpg,meningioma,train,train/meningioma/m3 (174).jpg
M_841.jpg,meningioma,train,train/meningioma/M_841.jpg
Tr-me_0890.jpg,meningioma,train,train/meningioma/Tr-me_0890.jpg
Tr-me_1230.jpg,meningioma,train,train/meningioma/Tr-me_1230.jpg
Te-me_0181.jpg,meningioma,train,train/meningioma/Te-me_0181.jpg
Te-me_0156.jpg,meningioma,train,train/meningioma/Te-me_0156.jpg
M_833_DA_.jpg,meningioma,train,train/meningioma/M_833_DA_.jpg
Tr-me_0847.jpg,meningioma,train,train/meningioma/Tr-me_0847.jpg
Tr-me_0853.jpg,meningioma,train,train/meningioma/Tr-me_0853.jpg
M_882.jpg,meningioma,train,train/meningioma/M_882.jpg
M_823_DA_.jpg,meningioma,train,train/meningioma/M_823_DA_.jpg
Te-me_0142.jpg,meningioma,train,train/meningioma/Te-me_0142.jpg
Tr-me_0072.jpg,meningioma,train,train/meningioma/Tr-me_0072.jpg
M_851_DA_.jpg,meningioma,train,train/meningioma/M_851_DA_.jpg
m2 (26).jpg,meningioma,train,train/meningioma/m2 (26).jpg
M_841_DA_.jpg,meningioma,train,train/meningioma/M_841_DA_.jpg
M_875_BR_.jpg,meningioma,train,train/meningioma/M_875_BR_.jpg
M_865_BR_.jpg,meningioma,train,train/meningioma/M_865_BR_.jpg
m2 (129).jpg,meningioma,train,train/meningioma/m2 (129).jpg
M_838_RO_.jpg,meningioma,train,train/meningioma/M_838_RO_.jpg
Tr-me_0933.jpg,meningioma,train,train/meningioma/Tr-me_0933.jpg
Tr-me_0927.jpg,meningioma,train,train/meningioma/Tr-me_0927.jpg
M_828_RO_.jpg,meningioma,train,train/meningioma/M_828_RO_.jpg
Tr-me_0099.jpg,meningioma,train,train/meningioma/Tr-me_0099.jpg
Tr-me_0516.jpg,meningioma,train,train/meningioma/Tr-me_0516.jpg
m1(95).jpg,meningioma,train,train/meningioma/m1(95).jpg
m2 (71).jpg,meningioma,train,train/meningioma/m2 (71).jpg
Tr-me_0270.jpg,meningioma,train,train/meningioma/Tr-me_0270.jpg
Tr-me_0264.jpg,meningioma,train,train/meningioma/Tr-me_0264.jpg
Tr-me_0502.jpg,meningioma,train,train/meningioma/Tr-me_0502.jpg
m3 (135).jpg,meningioma,train,train/meningioma/m3 (135).jpg
Tr-me_1152.jpg,meningioma,train,train/meningioma/Tr-me_1152.jpg
M_881_RO_.jpg,meningioma,train,train/meningioma/M_881_RO_.jpg
Tr-me_1146.jpg,meningioma,train,train/meningioma/Tr-me_1146.jpg
Tr-me_0258.jpg,meningioma,train,train/meningioma/Tr-me_0258.jpg
Te-me_0208.jpg,meningioma,train,train/meningioma/Te-me_0208.jpg
M_836_VF_.jpg,meningioma,train,train/meningioma/M_836_VF_.jpg
Tr-me_1191.jpg,meningioma,train,train/meningioma/Tr-me_1191.jpg
Te-me_0220.jpg,meningioma,train,train/meningioma/Te-me_0220.jpg
Te-me_0234.jpg,meningioma,train,train/meningioma/Te-me_0234.jpg
Tr-me_1185.jpg,meningioma,train,train/meningioma/Tr-me_1185.jpg
M_826_VF_.jpg,meningioma,train,train/meningioma/M_826_VF_.jpg
Te-me_0235.jpg,meningioma,train,train/meningioma/Te-me_0235.jpg
Tr-me_1184.jpg,meningioma,train,train/meningioma/Tr-me_1184.jpg
M_828_BR_.jpg,meningioma,train,train/meningioma/M_828_BR_.jpg
Tr-me_1190.jpg,meningioma,train,train/meningioma/Tr-me_1190.jpg
Te-me_0221.jpg,meningioma,train,train/meningioma/Te-me_0221.jpg
M_838_BR_.jpg,meningioma,train,train/meningioma/M_838_BR_.jpg
Te-me_0209.jpg,meningioma,train,train/meningioma/Te-me_0209.jpg
Tr-me_0259.jpg,meningioma,train,train/meningioma/Tr-me_0259.jpg
Tr-me_1147.jpg,meningioma,train,train/meningioma/Tr-me_1147.jpg
M_865_RO_.jpg,meningioma,train,train/meningioma/M_865_RO_.jpg
M_875_RO_.jpg,meningioma,train,train/meningioma/M_875_RO_.jpg
Tr-me_1153.jpg,meningioma,train,train/meningioma/Tr-me_1153.jpg
Tr-me_0265.jpg,meningioma,train,train/meningioma/Tr-me_0265.jpg
m2 (105).jpg,meningioma,train,train/meningioma/m2 (105).jpg
Tr-me_0503.jpg,meningioma,train,train/meningioma/Tr-me_0503.jpg
Tr-me_0517.jpg,meningioma,train,train/meningioma/Tr-me_0517.jpg
Tr-me_0271.jpg,meningioma,train,train/meningioma/Tr-me_0271.jpg
Tr-me_0926.jpg,meningioma,train,train/meningioma/Tr-me_0926.jpg
Tr-me_0098.jpg,meningioma,train,train/meningioma/Tr-me_0098.jpg
M_821_SP_.jpg,meningioma,train,train/meningioma/M_821_SP_.jpg
m3 (119).jpg,meningioma,train,train/meningioma/m3 (119).jpg
M_831_SP_.jpg,meningioma,train,train/meningioma/M_831_SP_.jpg
Tr-me_0932.jpg,meningioma,train,train/meningioma/Tr-me_0932.jpg
M_856_HF_.jpg,meningioma,train,train/meningioma/M_856_HF_.jpg
M_846_HF_.jpg,meningioma,train,train/meningioma/M_846_HF_.jpg
M_881_BR_.jpg,meningioma,train,train/meningioma/M_881_BR_.jpg
Tr-me_0073.jpg,meningioma,train,train/meningioma/Tr-me_0073.jpg
m2 (152).jpg,meningioma,train,train/meningioma/m2 (152).jpg
M_883.jpg,meningioma,train,train/meningioma/M_883.jpg
Tr-me_0852.jpg,meningioma,train,train/meningioma/Tr-me_0852.jpg
Te-me_0143.jpg,meningioma,train,train/meningioma/Te-me_0143.jpg
Te-me_0157.jpg,meningioma,train,train/meningioma/Te-me_0157.jpg
Tr-me_0846.jpg,meningioma,train,train/meningioma/Tr-me_0846.jpg
M_834_HF_.jpg,meningioma,train,train/meningioma/M_834_HF_.jpg
M_819_VF_.jpg,meningioma,train,train/meningioma/M_819_VF_.jpg
M_824_HF_.jpg,meningioma,train,train/meningioma/M_824_HF_.jpg
Tr-me_0891.jpg,meningioma,train,train/meningioma/Tr-me_0891.jpg
M_840.jpg,meningioma,train,train/meningioma/M_840.jpg
Tr-me_1231.jpg,meningioma,train,train/meningioma/Tr-me_1231.jpg
Te-me_0180.jpg,meningioma,train,train/meningioma/Te-me_0180.jpg
Te-me_0194.jpg,meningioma,train,train/meningioma/Te-me_0194.jpg
Tr-me_1225.jpg,meningioma,train,train/meningioma/Tr-me_1225.jpg
Tr-me_0885.jpg,meningioma,train,train/meningioma/Tr-me_0885.jpg
M_854.jpg,meningioma,train,train/meningioma/M_854.jpg
m2 (144).jpg,meningioma,train,train/meningioma/m2 (144).jpg
M_843_SP_.jpg,meningioma,train,train/meningioma/M_843_SP_.jpg
Tr-me_0113.jpg,meningioma,train,train/meningioma/Tr-me_0113.jpg
Tr-me_0107.jpg,meningioma,train,train/meningioma/Tr-me_0107.jpg
Tr-me_1219.jpg,meningioma,train,train/meningioma/Tr-me_1219.jpg
M_868.jpg,meningioma,train,train/meningioma/M_868.jpg
M_853_SP_.jpg,meningioma,train,train/meningioma/M_853_SP_.jpg
Tr-me_0488.jpg,meningioma,train,train/meningioma/Tr-me_0488.jpg
m3 (158).jpg,meningioma,train,train/meningioma/m3 (158).jpg
Tr-me_1033.jpg,meningioma,train,train/meningioma/Tr-me_1033.jpg
Tr-me_1027.jpg,meningioma,train,train/meningioma/Tr-me_1027.jpg
Tr-me_0339.jpg,meningioma,train,train/meningioma/Tr-me_0339.jpg
Tr-me_0311.jpg,meningioma,train,train/meningioma/Tr-me_0311.jpg
Tr-me_0477.jpg,meningioma,train,train/meningioma/Tr-me_0477.jpg
1316.jpg,meningioma,train,train/meningioma/1316.jpg
Tr-me_0463.jpg,meningioma,train,train/meningioma/Tr-me_0463.jpg
1302.jpg,meningioma,train,train/meningioma/1302.jpg
m2 (113).jpg,meningioma,train,train/meningioma/m2 (113).jpg
Tr-me_0305.jpg,meningioma,train,train/meningioma/Tr-me_0305.jpg
1314.jpg,meningioma,train,train/meningioma/1314.jpg
m2 (164).jpg,meningioma,train,train/meningioma/m2 (164).jpg
Tr-me_0475.jpg,meningioma,train,train/meningioma/Tr-me_0475.jpg
Tr-me_0313.jpg,meningioma,train,train/meningioma/Tr-me_0313.jpg
M_848_DA_.jpg,meningioma,train,train/meningioma/M_848_DA_.jpg
Tr-me_0307.jpg,meningioma,train,train/meningioma/Tr-me_0307.jpg
Tr-me_1019.jpg,meningioma,train,train/meningioma/Tr-me_1019.jpg
Tr-me_0461.jpg,meningioma,train,train/meningioma/Tr-me_0461.jpg
M_858_DA_.jpg,meningioma,train,train/meningioma/M_858_DA_.jpg
1328.jpg,meningioma,train,train/meningioma/1328.jpg
Tr-me_0449.jpg,meningioma,train,train/meningioma/Tr-me_0449.jpg
Tr-me_1031.jpg,meningioma,train,train/meningioma/Tr-me_1031.jpg
Tr-me_1025.jpg,meningioma,train,train/meningioma/Tr-me_1025.jpg
M_886_VF_.jpg,meningioma,train,train/meningioma/M_886_VF_.jpg
M_821_RO_.jpg,meningioma,train,train/meningioma/M_821_RO_.jpg
m2 (84).jpg,meningioma,train,train/meningioma/m2 (84).jpg
M_831_RO_.jpg,meningioma,train,train/meningioma/M_831_RO_.jpg
Tr-me_0111.jpg,meningioma,train,train/meningioma/Tr-me_0111.jpg
m2 (133).jpg,meningioma,train,train/meningioma/m2 (133).jpg
Tr-me_0105.jpg,meningioma,train,train/meningioma/Tr-me_0105.jpg
Te-me_0182.jpg,meningioma,train,train/meningioma/Te-me_0182.jpg
Tr-me_1233.jpg,meningioma,train,train/meningioma/Tr-me_1233.jpg
M_842.jpg,meningioma,train,train/meningioma/M_842.jpg
M_865_SP_.jpg,meningioma,train,train/meningioma/M_865_SP_.jpg
Tr-me_0893.jpg,meningioma,train,train/meningioma/Tr-me_0893.jpg
M_856.jpg,meningioma,train,train/meningioma/M_856.jpg
Tr-me_0887.jpg,meningioma,train,train/meningioma/Tr-me_0887.jpg
M_875_SP_.jpg,meningioma,train,train/meningioma/M_875_SP_.jpg
Tr-me_1227.jpg,meningioma,train,train/meningioma/Tr-me_1227.jpg
Te-me_0196.jpg,meningioma,train,train/meningioma/Te-me_0196.jpg
Tr-me_0139.jpg,meningioma,train,train/meningioma/Tr-me_0139.jpg
Tr-me_0878.jpg,meningioma,train,train/meningioma/Tr-me_0878.jpg
Te-me_0169.jpg,meningioma,train,train/meningioma/Te-me_0169.jpg
Te-me_0141.jpg,meningioma,train,train/meningioma/Te-me_0141.jpg
Tr-me_0850.jpg,meningioma,train,train/meningioma/Tr-me_0850.jpg
M_881.jpg,meningioma,train,train/meningioma/M_881.jpg
m2 (6).jpg,meningioma,train,train/meningioma/m2 (6).jpg
m3 (178).jpg,meningioma,train,train/meningioma/m3 (178).jpg
Tr-me_0844.jpg,meningioma,train,train/meningioma/Tr-me_0844.jpg
Te-me_0155.jpg,meningioma,train,train/meningioma/Te-me_0155.jpg
m2 (125).jpg,meningioma,train,train/meningioma/m2 (125).jpg
M_870_HF_.jpg,meningioma,train,train/meningioma/M_870_HF_.jpg
M_860_HF_.jpg,meningioma,train,train/meningioma/M_860_HF_.jpg
M_883_DA_.jpg,meningioma,train,train/meningioma/M_883_DA_.jpg
Tr-me_0918.jpg,meningioma,train,train/meningioma/Tr-me_0918.jpg
m3 (181).jpg,meningioma,train,train/meningioma/m3 (181).jpg
Tr-me_0924.jpg,meningioma,train,train/meningioma/Tr-me_0924.jpg
Tr-me_0930.jpg,meningioma,train,train/meningioma/Tr-me_0930.jpg
Tr-me_0501.jpg,meningioma,train,train/meningioma/Tr-me_0501.jpg
M_843_RO_.jpg,meningioma,train,train/meningioma/M_843_RO_.jpg
Tr-me_1179.jpg,meningioma,train,train/meningioma/Tr-me_1179.jpg
Tr-me_0267.jpg,meningioma,train,train/meningioma/Tr-me_0267.jpg
Tr-me_0273.jpg,meningioma,train,train/meningioma/Tr-me_0273.jpg
Tr-me_0515.jpg,meningioma,train,train/meningioma/Tr-me_0515.jpg
m2 (172).jpg,meningioma,train,train/meningioma/m2 (172).jpg
M_853_RO_.jpg,meningioma,train,train/meningioma/M_853_RO_.jpg
Tr-me_1145.jpg,meningioma,train,train/meningioma/Tr-me_1145.jpg
Tr-me_1151.jpg,meningioma,train,train/meningioma/Tr-me_1151.jpg
Tr-me_0529.jpg,meningioma,train,train/meningioma/Tr-me_0529.jpg
m1(99).jpg,meningioma,train,train/meningioma/m1(99).jpg
m1(76).jpg,meningioma,train,train/meningioma/m1(76).jpg
Tr-me_0298.jpg,meningioma,train,train/meningioma/Tr-me_0298.jpg
m2 (92).jpg,meningioma,train,train/meningioma/m2 (92).jpg
Tr-me_1186.jpg,meningioma,train,train/meningioma/Tr-me_1186.jpg
Te-me_0237.jpg,meningioma,train,train/meningioma/Te-me_0237.jpg
m3 (139).jpg,meningioma,train,train/meningioma/m3 (139).jpg
Te-me_0223.jpg,meningioma,train,train/meningioma/Te-me_0223.jpg
Tr-me_1192.jpg,meningioma,train,train/meningioma/Tr-me_1192.jpg
Te-me_0222.jpg,meningioma,train,train/meningioma/Te-me_0222.jpg
Tr-me_1193.jpg,meningioma,train,train/meningioma/Tr-me_1193.jpg
Tr-me_1187.jpg,meningioma,train,train/meningioma/Tr-me_1187.jpg
Te-me_0236.jpg,meningioma,train,train/meningioma/Te-me_0236.jpg
Tr-me_0299.jpg,meningioma,train,train/meningioma/Tr-me_0299.jpg
m2 (109).jpg,meningioma,train,train/meningioma/m2 (109).jpg
Tr-me_1150.jpg,meningioma,train,train/meningioma/Tr-me_1150.jpg
Tr-me_0528.jpg,meningioma,train,train/meningioma/Tr-me_0528.jpg
m3 (142).jpg,meningioma,train,train/meningioma/m3 (142).jpg
Tr-me_1144.jpg,meningioma,train,train/meningioma/Tr-me_1144.jpg
Tr-me_0272.jpg,meningioma,train,train/meningioma/Tr-me_0272.jpg
Tr-me_0514.jpg,meningioma,train,train/meningioma/Tr-me_0514.jpg
Tr-me_0500.jpg,meningioma,train,train/meningioma/Tr-me_0500.jpg
Tr-me_0266.jpg,meningioma,train,train/meningioma/Tr-me_0266.jpg
Tr-me_1178.jpg,meningioma,train,train/meningioma/Tr-me_1178.jpg
Tr-me_0931.jpg,meningioma,train,train/meningioma/Tr-me_0931.jpg
Tr-me_0925.jpg,meningioma,train,train/meningioma/Tr-me_0925.jpg
Tr-me_0919.jpg,meningioma,train,train/meningioma/Tr-me_0919.jpg
m3 (115).jpg,meningioma,train,train/meningioma/m3 (115).jpg
M_877_DA_.jpg,meningioma,train,train/meningioma/M_877_DA_.jpg
M_867_DA_.jpg,meningioma,train,train/meningioma/M_867_DA_.jpg
M_853_BR_.jpg,meningioma,train,train/meningioma/M_853_BR_.jpg
m2 (51).jpg,meningioma,train,train/meningioma/m2 (51).jpg
M_843_BR_.jpg,meningioma,train,train/meningioma/M_843_BR_.jpg
M_884_HF_.jpg,meningioma,train,train/meningioma/M_884_HF_.jpg
Tr-me_0845.jpg,meningioma,train,train/meningioma/Tr-me_0845.jpg
M_831_BR_.jpg,meningioma,train,train/meningioma/M_831_BR_.jpg
Te-me_0154.jpg,meningioma,train,train/meningioma/Te-me_0154.jpg
Te-me_0140.jpg,meningioma,train,train/meningioma/Te-me_0140.jpg
M_880.jpg,meningioma,train,train/meningioma/M_880.jpg
M_821_BR_.jpg,meningioma,train,train/meningioma/M_821_BR_.jpg
Tr-me_0851.jpg,meningioma,train,train/meningioma/Tr-me_0851.jpg
Tr-me_0879.jpg,meningioma,train,train/meningioma/Tr-me_0879.jpg
Te-me_0168.jpg,meningioma,train,train/meningioma/Te-me_0168.jpg
m2 (148).jpg,meningioma,train,train/meningioma/m2 (148).jpg
Tr-me_0886.jpg,meningioma,train,train/meningioma/Tr-me_0886.jpg
M_857.jpg,meningioma,train,train/meningioma/M_857.jpg
Tr-me_0138.jpg,meningioma,train,train/meningioma/Tr-me_0138.jpg
Tr-me_1226.jpg,meningioma,train,train/meningioma/Tr-me_1226.jpg
Te-me_0197.jpg,meningioma,train,train/meningioma/Te-me_0197.jpg
M_881_SP_.jpg,meningioma,train,train/meningioma/M_881_SP_.jpg
Te-me_0183.jpg,meningioma,train,train/meningioma/Te-me_0183.jpg
m3 (103).jpg,meningioma,train,train/meningioma/m3 (103).jpg
Tr-me_0892.jpg,meningioma,train,train/meningioma/Tr-me_0892.jpg
M_843.jpg,meningioma,train,train/meningioma/M_843.jpg
Tr-me_0104.jpg,meningioma,train,train/meningioma/Tr-me_0104.jpg
Tr-me_0110.jpg,meningioma,train,train/meningioma/Tr-me_0110.jpg
m2 (47).jpg,meningioma,train,train/meningioma/m2 (47).jpg
M_838_SP_.jpg,meningioma,train,train/meningioma/M_838_SP_.jpg
M_828_SP_.jpg,meningioma,train,train/meningioma/M_828_SP_.jpg
M_872_VF_.jpg,meningioma,train,train/meningioma/M_872_VF_.jpg
Tr-me_1024.jpg,meningioma,train,train/meningioma/Tr-me_1024.jpg
m3 (154).jpg,meningioma,train,train/meningioma/m3 (154).jpg
M_862_VF_.jpg,meningioma,train,train/meningioma/M_862_VF_.jpg
Tr-me_0448.jpg,meningioma,train,train/meningioma/Tr-me_0448.jpg
1329.jpg,meningioma,train,train/meningioma/1329.jpg
Tr-me_1030.jpg,meningioma,train,train/meningioma/Tr-me_1030.jpg
Tr-me_1018.jpg,meningioma,train,train/meningioma/Tr-me_1018.jpg
Tr-me_0306.jpg,meningioma,train,train/meningioma/Tr-me_0306.jpg
Tr-me_0460.jpg,meningioma,train,train/meningioma/Tr-me_0460.jpg
m2 (10).jpg,meningioma,train,train/meningioma/m2 (10).jpg
1301.jpg,meningioma,train,train/meningioma/1301.jpg
Tr-me_0474.jpg,meningioma,train,train/meningioma/Tr-me_0474.jpg
1315.jpg,meningioma,train,train/meningioma/1315.jpg
m3 (10).jpg,meningioma,train,train/meningioma/m3 (10).jpg
Tr-me_0312.jpg,meningioma,train,train/meningioma/Tr-me_0312.jpg
Tr-me_0349.jpg,meningioma,train,train/meningioma/Tr-me_0349.jpg
1428.jpg,meningioma,train,train/meningioma/1428.jpg
Tr-me_1057.jpg,meningioma,train,train/meningioma/Tr-me_1057.jpg
Tr-me_1043.jpg,meningioma,train,train/meningioma/Tr-me_1043.jpg
1372.jpg,meningioma,train,train/meningioma/1372.jpg
Tr-me_0413.jpg,meningioma,train,train/meningioma/Tr-me_0413.jpg
Tr-me_0375.jpg,meningioma,train,train/meningioma/Tr-me_0375.jpg
m2 (114).jpg,meningioma,train,train/meningioma/m2 (114).jpg
1414.jpg,meningioma,train,train/meningioma/1414.jpg
Tr-me_0361.jpg,meningioma,train,train/meningioma/Tr-me_0361.jpg
1400.jpg,meningioma,train,train/meningioma/1400.jpg
1366.jpg,meningioma,train,train/meningioma/1366.jpg
Tr-me_0407.jpg,meningioma,train,train/meningioma/Tr-me_0407.jpg
M_867_BR_.jpg,meningioma,train,train/meningioma/M_867_BR_.jpg
Tr-me_1080.jpg,meningioma,train,train/meningioma/Tr-me_1080.jpg
M_877_BR_.jpg,meningioma,train,train/meningioma/M_877_BR_.jpg
1399.jpg,meningioma,train,train/meningioma/1399.jpg
M_843_DA_.jpg,meningioma,train,train/meningioma/M_843_DA_.jpg
M_853_DA_.jpg,meningioma,train,train/meningioma/M_853_DA_.jpg
M_824_VF_.jpg,meningioma,train,train/meningioma/M_824_VF_.jpg
Tr-me_1255.jpg,meningioma,train,train/meningioma/Tr-me_1255.jpg
M_824.jpg,meningioma,train,train/meningioma/M_824.jpg
M_819_HF_.jpg,meningioma,train,train/meningioma/M_819_HF_.jpg
M_830.jpg,meningioma,train,train/meningioma/M_830.jpg
M_834_VF_.jpg,meningioma,train,train/meningioma/M_834_VF_.jpg
Tr-me_1241.jpg,meningioma,train,train/meningioma/Tr-me_1241.jpg
Tr-me_0177.jpg,meningioma,train,train/meningioma/Tr-me_0177.jpg
Tr-me_0611.jpg,meningioma,train,train/meningioma/Tr-me_0611.jpg
Tr-me_0605.jpg,meningioma,train,train/meningioma/Tr-me_0605.jpg
m2 (143).jpg,meningioma,train,train/meningioma/m2 (143).jpg
Tr-me_0163.jpg,meningioma,train,train/meningioma/Tr-me_0163.jpg
Tr-me_0188.jpg,meningioma,train,train/meningioma/Tr-me_0188.jpg
Tr-me_1296.jpg,meningioma,train,train/meningioma/Tr-me_1296.jpg
Te-me_0127.jpg,meningioma,train,train/meningioma/Te-me_0127.jpg
Tr-me_0836.jpg,meningioma,train,train/meningioma/Tr-me_0836.jpg
Tr-me_0822.jpg,meningioma,train,train/meningioma/Tr-me_0822.jpg
M_883_RO_.jpg,meningioma,train,train/meningioma/M_883_RO_.jpg
Te-me_0133.jpg,meningioma,train,train/meningioma/Te-me_0133.jpg
m3 (108).jpg,meningioma,train,train/meningioma/m3 (108).jpg
Te-me_0090.jpg,meningioma,train,train/meningioma/Te-me_0090.jpg
Tr-me_0981.jpg,meningioma,train,train/meningioma/Tr-me_0981.jpg
Tr-me_0759.jpg,meningioma,train,train/meningioma/Tr-me_0759.jpg
Tr-me_0995.jpg,meningioma,train,train/meningioma/Tr-me_0995.jpg
Te-me_0084.jpg,meningioma,train,train/meningioma/Te-me_0084.jpg
Tr-me_1335.jpg,meningioma,train,train/meningioma/Tr-me_1335.jpg
m2 (155).jpg,meningioma,train,train/meningioma/m2 (155).jpg
Tr-me_0765.jpg,meningioma,train,train/meningioma/Tr-me_0765.jpg
Tr-me_0771.jpg,meningioma,train,train/meningioma/Tr-me_0771.jpg
Tr-me_0942.jpg,meningioma,train,train/meningioma/Tr-me_0942.jpg
Tr-me_0956.jpg,meningioma,train,train/meningioma/Tr-me_0956.jpg
M_846_VF_.jpg,meningioma,train,train/meningioma/M_846_VF_.jpg
M_856_VF_.jpg,meningioma,train,train/meningioma/M_856_VF_.jpg
Te-me_0292.jpg,meningioma,train,train/meningioma/Te-me_0292.jpg
Tr-me_1123.jpg,meningioma,train,train/meningioma/Tr-me_1123.jpg
M_821_DA_.jpg,meningioma,train,train/meningioma/M_821_DA_.jpg
Tr-me_1137.jpg,meningioma,train,train/meningioma/Tr-me_1137.jpg
Te-me_0286.jpg,meningioma,train,train/meningioma/Te-me_0286.jpg
Tr-me_0229.jpg,meningioma,train,train/meningioma/Tr-me_0229.jpg
M_831_DA_.jpg,meningioma,train,train/meningioma/M_831_DA_.jpg
Tr-me_0567.jpg,meningioma,train,train/meningioma/Tr-me_0567.jpg
Tr-me_0201.jpg,meningioma,train,train/meningioma/Tr-me_0201.jpg
m2 (102).jpg,meningioma,train,train/meningioma/m2 (102).jpg
Tr-me_0215.jpg,meningioma,train,train/meningioma/Tr-me_0215.jpg
Tr-me_0573.jpg,meningioma,train,train/meningioma/Tr-me_0573.jpg
Tr-me_0598.jpg,meningioma,train,train/meningioma/Tr-me_0598.jpg
Te-me_0251.jpg,meningioma,train,train/meningioma/Te-me_0251.jpg
Te-me_0245.jpg,meningioma,train,train/meningioma/Te-me_0245.jpg
m3 (149).jpg,meningioma,train,train/meningioma/m3 (149).jpg
M_848_RO_.jpg,meningioma,train,train/meningioma/M_848_RO_.jpg
M_858_RO_.jpg,meningioma,train,train/meningioma/M_858_RO_.jpg
M_851_SP_.jpg,meningioma,train,train/meningioma/M_851_SP_.jpg
M_841_SP_.jpg,meningioma,train,train/meningioma/M_841_SP_.jpg
Te-me_0244.jpg,meningioma,train,train/meningioma/Te-me_0244.jpg
Tr-me_0599.jpg,meningioma,train,train/meningioma/Tr-me_0599.jpg
Te-me_0250.jpg,meningioma,train,train/meningioma/Te-me_0250.jpg
Tr-me_0214.jpg,meningioma,train,train/meningioma/Tr-me_0214.jpg
M_826_HF_.jpg,meningioma,train,train/meningioma/M_826_HF_.jpg
Tr-me_0572.jpg,meningioma,train,train/meningioma/Tr-me_0572.jpg
Tr-me_0566.jpg,meningioma,train,train/meningioma/Tr-me_0566.jpg
m1(92).jpg,meningioma,train,train/meningioma/m1(92).jpg
Tr-me_0200.jpg,meningioma,train,train/meningioma/Tr-me_0200.jpg
m2 (76).jpg,meningioma,train,train/meningioma/m2 (76).jpg
M_836_HF_.jpg,meningioma,train,train/meningioma/M_836_HF_.jpg
m2 (99).jpg,meningioma,train,train/meningioma/m2 (99).jpg
Tr-me_0228.jpg,meningioma,train,train/meningioma/Tr-me_0228.jpg
Tr-me_1136.jpg,meningioma,train,train/meningioma/Tr-me_1136.jpg
Te-me_0287.jpg,meningioma,train,train/meningioma/Te-me_0287.jpg
m3 (132).jpg,meningioma,train,train/meningioma/m3 (132).jpg
Te-me_0293.jpg,meningioma,train,train/meningioma/Te-me_0293.jpg
Tr-me_1122.jpg,meningioma,train,train/meningioma/Tr-me_1122.jpg
M_858_BR_.jpg,meningioma,train,train/meningioma/M_858_BR_.jpg
M_848_BR_.jpg,meningioma,train,train/meningioma/M_848_BR_.jpg
Tr-me_0957.jpg,meningioma,train,train/meningioma/Tr-me_0957.jpg
Tr-me_0943.jpg,meningioma,train,train/meningioma/Tr-me_0943.jpg
Tr-me_0770.jpg,meningioma,train,train/meningioma/Tr-me_0770.jpg
m2 (21).jpg,meningioma,train,train/meningioma/m2 (21).jpg
Tr-me_0764.jpg,meningioma,train,train/meningioma/Tr-me_0764.jpg
m3 (165).jpg,meningioma,train,train/meningioma/m3 (165).jpg
Tr-me_0994.jpg,meningioma,train,train/meningioma/Tr-me_0994.jpg
Te-me_0085.jpg,meningioma,train,train/meningioma/Te-me_0085.jpg
Te-me_0091.jpg,meningioma,train,train/meningioma/Te-me_0091.jpg
Tr-me_0980.jpg,meningioma,train,train/meningioma/Tr-me_0980.jpg
m2 (138).jpg,meningioma,train,train/meningioma/m2 (138).jpg
Tr-me_0823.jpg,meningioma,train,train/meningioma/Tr-me_0823.jpg
Te-me_0132.jpg,meningioma,train,train/meningioma/Te-me_0132.jpg
M_877_RO_.jpg,meningioma,train,train/meningioma/M_877_RO_.jpg
Tr-me_1297.jpg,meningioma,train,train/meningioma/Tr-me_1297.jpg
Te-me_0126.jpg,meningioma,train,train/meningioma/Te-me_0126.jpg
Tr-me_0189.jpg,meningioma,train,train/meningioma/Tr-me_0189.jpg
M_867_RO_.jpg,meningioma,train,train/meningioma/M_867_RO_.jpg
Tr-me_0837.jpg,meningioma,train,train/meningioma/Tr-me_0837.jpg
Tr-me_0604.jpg,meningioma,train,train/meningioma/Tr-me_0604.jpg
Tr-me_0162.jpg,meningioma,train,train/meningioma/Tr-me_0162.jpg
Tr-me_0176.jpg,meningioma,train,train/meningioma/Tr-me_0176.jpg
m2 (37).jpg,meningioma,train,train/meningioma/m2 (37).jpg
Tr-me_0610.jpg,meningioma,train,train/meningioma/Tr-me_0610.jpg
M_831.jpg,meningioma,train,train/meningioma/M_831.jpg
m3 (173).jpg,meningioma,train,train/meningioma/m3 (173).jpg
M_825.jpg,meningioma,train,train/meningioma/M_825.jpg
Tr-me_1081.jpg,meningioma,train,train/meningioma/Tr-me_1081.jpg
M_879_VF_.jpg,meningioma,train,train/meningioma/M_879_VF_.jpg
1398.jpg,meningioma,train,train/meningioma/1398.jpg
M_883_BR_.jpg,meningioma,train,train/meningioma/M_883_BR_.jpg
M_844_HF_.jpg,meningioma,train,train/meningioma/M_844_HF_.jpg
M_869_VF_.jpg,meningioma,train,train/meningioma/M_869_VF_.jpg
M_854_HF_.jpg,meningioma,train,train/meningioma/M_854_HF_.jpg
1401.jpg,meningioma,train,train/meningioma/1401.jpg
m2 (60).jpg,meningioma,train,train/meningioma/m2 (60).jpg
Tr-me_0360.jpg,meningioma,train,train/meningioma/Tr-me_0360.jpg
Tr-me_0406.jpg,meningioma,train,train/meningioma/Tr-me_0406.jpg
m1(84).jpg,meningioma,train,train/meningioma/m1(84).jpg
1367.jpg,meningioma,train,train/meningioma/1367.jpg
Tr-me_0412.jpg,meningioma,train,train/meningioma/Tr-me_0412.jpg
1373.jpg,meningioma,train,train/meningioma/1373.jpg
1415.jpg,meningioma,train,train/meningioma/1415.jpg
Tr-me_0374.jpg,meningioma,train,train/meningioma/Tr-me_0374.jpg
Tr-me_1042.jpg,meningioma,train,train/meningioma/Tr-me_1042.jpg
m3 (124).jpg,meningioma,train,train/meningioma/m3 (124).jpg
M_833_SP_.jpg,meningioma,train,train/meningioma/M_833_SP_.jpg
M_823_SP_.jpg,meningioma,train,train/meningioma/M_823_SP_.jpg
Tr-me_1056.jpg,meningioma,train,train/meningioma/Tr-me_1056.jpg
1429.jpg,meningioma,train,train/meningioma/1429.jpg
Tr-me_0348.jpg,meningioma,train,train/meningioma/Tr-me_0348.jpg
1359.jpg,meningioma,train,train/meningioma/1359.jpg
Tr-me_0438.jpg,meningioma,train,train/meningioma/Tr-me_0438.jpg
Tr-me_1040.jpg,meningioma,train,train/meningioma/Tr-me_1040.jpg
Tr-me_1054.jpg,meningioma,train,train/meningioma/Tr-me_1054.jpg
m3 (153).jpg,meningioma,train,train/meningioma/m3 (153).jpg
1365.jpg,meningioma,train,train/meningioma/1365.jpg
Tr-me_0404.jpg,meningioma,train,train/meningioma/Tr-me_0404.jpg
Tr-me_0362.jpg,meningioma,train,train/meningioma/Tr-me_0362.jpg
1403.jpg,meningioma,train,train/meningioma/1403.jpg
Tr-me_0376.jpg,meningioma,train,train/meningioma/Tr-me_0376.jpg
1417.jpg,meningioma,train,train/meningioma/1417.jpg
Tr-me_1068.jpg,meningioma,train,train/meningioma/Tr-me_1068.jpg
1371.jpg,meningioma,train,train/meningioma/1371.jpg
m2 (17).jpg,meningioma,train,train/meningioma/m2 (17).jpg
Tr-me_0410.jpg,meningioma,train,train/meningioma/Tr-me_0410.jpg
Tr-me_1083.jpg,meningioma,train,train/meningioma/Tr-me_1083.jpg
M_881_DA_.jpg,meningioma,train,train/meningioma/M_881_DA_.jpg
Tr-me_1097.jpg,meningioma,train,train/meningioma/Tr-me_1097.jpg
Tr-me_0389.jpg,meningioma,train,train/meningioma/Tr-me_0389.jpg
M_862_HF_.jpg,meningioma,train,train/meningioma/M_862_HF_.jpg
m2 (118).jpg,meningioma,train,train/meningioma/m2 (118).jpg
M_872_HF_.jpg,meningioma,train,train/meningioma/M_872_HF_.jpg
Tr-me_1242.jpg,meningioma,train,train/meningioma/Tr-me_1242.jpg
m3 (104).jpg,meningioma,train,train/meningioma/m3 (104).jpg
M_833.jpg,meningioma,train,train/meningioma/M_833.jpg
M_838_DA_.jpg,meningioma,train,train/meningioma/M_838_DA_.jpg
M_827.jpg,meningioma,train,train/meningioma/M_827.jpg
M_828_DA_.jpg,meningioma,train,train/meningioma/M_828_DA_.jpg
Tr-me_1256.jpg,meningioma,train,train/meningioma/Tr-me_1256.jpg
Tr-me_0148.jpg,meningioma,train,train/meningioma/Tr-me_0148.jpg
m2 (40).jpg,meningioma,train,train/meningioma/m2 (40).jpg
Tr-me_0160.jpg,meningioma,train,train/meningioma/Tr-me_0160.jpg
Tr-me_0606.jpg,meningioma,train,train/meningioma/Tr-me_0606.jpg
Tr-me_0612.jpg,meningioma,train,train/meningioma/Tr-me_0612.jpg
Tr-me_0174.jpg,meningioma,train,train/meningioma/Tr-me_0174.jpg
Te-me_0130.jpg,meningioma,train,train/meningioma/Te-me_0130.jpg
Tr-me_0821.jpg,meningioma,train,train/meningioma/Tr-me_0821.jpg
Tr-me_0835.jpg,meningioma,train,train/meningioma/Tr-me_0835.jpg
Te-me_0124.jpg,meningioma,train,train/meningioma/Te-me_0124.jpg
Tr-me_1295.jpg,meningioma,train,train/meningioma/Tr-me_1295.jpg
M_851_RO_.jpg,meningioma,train,train/meningioma/M_851_RO_.jpg
Tr-me_0809.jpg,meningioma,train,train/meningioma/Tr-me_0809.jpg
Te-me_0118.jpg,meningioma,train,train/meningioma/Te-me_0118.jpg
M_841_RO_.jpg,meningioma,train,train/meningioma/M_841_RO_.jpg
Tr-me_1336.jpg,meningioma,train,train/meningioma/Tr-me_1336.jpg
Te-me_0087.jpg,meningioma,train,train/meningioma/Te-me_0087.jpg
Tr-me_0996.jpg,meningioma,train,train/meningioma/Tr-me_0996.jpg
M_833_RO_.jpg,meningioma,train,train/meningioma/M_833_RO_.jpg
Tr-me_0982.jpg,meningioma,train,train/meningioma/Tr-me_0982.jpg
M_823_RO_.jpg,meningioma,train,train/meningioma/M_823_RO_.jpg
m3 (112).jpg,meningioma,train,train/meningioma/m3 (112).jpg
Te-me_0093.jpg,meningioma,train,train/meningioma/Te-me_0093.jpg
Tr-me_0772.jpg,meningioma,train,train/meningioma/Tr-me_0772.jpg
Tr-me_0766.jpg,meningioma,train,train/meningioma/Tr-me_0766.jpg
m2 (56).jpg,meningioma,train,train/meningioma/m2 (56).jpg
M_884_VF_.jpg,meningioma,train,train/meningioma/M_884_VF_.jpg
Tr-me_0955.jpg,meningioma,train,train/meningioma/Tr-me_0955.jpg
Tr-me_0941.jpg,meningioma,train,train/meningioma/Tr-me_0941.jpg
Te-me_0078.jpg,meningioma,train,train/meningioma/Te-me_0078.jpg
Tr-me_0969.jpg,meningioma,train,train/meningioma/Tr-me_0969.jpg
m2 (159).jpg,meningioma,train,train/meningioma/m2 (159).jpg
m3 (145).jpg,meningioma,train,train/meningioma/m3 (145).jpg
Te-me_0285.jpg,meningioma,train,train/meningioma/Te-me_0285.jpg
Tr-me_1134.jpg,meningioma,train,train/meningioma/Tr-me_1134.jpg
Tr-me_1120.jpg,meningioma,train,train/meningioma/Tr-me_1120.jpg
Te-me_0291.jpg,meningioma,train,train/meningioma/Te-me_0291.jpg
Tr-me_0558.jpg,meningioma,train,train/meningioma/Tr-me_0558.jpg
Tr-me_0570.jpg,meningioma,train,train/meningioma/Tr-me_0570.jpg
Tr-me_1108.jpg,meningioma,train,train/meningioma/Tr-me_1108.jpg
Tr-me_0216.jpg,meningioma,train,train/meningioma/Tr-me_0216.jpg
Tr-me_0202.jpg,meningioma,train,train/meningioma/Tr-me_0202.jpg
Tr-me_0564.jpg,meningioma,train,train/meningioma/Tr-me_0564.jpg
Te-me_0246.jpg,meningioma,train,train/meningioma/Te-me_0246.jpg
M_877_SP_.jpg,meningioma,train,train/meningioma/M_877_SP_.jpg
Te-me_0252.jpg,meningioma,train,train/meningioma/Te-me_0252.jpg
M_867_SP_.jpg,meningioma,train,train/meningioma/M_867_SP_.jpg
Te-me_0253.jpg,meningioma,train,train/meningioma/Te-me_0253.jpg
m1(71).jpg,meningioma,train,train/meningioma/m1(71).jpg
M_883_SP_.jpg,meningioma,train,train/meningioma/M_883_SP_.jpg
Te-me_0247.jpg,meningioma,train,train/meningioma/Te-me_0247.jpg
m2 (95).jpg,meningioma,train,train/meningioma/m2 (95).jpg
Tr-me_0203.jpg,meningioma,train,train/meningioma/Tr-me_0203.jpg
m2 (175).jpg,meningioma,train,train/meningioma/m2 (175).jpg
Tr-me_0565.jpg,meningioma,train,train/meningioma/Tr-me_0565.jpg
Tr-me_0571.jpg,meningioma,train,train/meningioma/Tr-me_0571.jpg
Tr-me_0217.jpg,meningioma,train,train/meningioma/Tr-me_0217.jpg
Tr-me_1109.jpg,meningioma,train,train/meningioma/Tr-me_1109.jpg
Tr-me_1121.jpg,meningioma,train,train/meningioma/Tr-me_1121.jpg
Te-me_0290.jpg,meningioma,train,train/meningioma/Te-me_0290.jpg
M_823_BR_.jpg,meningioma,train,train/meningioma/M_823_BR_.jpg
Tr-me_0559.jpg,meningioma,train,train/meningioma/Tr-me_0559.jpg
Te-me_0284.jpg,meningioma,train,train/meningioma/Te-me_0284.jpg
Tr-me_1135.jpg,meningioma,train,train/meningioma/Tr-me_1135.jpg
M_833_BR_.jpg,meningioma,train,train/meningioma/M_833_BR_.jpg
m3 (186).jpg,meningioma,train,train/meningioma/m3 (186).jpg
Te-me_0079.jpg,meningioma,train,train/meningioma/Te-me_0079.jpg
Tr-me_0968.jpg,meningioma,train,train/meningioma/Tr-me_0968.jpg
Tr-me_0940.jpg,meningioma,train,train/meningioma/Tr-me_0940.jpg
M_860_VF_.jpg,meningioma,train,train/meningioma/M_860_VF_.jpg
m1(8).jpg,meningioma,train,train/meningioma/m1(8).jpg
M_870_VF_.jpg,meningioma,train,train/meningioma/M_870_VF_.jpg
Tr-me_0954.jpg,meningioma,train,train/meningioma/Tr-me_0954.jpg
m3 (169).jpg,meningioma,train,train/meningioma/m3 (169).jpg
Tr-me_0767.jpg,meningioma,train,train/meningioma/Tr-me_0767.jpg
m2 (122).jpg,meningioma,train,train/meningioma/m2 (122).jpg
Tr-me_0773.jpg,meningioma,train,train/meningioma/Tr-me_0773.jpg
Tr-me_0983.jpg,meningioma,train,train/meningioma/Tr-me_0983.jpg
Te-me_0092.jpg,meningioma,train,train/meningioma/Te-me_0092.jpg
Tr-me_1337.jpg,meningioma,train,train/meningioma/Tr-me_1337.jpg
Te-me_0086.jpg,meningioma,train,train/meningioma/Te-me_0086.jpg
Tr-me_0997.jpg,meningioma,train,train/meningioma/Tr-me_0997.jpg
Tr-me_0808.jpg,meningioma,train,train/meningioma/Tr-me_0808.jpg
Te-me_0119.jpg,meningioma,train,train/meningioma/Te-me_0119.jpg
M_848_SP_.jpg,meningioma,train,train/meningioma/M_848_SP_.jpg
M_858_SP_.jpg,meningioma,train,train/meningioma/M_858_SP_.jpg
Tr-me_0834.jpg,meningioma,train,train/meningioma/Tr-me_0834.jpg
Te-me_0125.jpg,meningioma,train,train/meningioma/Te-me_0125.jpg
Tr-me_1294.jpg,meningioma,train,train/meningioma/Tr-me_1294.jpg
Te-me_0131.jpg,meningioma,train,train/meningioma/Te-me_0131.jpg
m2 (1).jpg,meningioma,train,train/meningioma/m2 (1).jpg
Tr-me_0820.jpg,meningioma,train,train/meningioma/Tr-me_0820.jpg
Tr-me_0613.jpg,meningioma,train,train/meningioma/Tr-me_0613.jpg
Tr-me_0175.jpg,meningioma,train,train/meningioma/Tr-me_0175.jpg
m2 (134).jpg,meningioma,train,train/meningioma/m2 (134).jpg
Tr-me_0161.jpg,meningioma,train,train/meningioma/Tr-me_0161.jpg
Tr-me_0607.jpg,meningioma,train,train/meningioma/Tr-me_0607.jpg
M_826.jpg,meningioma,train,train/meningioma/M_826.jpg
Tr-me_0149.jpg,meningioma,train,train/meningioma/Tr-me_0149.jpg
Tr-me_1257.jpg,meningioma,train,train/meningioma/Tr-me_1257.jpg
M_832.jpg,meningioma,train,train/meningioma/M_832.jpg
M_886_HF_.jpg,meningioma,train,train/meningioma/M_886_HF_.jpg
M_841_BR_.jpg,meningioma,train,train/meningioma/M_841_BR_.jpg
m1(88).jpg,meningioma,train,train/meningioma/m1(88).jpg
M_851_BR_.jpg,meningioma,train,train/meningioma/M_851_BR_.jpg
m2 (83).jpg,meningioma,train,train/meningioma/m2 (83).jpg
Tr-me_0388.jpg,meningioma,train,train/meningioma/Tr-me_0388.jpg
Tr-me_1096.jpg,meningioma,train,train/meningioma/Tr-me_1096.jpg
M_865_DA_.jpg,meningioma,train,train/meningioma/M_865_DA_.jpg
M_875_DA_.jpg,meningioma,train,train/meningioma/M_875_DA_.jpg
Tr-me_1082.jpg,meningioma,train,train/meningioma/Tr-me_1082.jpg
m3 (128).jpg,meningioma,train,train/meningioma/m3 (128).jpg
Tr-me_1069.jpg,meningioma,train,train/meningioma/Tr-me_1069.jpg
1416.jpg,meningioma,train,train/meningioma/1416.jpg
Tr-me_0377.jpg,meningioma,train,train/meningioma/Tr-me_0377.jpg
Tr-me_0411.jpg,meningioma,train,train/meningioma/Tr-me_0411.jpg
1370.jpg,meningioma,train,train/meningioma/1370.jpg
Tr-me_0405.jpg,meningioma,train,train/meningioma/Tr-me_0405.jpg
m2 (163).jpg,meningioma,train,train/meningioma/m2 (163).jpg
1364.jpg,meningioma,train,train/meningioma/1364.jpg
1402.jpg,meningioma,train,train/meningioma/1402.jpg
Tr-me_0363.jpg,meningioma,train,train/meningioma/Tr-me_0363.jpg
Tr-me_1055.jpg,meningioma,train,train/meningioma/Tr-me_1055.jpg
Tr-me_0439.jpg,meningioma,train,train/meningioma/Tr-me_0439.jpg
1358.jpg,meningioma,train,train/meningioma/1358.jpg
Tr-me_1041.jpg,meningioma,train,train/meningioma/Tr-me_1041.jpg
Tr-me_0367.jpg,meningioma,train,train/meningioma/Tr-me_0367.jpg
1406.jpg,meningioma,train,train/meningioma/1406.jpg
1360.jpg,meningioma,train,train/meningioma/1360.jpg
Tr-me_0401.jpg,meningioma,train,train/meningioma/Tr-me_0401.jpg
1374.jpg,meningioma,train,train/meningioma/1374.jpg
m2 (162).jpg,meningioma,train,train/meningioma/m2 (162).jpg
Tr-me_0415.jpg,meningioma,train,train/meningioma/Tr-me_0415.jpg
Tr-me_0373.jpg,meningioma,train,train/meningioma/Tr-me_0373.jpg
1412.jpg,meningioma,train,train/meningioma/1412.jpg
M_829_DA_.jpg,meningioma,train,train/meningioma/M_829_DA_.jpg
Tr-me_1045.jpg,meningioma,train,train/meningioma/Tr-me_1045.jpg
1348.jpg,meningioma,train,train/meningioma/1348.jpg
Tr-me_0429.jpg,meningioma,train,train/meningioma/Tr-me_0429.jpg
M_839_DA_.jpg,meningioma,train,train/meningioma/M_839_DA_.jpg
Tr-me_1051.jpg,meningioma,train,train/meningioma/Tr-me_1051.jpg
M_840_RO_.jpg,meningioma,train,train/meningioma/M_840_RO_.jpg
M_850_RO_.jpg,meningioma,train,train/meningioma/M_850_RO_.jpg
m1(89).jpg,meningioma,train,train/meningioma/m1(89).jpg
Tr-me_1086.jpg,meningioma,train,train/meningioma/Tr-me_1086.jpg
m2 (82).jpg,meningioma,train,train/meningioma/m2 (82).jpg
Tr-me_0398.jpg,meningioma,train,train/meningioma/Tr-me_0398.jpg
m3 (129).jpg,meningioma,train,train/meningioma/m3 (129).jpg
Tr-me_0603.jpg,meningioma,train,train/meningioma/Tr-me_0603.jpg
m2 (135).jpg,meningioma,train,train/meningioma/m2 (135).jpg
Tr-me_0165.jpg,meningioma,train,train/meningioma/Tr-me_0165.jpg
Tr-me_0171.jpg,meningioma,train,train/meningioma/Tr-me_0171.jpg
Tr-me_0617.jpg,meningioma,train,train/meningioma/Tr-me_0617.jpg
M_836.jpg,meningioma,train,train/meningioma/M_836.jpg
Tr-me_1247.jpg,meningioma,train,train/meningioma/Tr-me_1247.jpg
Tr-me_0159.jpg,meningioma,train,train/meningioma/Tr-me_0159.jpg
Tr-me_1253.jpg,meningioma,train,train/meningioma/Tr-me_1253.jpg
M_822.jpg,meningioma,train,train/meningioma/M_822.jpg
Tr-me_0818.jpg,meningioma,train,train/meningioma/Tr-me_0818.jpg
M_873_HF_.jpg,meningioma,train,train/meningioma/M_873_HF_.jpg
M_863_HF_.jpg,meningioma,train,train/meningioma/M_863_HF_.jpg
Tr-me_0824.jpg,meningioma,train,train/meningioma/Tr-me_0824.jpg
Te-me_0135.jpg,meningioma,train,train/meningioma/Te-me_0135.jpg
M_880_DA_.jpg,meningioma,train,train/meningioma/M_880_DA_.jpg
Tr-me_1290.jpg,meningioma,train,train/meningioma/Tr-me_1290.jpg
Te-me_0121.jpg,meningioma,train,train/meningioma/Te-me_0121.jpg
Tr-me_0830.jpg,meningioma,train,train/meningioma/Tr-me_0830.jpg
m2 (123).jpg,meningioma,train,train/meningioma/m2 (123).jpg
Tr-me_0763.jpg,meningioma,train,train/meningioma/Tr-me_0763.jpg
Tr-me_0993.jpg,meningioma,train,train/meningioma/Tr-me_0993.jpg
Te-me_0082.jpg,meningioma,train,train/meningioma/Te-me_0082.jpg
Tr-me_0039.jpg,meningioma,train,train/meningioma/Tr-me_0039.jpg
Te-me_0096.jpg,meningioma,train,train/meningioma/Te-me_0096.jpg
Tr-me_0987.jpg,meningioma,train,train/meningioma/Tr-me_0987.jpg
m3 (187).jpg,meningioma,train,train/meningioma/m3 (187).jpg
Te-me_0069.jpg,meningioma,train,train/meningioma/Te-me_0069.jpg
Tr-me_0978.jpg,meningioma,train,train/meningioma/Tr-me_0978.jpg
M_866_SP_.jpg,meningioma,train,train/meningioma/M_866_SP_.jpg
Tr-me_0950.jpg,meningioma,train,train/meningioma/Tr-me_0950.jpg
m1(9).jpg,meningioma,train,train/meningioma/m1(9).jpg
M_876_SP_.jpg,meningioma,train,train/meningioma/M_876_SP_.jpg
m3 (168).jpg,meningioma,train,train/meningioma/m3 (168).jpg
Tr-me_0944.jpg,meningioma,train,train/meningioma/Tr-me_0944.jpg
Tr-me_0213.jpg,meningioma,train,train/meningioma/Tr-me_0213.jpg
Tr-me_0575.jpg,meningioma,train,train/meningioma/Tr-me_0575.jpg
m2 (174).jpg,meningioma,train,train/meningioma/m2 (174).jpg
Tr-me_0561.jpg,meningioma,train,train/meningioma/Tr-me_0561.jpg
Tr-me_1119.jpg,meningioma,train,train/meningioma/Tr-me_1119.jpg
Tr-me_0207.jpg,meningioma,train,train/meningioma/Tr-me_0207.jpg
M_822_RO_.jpg,meningioma,train,train/meningioma/M_822_RO_.jpg
Tr-me_1131.jpg,meningioma,train,train/meningioma/Tr-me_1131.jpg
Te-me_0280.jpg,meningioma,train,train/meningioma/Te-me_0280.jpg
Tr-me_0549.jpg,meningioma,train,train/meningioma/Tr-me_0549.jpg
M_832_RO_.jpg,meningioma,train,train/meningioma/M_832_RO_.jpg
Te-me_0294.jpg,meningioma,train,train/meningioma/Te-me_0294.jpg
Tr-me_1125.jpg,meningioma,train,train/meningioma/Tr-me_1125.jpg
Te-me_0243.jpg,meningioma,train,train/meningioma/Te-me_0243.jpg
m1(70).jpg,meningioma,train,train/meningioma/m1(70).jpg
M_885_VF_.jpg,meningioma,train,train/meningioma/M_885_VF_.jpg
m2 (94).jpg,meningioma,train,train/meningioma/m2 (94).jpg
Te-me_0257.jpg,meningioma,train,train/meningioma/Te-me_0257.jpg
Te-me_0256.jpg,meningioma,train,train/meningioma/Te-me_0256.jpg
M_871_VF_.jpg,meningioma,train,train/meningioma/M_871_VF_.jpg
Te-me_0242.jpg,meningioma,train,train/meningioma/Te-me_0242.jpg
M_861_VF_.jpg,meningioma,train,train/meningioma/M_861_VF_.jpg
Te-me_0295.jpg,meningioma,train,train/meningioma/Te-me_0295.jpg
Tr-me_1124.jpg,meningioma,train,train/meningioma/Tr-me_1124.jpg
Tr-me_1130.jpg,meningioma,train,train/meningioma/Tr-me_1130.jpg
Te-me_0281.jpg,meningioma,train,train/meningioma/Te-me_0281.jpg
Tr-me_0548.jpg,meningioma,train,train/meningioma/Tr-me_0548.jpg
Tr-me_0560.jpg,meningioma,train,train/meningioma/Tr-me_0560.jpg
Tr-me_0206.jpg,meningioma,train,train/meningioma/Tr-me_0206.jpg
Tr-me_1118.jpg,meningioma,train,train/meningioma/Tr-me_1118.jpg
Tr-me_0212.jpg,meningioma,train,train/meningioma/Tr-me_0212.jpg
Tr-me_0574.jpg,meningioma,train,train/meningioma/Tr-me_0574.jpg
M_882_SP_.jpg,meningioma,train,train/meningioma/M_882_SP_.jpg
Tr-me_0945.jpg,meningioma,train,train/meningioma/Tr-me_0945.jpg
Tr-me_0951.jpg,meningioma,train,train/meningioma/Tr-me_0951.jpg
Te-me_0068.jpg,meningioma,train,train/meningioma/Te-me_0068.jpg
Tr-me_0979.jpg,meningioma,train,train/meningioma/Tr-me_0979.jpg
m2 (158).jpg,meningioma,train,train/meningioma/m2 (158).jpg
Te-me_0097.jpg,meningioma,train,train/meningioma/Te-me_0097.jpg
Tr-me_0038.jpg,meningioma,train,train/meningioma/Tr-me_0038.jpg
M_832_BR_.jpg,meningioma,train,train/meningioma/M_832_BR_.jpg
Tr-me_0986.jpg,meningioma,train,train/meningioma/Tr-me_0986.jpg
M_822_BR_.jpg,meningioma,train,train/meningioma/M_822_BR_.jpg
Tr-me_0992.jpg,meningioma,train,train/meningioma/Tr-me_0992.jpg
m3 (113).jpg,meningioma,train,train/meningioma/m3 (113).jpg
Te-me_0083.jpg,meningioma,train,train/meningioma/Te-me_0083.jpg
Tr-me_0762.jpg,meningioma,train,train/meningioma/Tr-me_0762.jpg
m2 (57).jpg,meningioma,train,train/meningioma/m2 (57).jpg
Tr-me_1291.jpg,meningioma,train,train/meningioma/Tr-me_1291.jpg
Te-me_0120.jpg,meningioma,train,train/meningioma/Te-me_0120.jpg
M_874_DA_.jpg,meningioma,train,train/meningioma/M_874_DA_.jpg
Tr-me_0831.jpg,meningioma,train,train/meningioma/Tr-me_0831.jpg
M_864_DA_.jpg,meningioma,train,train/meningioma/M_864_DA_.jpg
Tr-me_0825.jpg,meningioma,train,train/meningioma/Tr-me_0825.jpg
Te-me_0134.jpg,meningioma,train,train/meningioma/Te-me_0134.jpg
M_850_BR_.jpg,meningioma,train,train/meningioma/M_850_BR_.jpg
M_887_HF_.jpg,meningioma,train,train/meningioma/M_887_HF_.jpg
Tr-me_0819.jpg,meningioma,train,train/meningioma/Tr-me_0819.jpg
M_840_BR_.jpg,meningioma,train,train/meningioma/M_840_BR_.jpg
m3 (105).jpg,meningioma,train,train/meningioma/m3 (105).jpg
M_823.jpg,meningioma,train,train/meningioma/M_823.jpg
M_837.jpg,meningioma,train,train/meningioma/M_837.jpg
Tr-me_0158.jpg,meningioma,train,train/meningioma/Tr-me_0158.jpg
Tr-me_1246.jpg,meningioma,train,train/meningioma/Tr-me_1246.jpg
Tr-me_0170.jpg,meningioma,train,train/meningioma/Tr-me_0170.jpg
m2 (41).jpg,meningioma,train,train/meningioma/m2 (41).jpg
Tr-me_0616.jpg,meningioma,train,train/meningioma/Tr-me_0616.jpg
Tr-me_0602.jpg,meningioma,train,train/meningioma/Tr-me_0602.jpg
Tr-me_0164.jpg,meningioma,train,train/meningioma/Tr-me_0164.jpg
m3 (1).jpg,meningioma,train,train/meningioma/m3 (1).jpg
Tr-me_0399.jpg,meningioma,train,train/meningioma/Tr-me_0399.jpg
M_859_SP_.jpg,meningioma,train,train/meningioma/M_859_SP_.jpg
m2 (119).jpg,meningioma,train,train/meningioma/m2 (119).jpg
M_849_SP_.jpg,meningioma,train,train/meningioma/M_849_SP_.jpg
Tr-me_0428.jpg,meningioma,train,train/meningioma/Tr-me_0428.jpg
1349.jpg,meningioma,train,train/meningioma/1349.jpg
Tr-me_1050.jpg,meningioma,train,train/meningioma/Tr-me_1050.jpg
Tr-me_1044.jpg,meningioma,train,train/meningioma/Tr-me_1044.jpg
m3 (152).jpg,meningioma,train,train/meningioma/m3 (152).jpg
Tr-me_0414.jpg,meningioma,train,train/meningioma/Tr-me_0414.jpg
1375.jpg,meningioma,train,train/meningioma/1375.jpg
1413.jpg,meningioma,train,train/meningioma/1413.jpg
Tr-me_0372.jpg,meningioma,train,train/meningioma/Tr-me_0372.jpg
m3 (16).jpg,meningioma,train,train/meningioma/m3 (16).jpg
1407.jpg,meningioma,train,train/meningioma/1407.jpg
Tr-me_0366.jpg,meningioma,train,train/meningioma/Tr-me_0366.jpg
Tr-me_0400.jpg,meningioma,train,train/meningioma/Tr-me_0400.jpg
m2 (16).jpg,meningioma,train,train/meningioma/m2 (16).jpg
1361.jpg,meningioma,train,train/meningioma/1361.jpg
Tr-me_0370.jpg,meningioma,train,train/meningioma/Tr-me_0370.jpg
m2 (61).jpg,meningioma,train,train/meningioma/m2 (61).jpg
1411.jpg,meningioma,train,train/meningioma/1411.jpg
1377.jpg,meningioma,train,train/meningioma/1377.jpg
Tr-me_0416.jpg,meningioma,train,train/meningioma/Tr-me_0416.jpg
m1(85).jpg,meningioma,train,train/meningioma/m1(85).jpg
1363.jpg,meningioma,train,train/meningioma/1363.jpg
Tr-me_0402.jpg,meningioma,train,train/meningioma/Tr-me_0402.jpg
Tr-me_0364.jpg,meningioma,train,train/meningioma/Tr-me_0364.jpg
1405.jpg,meningioma,train,train/meningioma/1405.jpg
Tr-me_1052.jpg,meningioma,train,train/meningioma/Tr-me_1052.jpg
m3 (125).jpg,meningioma,train,train/meningioma/m3 (125).jpg
M_835_VF_.jpg,meningioma,train,train/meningioma/M_835_VF_.jpg
M_825_VF_.jpg,meningioma,train,train/meningioma/M_825_VF_.jpg
Tr-me_0358.jpg,meningioma,train,train/meningioma/Tr-me_0358.jpg
Tr-me_1046.jpg,meningioma,train,train/meningioma/Tr-me_1046.jpg
1439.jpg,meningioma,train,train/meningioma/1439.jpg
M_882_RO_.jpg,meningioma,train,train/meningioma/M_882_RO_.jpg
1388.jpg,meningioma,train,train/meningioma/1388.jpg
Tr-me_1085.jpg,meningioma,train,train/meningioma/Tr-me_1085.jpg
Tr-me_0614.jpg,meningioma,train,train/meningioma/Tr-me_0614.jpg
Tr-me_0172.jpg,meningioma,train,train/meningioma/Tr-me_0172.jpg
Tr-me_0166.jpg,meningioma,train,train/meningioma/Tr-me_0166.jpg
Tr-me_0600.jpg,meningioma,train,train/meningioma/Tr-me_0600.jpg
m2 (36).jpg,meningioma,train,train/meningioma/m2 (36).jpg
M_821.jpg,meningioma,train,train/meningioma/M_821.jpg
Tr-me_1250.jpg,meningioma,train,train/meningioma/Tr-me_1250.jpg
Tr-me_1244.jpg,meningioma,train,train/meningioma/Tr-me_1244.jpg
M_835.jpg,meningioma,train,train/meningioma/M_835.jpg
m3 (172).jpg,meningioma,train,train/meningioma/m3 (172).jpg
M_852_DA_.jpg,meningioma,train,train/meningioma/M_852_DA_.jpg
m2 (139).jpg,meningioma,train,train/meningioma/m2 (139).jpg
M_842_DA_.jpg,meningioma,train,train/meningioma/M_842_DA_.jpg
Tr-me_0833.jpg,meningioma,train,train/meningioma/Tr-me_0833.jpg
M_876_BR_.jpg,meningioma,train,train/meningioma/M_876_BR_.jpg
Te-me_0122.jpg,meningioma,train,train/meningioma/Te-me_0122.jpg
Tr-me_1293.jpg,meningioma,train,train/meningioma/Tr-me_1293.jpg
M_866_BR_.jpg,meningioma,train,train/meningioma/M_866_BR_.jpg
Tr-me_0199.jpg,meningioma,train,train/meningioma/Tr-me_0199.jpg
Tr-me_1287.jpg,meningioma,train,train/meningioma/Tr-me_1287.jpg
Te-me_0136.jpg,meningioma,train,train/meningioma/Te-me_0136.jpg
Tr-me_0827.jpg,meningioma,train,train/meningioma/Tr-me_0827.jpg
m2 (20).jpg,meningioma,train,train/meningioma/m2 (20).jpg
Tr-me_0760.jpg,meningioma,train,train/meningioma/Tr-me_0760.jpg
Tr-me_0984.jpg,meningioma,train,train/meningioma/Tr-me_0984.jpg
m3 (164).jpg,meningioma,train,train/meningioma/m3 (164).jpg
M_830_DA_.jpg,meningioma,train,train/meningioma/M_830_DA_.jpg
Te-me_0095.jpg,meningioma,train,train/meningioma/Te-me_0095.jpg
Te-me_0081.jpg,meningioma,train,train/meningioma/Te-me_0081.jpg
M_820_DA_.jpg,meningioma,train,train/meningioma/M_820_DA_.jpg
m1(5).jpg,meningioma,train,train/meningioma/m1(5).jpg
Tr-me_0990.jpg,meningioma,train,train/meningioma/Tr-me_0990.jpg
M_859_RO_.jpg,meningioma,train,train/meningioma/M_859_RO_.jpg
M_849_RO_.jpg,meningioma,train,train/meningioma/M_849_RO_.jpg
Tr-me_0947.jpg,meningioma,train,train/meningioma/Tr-me_0947.jpg
Tr-me_0953.jpg,meningioma,train,train/meningioma/Tr-me_0953.jpg
Tr-me_0204.jpg,meningioma,train,train/meningioma/Tr-me_0204.jpg
Tr-me_0562.jpg,meningioma,train,train/meningioma/Tr-me_0562.jpg
Tr-me_0576.jpg,meningioma,train,train/meningioma/Tr-me_0576.jpg
m1(93).jpg,meningioma,train,train/meningioma/m1(93).jpg
m2 (77).jpg,meningioma,train,train/meningioma/m2 (77).jpg
Tr-me_0210.jpg,meningioma,train,train/meningioma/Tr-me_0210.jpg
Tr-me_1126.jpg,meningioma,train,train/meningioma/Tr-me_1126.jpg
Te-me_0297.jpg,meningioma,train,train/meningioma/Te-me_0297.jpg
m2 (98).jpg,meningioma,train,train/meningioma/m2 (98).jpg
Tr-me_0238.jpg,meningioma,train,train/meningioma/Tr-me_0238.jpg
m3 (133).jpg,meningioma,train,train/meningioma/m3 (133).jpg
Te-me_0283.jpg,meningioma,train,train/meningioma/Te-me_0283.jpg
Tr-me_1132.jpg,meningioma,train,train/meningioma/Tr-me_1132.jpg
Te-me_0268.jpg,meningioma,train,train/meningioma/Te-me_0268.jpg
M_857_VF_.jpg,meningioma,train,train/meningioma/M_857_VF_.jpg
M_847_VF_.jpg,meningioma,train,train/meningioma/M_847_VF_.jpg
Te-me_0254.jpg,meningioma,train,train/meningioma/Te-me_0254.jpg
Te-me_0240.jpg,meningioma,train,train/meningioma/Te-me_0240.jpg
Te-me_0241.jpg,meningioma,train,train/meningioma/Te-me_0241.jpg
Te-me_0255.jpg,meningioma,train,train/meningioma/Te-me_0255.jpg
m3 (148).jpg,meningioma,train,train/meningioma/m3 (148).jpg
M_849_BR_.jpg,meningioma,train,train/meningioma/M_849_BR_.jpg
M_859_BR_.jpg,meningioma,train,train/meningioma/M_859_BR_.jpg
Te-me_0282.jpg,meningioma,train,train/meningioma/Te-me_0282.jpg
Tr-me_1133.jpg,meningioma,train,train/meningioma/Tr-me_1133.jpg
Tr-me_0239.jpg,meningioma,train,train/meningioma/Tr-me_0239.jpg
Tr-me_1127.jpg,meningioma,train,train/meningioma/Tr-me_1127.jpg
Te-me_0296.jpg,meningioma,train,train/meningioma/Te-me_0296.jpg
Tr-me_0577.jpg,meningioma,train,train/meningioma/Tr-me_0577.jpg
Tr-me_0211.jpg,meningioma,train,train/meningioma/Tr-me_0211.jpg
Tr-me_0205.jpg,meningioma,train,train/meningioma/Tr-me_0205.jpg
m2 (103).jpg,meningioma,train,train/meningioma/m2 (103).jpg
Tr-me_0563.jpg,meningioma,train,train/meningioma/Tr-me_0563.jpg
Tr-me_0952.jpg,meningioma,train,train/meningioma/Tr-me_0952.jpg
Tr-me_0946.jpg,meningioma,train,train/meningioma/Tr-me_0946.jpg
M_840_SP_.jpg,meningioma,train,train/meningioma/M_840_SP_.jpg
M_850_SP_.jpg,meningioma,train,train/meningioma/M_850_SP_.jpg
Te-me_0080.jpg,meningioma,train,train/meningioma/Te-me_0080.jpg
Tr-me_0991.jpg,meningioma,train,train/meningioma/Tr-me_0991.jpg
Tr-me_0985.jpg,meningioma,train,train/meningioma/Tr-me_0985.jpg
Te-me_0094.jpg,meningioma,train,train/meningioma/Te-me_0094.jpg
M_837_HF_.jpg,meningioma,train,train/meningioma/M_837_HF_.jpg
m2 (154).jpg,meningioma,train,train/meningioma/m2 (154).jpg
Tr-me_0761.jpg,meningioma,train,train/meningioma/Tr-me_0761.jpg
M_827_HF_.jpg,meningioma,train,train/meningioma/M_827_HF_.jpg
Tr-me_1286.jpg,meningioma,train,train/meningioma/Tr-me_1286.jpg
Te-me_0137.jpg,meningioma,train,train/meningioma/Te-me_0137.jpg
M_855_HF_.jpg,meningioma,train,train/meningioma/M_855_HF_.jpg
Tr-me_0198.jpg,meningioma,train,train/meningioma/Tr-me_0198.jpg
M_892_BR_.jpg,meningioma,train,train/meningioma/M_892_BR_.jpg
M_868_VF_.jpg,meningioma,train,train/meningioma/M_868_VF_.jpg
m1(46).jpg,meningioma,train,train/meningioma/m1(46).jpg
Tr-me_0826.jpg,meningioma,train,train/meningioma/Tr-me_0826.jpg
Tr-me_0832.jpg,meningioma,train,train/meningioma/Tr-me_0832.jpg
M_882_BR_.jpg,meningioma,train,train/meningioma/M_882_BR_.jpg
M_845_HF_.jpg,meningioma,train,train/meningioma/M_845_HF_.jpg
M_878_VF_.jpg,meningioma,train,train/meningioma/M_878_VF_.jpg
Te-me_0123.jpg,meningioma,train,train/meningioma/Te-me_0123.jpg
Tr-me_1292.jpg,meningioma,train,train/meningioma/Tr-me_1292.jpg
m3 (109).jpg,meningioma,train,train/meningioma/m3 (109).jpg
M_822_SP_.jpg,meningioma,train,train/meningioma/M_822_SP_.jpg
Tr-me_1245.jpg,meningioma,train,train/meningioma/Tr-me_1245.jpg
M_834.jpg,meningioma,train,train/meningioma/M_834.jpg
M_832_SP_.jpg,meningioma,train,train/meningioma/M_832_SP_.jpg
M_820.jpg,meningioma,train,train/meningioma/M_820.jpg
Tr-me_1251.jpg,meningioma,train,train/meningioma/Tr-me_1251.jpg
Tr-me_0167.jpg,meningioma,train,train/meningioma/Tr-me_0167.jpg
Tr-me_0601.jpg,meningioma,train,train/meningioma/Tr-me_0601.jpg
m2 (142).jpg,meningioma,train,train/meningioma/m2 (142).jpg
Tr-me_0615.jpg,meningioma,train,train/meningioma/Tr-me_0615.jpg
Tr-me_0173.jpg,meningioma,train,train/meningioma/Tr-me_0173.jpg
M_866_RO_.jpg,meningioma,train,train/meningioma/M_866_RO_.jpg
Tr-me_1084.jpg,meningioma,train,train/meningioma/Tr-me_1084.jpg
M_876_RO_.jpg,meningioma,train,train/meningioma/M_876_RO_.jpg
1389.jpg,meningioma,train,train/meningioma/1389.jpg
1438.jpg,meningioma,train,train/meningioma/1438.jpg
Tr-me_1047.jpg,meningioma,train,train/meningioma/Tr-me_1047.jpg
Tr-me_0359.jpg,meningioma,train,train/meningioma/Tr-me_0359.jpg
Tr-me_1053.jpg,meningioma,train,train/meningioma/Tr-me_1053.jpg
Tr-me_0403.jpg,meningioma,train,train/meningioma/Tr-me_0403.jpg
1362.jpg,meningioma,train,train/meningioma/1362.jpg
1404.jpg,meningioma,train,train/meningioma/1404.jpg
m2 (115).jpg,meningioma,train,train/meningioma/m2 (115).jpg
Tr-me_0365.jpg,meningioma,train,train/meningioma/Tr-me_0365.jpg
1410.jpg,meningioma,train,train/meningioma/1410.jpg
Tr-me_0371.jpg,meningioma,train,train/meningioma/Tr-me_0371.jpg
Tr-me_0417.jpg,meningioma,train,train/meningioma/Tr-me_0417.jpg
1376.jpg,meningioma,train,train/meningioma/1376.jpg
1409.jpg,pituitary,test,test/pituitary/1409.jpg
p (477).jpg,pituitary,test,test/pituitary/p (477).jpg
1353.jpg,pituitary,test,test/pituitary/1353.jpg
1435.jpg,pituitary,test,test/pituitary/1435.jpg
1421.jpg,pituitary,test,test/pituitary/1421.jpg
1347.jpg,pituitary,test,test/pituitary/1347.jpg
1390.jpg,pituitary,test,test/pituitary/1390.jpg
1384.jpg,pituitary,test,test/pituitary/1384.jpg
p (420).jpg,pituitary,test,test/pituitary/p (420).jpg
image(49).jpg,pituitary,test,test/pituitary/image(49).jpg
image(1).jpg,pituitary,test,test/pituitary/image(1).jpg
p (436).jpg,pituitary,test,test/pituitary/p (436).jpg
p (34).jpg,pituitary,test,test/pituitary/p (34).jpg
1569.jpg,pituitary,test,test/pituitary/1569.jpg
p (461).jpg,pituitary,test,test/pituitary/p (461).jpg
1227.jpg,pituitary,test,test/pituitary/1227.jpg
1541.jpg,pituitary,test,test/pituitary/1541.jpg
1555.jpg,pituitary,test,test/pituitary/1555.jpg
1233.jpg,pituitary,test,test/pituitary/1233.jpg
1582.jpg,pituitary,test,test/pituitary/1582.jpg
1596.jpg,pituitary,test,test/pituitary/1596.jpg
1597.jpg,pituitary,test,test/pituitary/1597.jpg
1583.jpg,pituitary,test,test/pituitary/1583.jpg
1554.jpg,pituitary,test,test/pituitary/1554.jpg
1232.jpg,pituitary,test,test/pituitary/1232.jpg
1226.jpg,pituitary,test,test/pituitary/1226.jpg
1540.jpg,pituitary,test,test/pituitary/1540.jpg
1568.jpg,pituitary,test,test/pituitary/1568.jpg
1385.jpg,pituitary,test,test/pituitary/1385.jpg
1391.jpg,pituitary,test,test/pituitary/1391.jpg
1420.jpg,pituitary,test,test/pituitary/1420.jpg
1346.jpg,pituitary,test,test/pituitary/1346.jpg
p (375).jpg,pituitary,test,test/pituitary/p (375).jpg
1352.jpg,pituitary,test,test/pituitary/1352.jpg
1434.jpg,pituitary,test,test/pituitary/1434.jpg
1408.jpg,pituitary,test,test/pituitary/1408.jpg
1378.jpg,pituitary,test,test/pituitary/1378.jpg
1344.jpg,pituitary,test,test/pituitary/1344.jpg
1422.jpg,pituitary,test,test/pituitary/1422.jpg
1436.jpg,pituitary,test,test/pituitary/1436.jpg
1350.jpg,pituitary,test,test/pituitary/1350.jpg
1387.jpg,pituitary,test,test/pituitary/1387.jpg
1393.jpg,pituitary,test,test/pituitary/1393.jpg
1608.jpg,pituitary,test,test/pituitary/1608.jpg
image(45).jpg,pituitary,test,test/pituitary/image(45).jpg
p (38).jpg,pituitary,test,test/pituitary/p (38).jpg
image(53).jpg,pituitary,test,test/pituitary/image(53).jpg
p (4).jpg,pituitary,test,test/pituitary/p (4).jpg
1218.jpg,pituitary,test,test/pituitary/1218.jpg
1230.jpg,pituitary,test,test/pituitary/1230.jpg
1556.jpg,pituitary,test,test/pituitary/1556.jpg
1542.jpg,pituitary,test,test/pituitary/1542.jpg
1224.jpg,pituitary,test,test/pituitary/1224.jpg
1595.jpg,pituitary,test,test/pituitary/1595.jpg
1581.jpg,pituitary,test,test/pituitary/1581.jpg
1580.jpg,pituitary,test,test/pituitary/1580.jpg
1594.jpg,pituitary,test,test/pituitary/1594.jpg
p (380).jpg,pituitary,test,test/pituitary/p (380).jpg
1543.jpg,pituitary,test,test/pituitary/1543.jpg
1225.jpg,pituitary,test,test/pituitary/1225.jpg
1231.jpg,pituitary,test,test/pituitary/1231.jpg
1557.jpg,pituitary,test,test/pituitary/1557.jpg
image(90).jpg,pituitary,test,test/pituitary/image(90).jpg
1219.jpg,pituitary,test,test/pituitary/1219.jpg
p (416).jpg,pituitary,test,test/pituitary/p (416).jpg
p (43).jpg,pituitary,test,test/pituitary/p (43).jpg
p (441).jpg,pituitary,test,test/pituitary/p (441).jpg
image(28).jpg,pituitary,test,test/pituitary/image(28).jpg
p (55).jpg,pituitary,test,test/pituitary/p (55).jpg
p (457).jpg,pituitary,test,test/pituitary/p (457).jpg
1609.jpg,pituitary,test,test/pituitary/1609.jpg
1392.jpg,pituitary,test,test/pituitary/1392.jpg
1386.jpg,pituitary,test,test/pituitary/1386.jpg
p (379).jpg,pituitary,test,test/pituitary/p (379).jpg
p (396).jpg,pituitary,test,test/pituitary/p (396).jpg
1437.jpg,pituitary,test,test/pituitary/1437.jpg
1351.jpg,pituitary,test,test/pituitary/1351.jpg
1345.jpg,pituitary,test,test/pituitary/1345.jpg
1423.jpg,pituitary,test,test/pituitary/1423.jpg
1379.jpg,pituitary,test,test/pituitary/1379.jpg
p (400).jpg,pituitary,test,test/pituitary/p (400).jpg
image(87).jpg,pituitary,test,test/pituitary/image(87).jpg
1427.jpg,pituitary,test,test/pituitary/1427.jpg
1341.jpg,pituitary,test,test/pituitary/1341.jpg
1355.jpg,pituitary,test,test/pituitary/1355.jpg
1433.jpg,pituitary,test,test/pituitary/1433.jpg
p (401).jpg,pituitary,test,test/pituitary/p (401).jpg
1369.jpg,pituitary,test,test/pituitary/1369.jpg
1382.jpg,pituitary,test,test/pituitary/1382.jpg
1396.jpg,pituitary,test,test/pituitary/1396.jpg
p (378).jpg,pituitary,test,test/pituitary/p (378).jpg
p (397).jpg,pituitary,test,test/pituitary/p (397).jpg
p (456).jpg,pituitary,test,test/pituitary/p (456).jpg
p (54).jpg,pituitary,test,test/pituitary/p (54).jpg
p (440).jpg,pituitary,test,test/pituitary/p (440).jpg
p (42).jpg,pituitary,test,test/pituitary/p (42).jpg
1553.jpg,pituitary,test,test/pituitary/1553.jpg
1235.jpg,pituitary,test,test/pituitary/1235.jpg
1221.jpg,pituitary,test,test/pituitary/1221.jpg
1547.jpg,pituitary,test,test/pituitary/1547.jpg
image(91).jpg,pituitary,test,test/pituitary/image(91).jpg
p (417).jpg,pituitary,test,test/pituitary/p (417).jpg
1209.jpg,pituitary,test,test/pituitary/1209.jpg
1590.jpg,pituitary,test,test/pituitary/1590.jpg
1584.jpg,pituitary,test,test/pituitary/1584.jpg
p (381).jpg,pituitary,test,test/pituitary/p (381).jpg
1585.jpg,pituitary,test,test/pituitary/1585.jpg
1591.jpg,pituitary,test,test/pituitary/1591.jpg
1208.jpg,pituitary,test,test/pituitary/1208.jpg
1220.jpg,pituitary,test,test/pituitary/1220.jpg
1546.jpg,pituitary,test,test/pituitary/1546.jpg
1552.jpg,pituitary,test,test/pituitary/1552.jpg
1234.jpg,pituitary,test,test/pituitary/1234.jpg
image(52).jpg,pituitary,test,test/pituitary/image(52).jpg
p (5).jpg,pituitary,test,test/pituitary/p (5).jpg
p (39).jpg,pituitary,test,test/pituitary/p (39).jpg
image(44).jpg,pituitary,test,test/pituitary/image(44).jpg
1618.jpg,pituitary,test,test/pituitary/1618.jpg
image(13).jpg,pituitary,test,test/pituitary/image(13).jpg
1397.jpg,pituitary,test,test/pituitary/1397.jpg
1383.jpg,pituitary,test,test/pituitary/1383.jpg
1368.jpg,pituitary,test,test/pituitary/1368.jpg
1354.jpg,pituitary,test,test/pituitary/1354.jpg
1432.jpg,pituitary,test,test/pituitary/1432.jpg
1426.jpg,pituitary,test,test/pituitary/1426.jpg
1340.jpg,pituitary,test,test/pituitary/1340.jpg
1430.jpg,pituitary,test,test/pituitary/1430.jpg
1356.jpg,pituitary,test,test/pituitary/1356.jpg
p (374).jpg,pituitary,test,test/pituitary/p (374).jpg
1342.jpg,pituitary,test,test/pituitary/1342.jpg
1424.jpg,pituitary,test,test/pituitary/1424.jpg
1418.jpg,pituitary,test,test/pituitary/1418.jpg
1395.jpg,pituitary,test,test/pituitary/1395.jpg
1381.jpg,pituitary,test,test/pituitary/1381.jpg
p (335).jpg,pituitary,test,test/pituitary/p (335).jpg
1544.jpg,pituitary,test,test/pituitary/1544.jpg
1222.jpg,pituitary,test,test/pituitary/1222.jpg
1236.jpg,pituitary,test,test/pituitary/1236.jpg
1550.jpg,pituitary,test,test/pituitary/1550.jpg
1578.jpg,pituitary,test,test/pituitary/1578.jpg
1587.jpg,pituitary,test,test/pituitary/1587.jpg
1593.jpg,pituitary,test,test/pituitary/1593.jpg
1592.jpg,pituitary,test,test/pituitary/1592.jpg
1586.jpg,pituitary,test,test/pituitary/1586.jpg
p (460).jpg,pituitary,test,test/pituitary/p (460).jpg
1579.jpg,pituitary,test,test/pituitary/1579.jpg
1237.jpg,pituitary,test,test/pituitary/1237.jpg
1551.jpg,pituitary,test,test/pituitary/1551.jpg
1545.jpg,pituitary,test,test/pituitary/1545.jpg
1223.jpg,pituitary,test,test/pituitary/1223.jpg
p (35).jpg,pituitary,test,test/pituitary/p (35).jpg
p (437).jpg,pituitary,test,test/pituitary/p (437).jpg
p (421).jpg,pituitary,test,test/pituitary/p (421).jpg
image(48).jpg,pituitary,test,test/pituitary/image(48).jpg
1380.jpg,pituitary,test,test/pituitary/1380.jpg
1394.jpg,pituitary,test,test/pituitary/1394.jpg
p (476).jpg,pituitary,test,test/pituitary/p (476).jpg
1419.jpg,pituitary,test,test/pituitary/1419.jpg
1343.jpg,pituitary,test,test/pituitary/1343.jpg
1425.jpg,pituitary,test,test/pituitary/1425.jpg
1431.jpg,pituitary,test,test/pituitary/1431.jpg
1357.jpg,pituitary,test,test/pituitary/1357.jpg
1318.jpg,pituitary,test,test/pituitary/1318.jpg
1456.jpg,pituitary,test,test/pituitary/1456.jpg
1330.jpg,pituitary,test,test/pituitary/1330.jpg
1324.jpg,pituitary,test,test/pituitary/1324.jpg
1442.jpg,pituitary,test,test/pituitary/1442.jpg
1495.jpg,pituitary,test,test/pituitary/1495.jpg
1481.jpg,pituitary,test,test/pituitary/1481.jpg
1654.jpg,pituitary,test,test/pituitary/1654.jpg
image(43).jpg,pituitary,test,test/pituitary/image(43).jpg
image(55).jpg,pituitary,test,test/pituitary/image(55).jpg
1278.jpg,pituitary,test,test/pituitary/1278.jpg
1522.jpg,pituitary,test,test/pituitary/1522.jpg
1244.jpg,pituitary,test,test/pituitary/1244.jpg
1250.jpg,pituitary,test,test/pituitary/1250.jpg
1536.jpg,pituitary,test,test/pituitary/1536.jpg
1287.jpg,pituitary,test,test/pituitary/1287.jpg
1293.jpg,pituitary,test,test/pituitary/1293.jpg
1292.jpg,pituitary,test,test/pituitary/1292.jpg
p (369).jpg,pituitary,test,test/pituitary/p (369).jpg
1286.jpg,pituitary,test,test/pituitary/1286.jpg
p (386).jpg,pituitary,test,test/pituitary/p (386).jpg
1251.jpg,pituitary,test,test/pituitary/1251.jpg
image(96).jpg,pituitary,test,test/pituitary/image(96).jpg
1537.jpg,pituitary,test,test/pituitary/1537.jpg
1523.jpg,pituitary,test,test/pituitary/1523.jpg
1245.jpg,pituitary,test,test/pituitary/1245.jpg
1279.jpg,pituitary,test,test/pituitary/1279.jpg
p (410).jpg,pituitary,test,test/pituitary/p (410).jpg
p (45).jpg,pituitary,test,test/pituitary/p (45).jpg
p (447).jpg,pituitary,test,test/pituitary/p (447).jpg
p (53).jpg,pituitary,test,test/pituitary/p (53).jpg
1655.jpg,pituitary,test,test/pituitary/1655.jpg
image(38).jpg,pituitary,test,test/pituitary/image(38).jpg
p (451).jpg,pituitary,test,test/pituitary/p (451).jpg
1480.jpg,pituitary,test,test/pituitary/1480.jpg
1494.jpg,pituitary,test,test/pituitary/1494.jpg
p (390).jpg,pituitary,test,test/pituitary/p (390).jpg
1325.jpg,pituitary,test,test/pituitary/1325.jpg
1443.jpg,pituitary,test,test/pituitary/1443.jpg
1457.jpg,pituitary,test,test/pituitary/1457.jpg
1331.jpg,pituitary,test,test/pituitary/1331.jpg
1319.jpg,pituitary,test,test/pituitary/1319.jpg
p (406).jpg,pituitary,test,test/pituitary/p (406).jpg
image(18).jpg,pituitary,test,test/pituitary/image(18).jpg
1469.jpg,pituitary,test,test/pituitary/1469.jpg
p (471).jpg,pituitary,test,test/pituitary/p (471).jpg
1441.jpg,pituitary,test,test/pituitary/1441.jpg
1327.jpg,pituitary,test,test/pituitary/1327.jpg
1333.jpg,pituitary,test,test/pituitary/1333.jpg
1455.jpg,pituitary,test,test/pituitary/1455.jpg
1482.jpg,pituitary,test,test/pituitary/1482.jpg
1496.jpg,pituitary,test,test/pituitary/1496.jpg
p (426).jpg,pituitary,test,test/pituitary/p (426).jpg
1643.jpg,pituitary,test,test/pituitary/1643.jpg
1657.jpg,pituitary,test,test/pituitary/1657.jpg
p (430).jpg,pituitary,test,test/pituitary/p (430).jpg
1509.jpg,pituitary,test,test/pituitary/1509.jpg
p (467).jpg,pituitary,test,test/pituitary/p (467).jpg
1535.jpg,pituitary,test,test/pituitary/1535.jpg
1253.jpg,pituitary,test,test/pituitary/1253.jpg
1247.jpg,pituitary,test,test/pituitary/1247.jpg
1521.jpg,pituitary,test,test/pituitary/1521.jpg
1290.jpg,pituitary,test,test/pituitary/1290.jpg
1284.jpg,pituitary,test,test/pituitary/1284.jpg
1285.jpg,pituitary,test,test/pituitary/1285.jpg
1291.jpg,pituitary,test,test/pituitary/1291.jpg
p (365).jpg,pituitary,test,test/pituitary/p (365).jpg
1246.jpg,pituitary,test,test/pituitary/1246.jpg
1520.jpg,pituitary,test,test/pituitary/1520.jpg
1534.jpg,pituitary,test,test/pituitary/1534.jpg
1252.jpg,pituitary,test,test/pituitary/1252.jpg
1508.jpg,pituitary,test,test/pituitary/1508.jpg
image(22).jpg,pituitary,test,test/pituitary/image(22).jpg
p (49).jpg,pituitary,test,test/pituitary/p (49).jpg
image(34).jpg,pituitary,test,test/pituitary/image(34).jpg
1656.jpg,pituitary,test,test/pituitary/1656.jpg
1642.jpg,pituitary,test,test/pituitary/1642.jpg
1497.jpg,pituitary,test,test/pituitary/1497.jpg
1483.jpg,pituitary,test,test/pituitary/1483.jpg
1332.jpg,pituitary,test,test/pituitary/1332.jpg
1454.jpg,pituitary,test,test/pituitary/1454.jpg
1440.jpg,pituitary,test,test/pituitary/1440.jpg
1326.jpg,pituitary,test,test/pituitary/1326.jpg
p (373).jpg,pituitary,test,test/pituitary/p (373).jpg
1468.jpg,pituitary,test,test/pituitary/1468.jpg
1322.jpg,pituitary,test,test/pituitary/1322.jpg
1444.jpg,pituitary,test,test/pituitary/1444.jpg
1450.jpg,pituitary,test,test/pituitary/1450.jpg
1336.jpg,pituitary,test,test/pituitary/1336.jpg
p (372).jpg,pituitary,test,test/pituitary/p (372).jpg
1478.jpg,pituitary,test,test/pituitary/1478.jpg
1487.jpg,pituitary,test,test/pituitary/1487.jpg
1493.jpg,pituitary,test,test/pituitary/1493.jpg
1646.jpg,pituitary,test,test/pituitary/1646.jpg
1652.jpg,pituitary,test,test/pituitary/1652.jpg
image(35).jpg,pituitary,test,test/pituitary/image(35).jpg
p (48).jpg,pituitary,test,test/pituitary/p (48).jpg
image(23).jpg,pituitary,test,test/pituitary/image(23).jpg
p (364).jpg,pituitary,test,test/pituitary/p (364).jpg
1256.jpg,pituitary,test,test/pituitary/1256.jpg
1530.jpg,pituitary,test,test/pituitary/1530.jpg
1524.jpg,pituitary,test,test/pituitary/1524.jpg
1242.jpg,pituitary,test,test/pituitary/1242.jpg
1518.jpg,pituitary,test,test/pituitary/1518.jpg
1295.jpg,pituitary,test,test/pituitary/1295.jpg
1281.jpg,pituitary,test,test/pituitary/1281.jpg
1280.jpg,pituitary,test,test/pituitary/1280.jpg
1294.jpg,pituitary,test,test/pituitary/1294.jpg
p (466).jpg,pituitary,test,test/pituitary/p (466).jpg
1519.jpg,pituitary,test,test/pituitary/1519.jpg
1525.jpg,pituitary,test,test/pituitary/1525.jpg
1243.jpg,pituitary,test,test/pituitary/1243.jpg
1257.jpg,pituitary,test,test/pituitary/1257.jpg
1531.jpg,pituitary,test,test/pituitary/1531.jpg
p (431).jpg,pituitary,test,test/pituitary/p (431).jpg
p (427).jpg,pituitary,test,test/pituitary/p (427).jpg
1653.jpg,pituitary,test,test/pituitary/1653.jpg
1647.jpg,pituitary,test,test/pituitary/1647.jpg
1492.jpg,pituitary,test,test/pituitary/1492.jpg
1486.jpg,pituitary,test,test/pituitary/1486.jpg
image(19).jpg,pituitary,test,test/pituitary/image(19).jpg
p (470).jpg,pituitary,test,test/pituitary/p (470).jpg
1479.jpg,pituitary,test,test/pituitary/1479.jpg
1451.jpg,pituitary,test,test/pituitary/1451.jpg
1337.jpg,pituitary,test,test/pituitary/1337.jpg
1323.jpg,pituitary,test,test/pituitary/1323.jpg
1445.jpg,pituitary,test,test/pituitary/1445.jpg
1335.jpg,pituitary,test,test/pituitary/1335.jpg
1453.jpg,pituitary,test,test/pituitary/1453.jpg
1447.jpg,pituitary,test,test/pituitary/1447.jpg
1321.jpg,pituitary,test,test/pituitary/1321.jpg
p (407).jpg,pituitary,test,test/pituitary/p (407).jpg
1309.jpg,pituitary,test,test/pituitary/1309.jpg
1490.jpg,pituitary,test,test/pituitary/1490.jpg
1484.jpg,pituitary,test,test/pituitary/1484.jpg
p (391).jpg,pituitary,test,test/pituitary/p (391).jpg
1651.jpg,pituitary,test,test/pituitary/1651.jpg
1645.jpg,pituitary,test,test/pituitary/1645.jpg
p (450).jpg,pituitary,test,test/pituitary/p (450).jpg
p (52).jpg,pituitary,test,test/pituitary/p (52).jpg
p (446).jpg,pituitary,test,test/pituitary/p (446).jpg
p (44).jpg,pituitary,test,test/pituitary/p (44).jpg
1241.jpg,pituitary,test,test/pituitary/1241.jpg
image(97).jpg,pituitary,test,test/pituitary/image(97).jpg
1527.jpg,pituitary,test,test/pituitary/1527.jpg
1533.jpg,pituitary,test,test/pituitary/1533.jpg
1255.jpg,pituitary,test,test/pituitary/1255.jpg
p (411).jpg,pituitary,test,test/pituitary/p (411).jpg
1269.jpg,pituitary,test,test/pituitary/1269.jpg
1282.jpg,pituitary,test,test/pituitary/1282.jpg
p (368).jpg,pituitary,test,test/pituitary/p (368).jpg
1296.jpg,pituitary,test,test/pituitary/1296.jpg
p (387).jpg,pituitary,test,test/pituitary/p (387).jpg
1297.jpg,pituitary,test,test/pituitary/1297.jpg
1283.jpg,pituitary,test,test/pituitary/1283.jpg
1268.jpg,pituitary,test,test/pituitary/1268.jpg
1532.jpg,pituitary,test,test/pituitary/1532.jpg
1254.jpg,pituitary,test,test/pituitary/1254.jpg
1240.jpg,pituitary,test,test/pituitary/1240.jpg
1526.jpg,pituitary,test,test/pituitary/1526.jpg
image(54).jpg,pituitary,test,test/pituitary/image(54).jpg
image(42).jpg,pituitary,test,test/pituitary/image(42).jpg
1644.jpg,pituitary,test,test/pituitary/1644.jpg
1650.jpg,pituitary,test,test/pituitary/1650.jpg
image(15).jpg,pituitary,test,test/pituitary/image(15).jpg
1485.jpg,pituitary,test,test/pituitary/1485.jpg
1491.jpg,pituitary,test,test/pituitary/1491.jpg
1308.jpg,pituitary,test,test/pituitary/1308.jpg
1446.jpg,pituitary,test,test/pituitary/1446.jpg
1320.jpg,pituitary,test,test/pituitary/1320.jpg
1334.jpg,pituitary,test,test/pituitary/1334.jpg
1452.jpg,pituitary,test,test/pituitary/1452.jpg
p (404).jpg,pituitary,test,test/pituitary/p (404).jpg
1339.jpg,pituitary,test,test/pituitary/1339.jpg
1477.jpg,pituitary,test,test/pituitary/1477.jpg
1311.jpg,pituitary,test,test/pituitary/1311.jpg
1305.jpg,pituitary,test,test/pituitary/1305.jpg
1463.jpg,pituitary,test,test/pituitary/1463.jpg
1488.jpg,pituitary,test,test/pituitary/1488.jpg
p (392).jpg,pituitary,test,test/pituitary/p (392).jpg
1649.jpg,pituitary,test,test/pituitary/1649.jpg
p (453).jpg,pituitary,test,test/pituitary/p (453).jpg
p (51).jpg,pituitary,test,test/pituitary/p (51).jpg
p (445).jpg,pituitary,test,test/pituitary/p (445).jpg
p (47).jpg,pituitary,test,test/pituitary/p (47).jpg
p (412).jpg,pituitary,test,test/pituitary/p (412).jpg
1259.jpg,pituitary,test,test/pituitary/1259.jpg
1503.jpg,pituitary,test,test/pituitary/1503.jpg
1265.jpg,pituitary,test,test/pituitary/1265.jpg
1271.jpg,pituitary,test,test/pituitary/1271.jpg
image(94).jpg,pituitary,test,test/pituitary/image(94).jpg
1517.jpg,pituitary,test,test/pituitary/1517.jpg
p (384).jpg,pituitary,test,test/pituitary/p (384).jpg
p (469).jpg,pituitary,test,test/pituitary/p (469).jpg
1270.jpg,pituitary,test,test/pituitary/1270.jpg
1516.jpg,pituitary,test,test/pituitary/1516.jpg
1502.jpg,pituitary,test,test/pituitary/1502.jpg
1264.jpg,pituitary,test,test/pituitary/1264.jpg
1258.jpg,pituitary,test,test/pituitary/1258.jpg
image(57).jpg,pituitary,test,test/pituitary/image(57).jpg
image(41).jpg,pituitary,test,test/pituitary/image(41).jpg
p (428).jpg,pituitary,test,test/pituitary/p (428).jpg
1648.jpg,pituitary,test,test/pituitary/1648.jpg
1489.jpg,pituitary,test,test/pituitary/1489.jpg
1304.jpg,pituitary,test,test/pituitary/1304.jpg
1462.jpg,pituitary,test,test/pituitary/1462.jpg
1476.jpg,pituitary,test,test/pituitary/1476.jpg
1310.jpg,pituitary,test,test/pituitary/1310.jpg
1338.jpg,pituitary,test,test/pituitary/1338.jpg
1448.jpg,pituitary,test,test/pituitary/1448.jpg
1460.jpg,pituitary,test,test/pituitary/1460.jpg
p (371).jpg,pituitary,test,test/pituitary/p (371).jpg
1306.jpg,pituitary,test,test/pituitary/1306.jpg
1312.jpg,pituitary,test,test/pituitary/1312.jpg
1474.jpg,pituitary,test,test/pituitary/1474.jpg
p (408).jpg,pituitary,test,test/pituitary/p (408).jpg
image(36).jpg,pituitary,test,test/pituitary/image(36).jpg
image(20).jpg,pituitary,test,test/pituitary/image(20).jpg
p (449).jpg,pituitary,test,test/pituitary/p (449).jpg
1528.jpg,pituitary,test,test/pituitary/1528.jpg
p (388).jpg,pituitary,test,test/pituitary/p (388).jpg
1514.jpg,pituitary,test,test/pituitary/1514.jpg
1272.jpg,pituitary,test,test/pituitary/1272.jpg
1266.jpg,pituitary,test,test/pituitary/1266.jpg
p (367).jpg,pituitary,test,test/pituitary/p (367).jpg
1500.jpg,pituitary,test,test/pituitary/1500.jpg
1299.jpg,pituitary,test,test/pituitary/1299.jpg
image(98).jpg,pituitary,test,test/pituitary/image(98).jpg
1298.jpg,pituitary,test,test/pituitary/1298.jpg
1267.jpg,pituitary,test,test/pituitary/1267.jpg
1501.jpg,pituitary,test,test/pituitary/1501.jpg
1515.jpg,pituitary,test,test/pituitary/1515.jpg
1273.jpg,pituitary,test,test/pituitary/1273.jpg
p (465).jpg,pituitary,test,test/pituitary/p (465).jpg
1529.jpg,pituitary,test,test/pituitary/1529.jpg
p (432).jpg,pituitary,test,test/pituitary/p (432).jpg
image(5).jpg,pituitary,test,test/pituitary/image(5).jpg
p (424).jpg,pituitary,test,test/pituitary/p (424).jpg
1313.jpg,pituitary,test,test/pituitary/1313.jpg
1475.jpg,pituitary,test,test/pituitary/1475.jpg
1461.jpg,pituitary,test,test/pituitary/1461.jpg
1307.jpg,pituitary,test,test/pituitary/1307.jpg
p (473).jpg,pituitary,test,test/pituitary/p (473).jpg
1449.jpg,pituitary,test,test/pituitary/1449.jpg
1303.jpg,pituitary,test,test/pituitary/1303.jpg
1465.jpg,pituitary,test,test/pituitary/1465.jpg
1471.jpg,pituitary,test,test/pituitary/1471.jpg
1317.jpg,pituitary,test,test/pituitary/1317.jpg
1459.jpg,pituitary,test,test/pituitary/1459.jpg
p (472).jpg,pituitary,test,test/pituitary/p (472).jpg
p (425).jpg,pituitary,test,test/pituitary/p (425).jpg
p (433).jpg,pituitary,test,test/pituitary/p (433).jpg
1277.jpg,pituitary,test,test/pituitary/1277.jpg
1511.jpg,pituitary,test,test/pituitary/1511.jpg
1505.jpg,pituitary,test,test/pituitary/1505.jpg
1263.jpg,pituitary,test,test/pituitary/1263.jpg
1539.jpg,pituitary,test,test/pituitary/1539.jpg
p (464).jpg,pituitary,test,test/pituitary/p (464).jpg
1288.jpg,pituitary,test,test/pituitary/1288.jpg
1289.jpg,pituitary,test,test/pituitary/1289.jpg
1538.jpg,pituitary,test,test/pituitary/1538.jpg
p (389).jpg,pituitary,test,test/pituitary/p (389).jpg
1504.jpg,pituitary,test,test/pituitary/1504.jpg
1262.jpg,pituitary,test,test/pituitary/1262.jpg
1276.jpg,pituitary,test,test/pituitary/1276.jpg
p (366).jpg,pituitary,test,test/pituitary/p (366).jpg
1510.jpg,pituitary,test,test/pituitary/1510.jpg
image(21).jpg,pituitary,test,test/pituitary/image(21).jpg
p (448).jpg,pituitary,test,test/pituitary/p (448).jpg
image(37).jpg,pituitary,test,test/pituitary/image(37).jpg
p (409).jpg,pituitary,test,test/pituitary/p (409).jpg
1458.jpg,pituitary,test,test/pituitary/1458.jpg
1470.jpg,pituitary,test,test/pituitary/1470.jpg
p (370).jpg,pituitary,test,test/pituitary/p (370).jpg
1316.jpg,pituitary,test,test/pituitary/1316.jpg
1302.jpg,pituitary,test,test/pituitary/1302.jpg
1464.jpg,pituitary,test,test/pituitary/1464.jpg
1314.jpg,pituitary,test,test/pituitary/1314.jpg
1472.jpg,pituitary,test,test/pituitary/1472.jpg
1466.jpg,pituitary,test,test/pituitary/1466.jpg
1300.jpg,pituitary,test,test/pituitary/1300.jpg
1328.jpg,pituitary,test,test/pituitary/1328.jpg
1499.jpg,pituitary,test,test/pituitary/1499.jpg
1658.jpg,pituitary,test,test/pituitary/1658.jpg
p (429).jpg,pituitary,test,test/pituitary/p (429).jpg
image(56).jpg,pituitary,test,test/pituitary/image(56).jpg
1260.jpg,pituitary,test,test/pituitary/1260.jpg
1506.jpg,pituitary,test,test/pituitary/1506.jpg
1512.jpg,pituitary,test,test/pituitary/1512.jpg
1274.jpg,pituitary,test,test/pituitary/1274.jpg
1248.jpg,pituitary,test,test/pituitary/1248.jpg
p (468).jpg,pituitary,test,test/pituitary/p (468).jpg
p (385).jpg,pituitary,test,test/pituitary/p (385).jpg
1249.jpg,pituitary,test,test/pituitary/1249.jpg
p (413).jpg,pituitary,test,test/pituitary/p (413).jpg
1513.jpg,pituitary,test,test/pituitary/1513.jpg
1275.jpg,pituitary,test,test/pituitary/1275.jpg
1261.jpg,pituitary,test,test/pituitary/1261.jpg
image(95).jpg,pituitary,test,test/pituitary/image(95).jpg
1507.jpg,pituitary,test,test/pituitary/1507.jpg
p (46).jpg,pituitary,test,test/pituitary/p (46).jpg
p (444).jpg,pituitary,test,test/pituitary/p (444).jpg
p (50).jpg,pituitary,test,test/pituitary/p (50).jpg
p (452).jpg,pituitary,test,test/pituitary/p (452).jpg
1498.jpg,pituitary,test,test/pituitary/1498.jpg
p (393).jpg,pituitary,test,test/pituitary/p (393).jpg
1329.jpg,pituitary,test,test/pituitary/1329.jpg
p (405).jpg,pituitary,test,test/pituitary/p (405).jpg
1467.jpg,pituitary,test,test/pituitary/1467.jpg
1301.jpg,pituitary,test,test/pituitary/1301.jpg
1315.jpg,pituitary,test,test/pituitary/1315.jpg
1473.jpg,pituitary,test,test/pituitary/1473.jpg
p (398).jpg,pituitary,test,test/pituitary/p (398).jpg
1428.jpg,pituitary,test,test/pituitary/1428.jpg
1372.jpg,pituitary,test,test/pituitary/1372.jpg
1414.jpg,pituitary,test,test/pituitary/1414.jpg
1400.jpg,pituitary,test,test/pituitary/1400.jpg
p (377).jpg,pituitary,test,test/pituitary/p (377).jpg
1366.jpg,pituitary,test,test/pituitary/1366.jpg
1399.jpg,pituitary,test,test/pituitary/1399.jpg
image(88).jpg,pituitary,test,test/pituitary/image(88).jpg
1616.jpg,pituitary,test,test/pituitary/1616.jpg
1602.jpg,pituitary,test,test/pituitary/1602.jpg
p (459).jpg,pituitary,test,test/pituitary/p (459).jpg
image(30).jpg,pituitary,test,test/pituitary/image(30).jpg
p (336).jpg,pituitary,test,test/pituitary/p (336).jpg
1548.jpg,pituitary,test,test/pituitary/1548.jpg
1206.jpg,pituitary,test,test/pituitary/1206.jpg
1560.jpg,pituitary,test,test/pituitary/1560.jpg
1574.jpg,pituitary,test,test/pituitary/1574.jpg
p (418).jpg,pituitary,test,test/pituitary/p (418).jpg
1575.jpg,pituitary,test,test/pituitary/1575.jpg
1207.jpg,pituitary,test,test/pituitary/1207.jpg
1561.jpg,pituitary,test,test/pituitary/1561.jpg
p (463).jpg,pituitary,test,test/pituitary/p (463).jpg
1549.jpg,pituitary,test,test/pituitary/1549.jpg
p (36).jpg,pituitary,test,test/pituitary/p (36).jpg
p (434).jpg,pituitary,test,test/pituitary/p (434).jpg
image(3).jpg,pituitary,test,test/pituitary/image(3).jpg
1603.jpg,pituitary,test,test/pituitary/1603.jpg
1617.jpg,pituitary,test,test/pituitary/1617.jpg
p (422).jpg,pituitary,test,test/pituitary/p (422).jpg
1398.jpg,pituitary,test,test/pituitary/1398.jpg
1401.jpg,pituitary,test,test/pituitary/1401.jpg
1367.jpg,pituitary,test,test/pituitary/1367.jpg
1373.jpg,pituitary,test,test/pituitary/1373.jpg
1415.jpg,pituitary,test,test/pituitary/1415.jpg
p (475).jpg,pituitary,test,test/pituitary/p (475).jpg
1429.jpg,pituitary,test,test/pituitary/1429.jpg
p (402).jpg,pituitary,test,test/pituitary/p (402).jpg
1359.jpg,pituitary,test,test/pituitary/1359.jpg
1365.jpg,pituitary,test,test/pituitary/1365.jpg
1403.jpg,pituitary,test,test/pituitary/1403.jpg
1417.jpg,pituitary,test,test/pituitary/1417.jpg
1371.jpg,pituitary,test,test/pituitary/1371.jpg
p (394).jpg,pituitary,test,test/pituitary/p (394).jpg
p (455).jpg,pituitary,test,test/pituitary/p (455).jpg
1601.jpg,pituitary,test,test/pituitary/1601.jpg
1615.jpg,pituitary,test,test/pituitary/1615.jpg
p (57).jpg,pituitary,test,test/pituitary/p (57).jpg
p (443).jpg,pituitary,test,test/pituitary/p (443).jpg
p (41).jpg,pituitary,test,test/pituitary/p (41).jpg
p (414).jpg,pituitary,test,test/pituitary/p (414).jpg
1239.jpg,pituitary,test,test/pituitary/1239.jpg
1577.jpg,pituitary,test,test/pituitary/1577.jpg
image(92).jpg,pituitary,test,test/pituitary/image(92).jpg
1563.jpg,pituitary,test,test/pituitary/1563.jpg
1205.jpg,pituitary,test,test/pituitary/1205.jpg
p (382).jpg,pituitary,test,test/pituitary/p (382).jpg
1588.jpg,pituitary,test,test/pituitary/1588.jpg
p (480).jpg,pituitary,test,test/pituitary/p (480).jpg
1589.jpg,pituitary,test,test/pituitary/1589.jpg
1562.jpg,pituitary,test,test/pituitary/1562.jpg
1204.jpg,pituitary,test,test/pituitary/1204.jpg
1210.jpg,pituitary,test,test/pituitary/1210.jpg
1576.jpg,pituitary,test,test/pituitary/1576.jpg
1238.jpg,pituitary,test,test/pituitary/1238.jpg
p (438).jpg,pituitary,test,test/pituitary/p (438).jpg
image(51).jpg,pituitary,test,test/pituitary/image(51).jpg
image(47).jpg,pituitary,test,test/pituitary/image(47).jpg
1614.jpg,pituitary,test,test/pituitary/1614.jpg
1600.jpg,pituitary,test,test/pituitary/1600.jpg
p (479).jpg,pituitary,test,test/pituitary/p (479).jpg
image(10).jpg,pituitary,test,test/pituitary/image(10).jpg
1416.jpg,pituitary,test,test/pituitary/1416.jpg
1370.jpg,pituitary,test,test/pituitary/1370.jpg
1364.jpg,pituitary,test,test/pituitary/1364.jpg
1402.jpg,pituitary,test,test/pituitary/1402.jpg
1358.jpg,pituitary,test,test/pituitary/1358.jpg
1406.jpg,pituitary,test,test/pituitary/1406.jpg
1360.jpg,pituitary,test,test/pituitary/1360.jpg
1374.jpg,pituitary,test,test/pituitary/1374.jpg
1412.jpg,pituitary,test,test/pituitary/1412.jpg
1348.jpg,pituitary,test,test/pituitary/1348.jpg
p (478).jpg,pituitary,test,test/pituitary/p (478).jpg
image(11).jpg,pituitary,test,test/pituitary/image(11).jpg
1604.jpg,pituitary,test,test/pituitary/1604.jpg
1610.jpg,pituitary,test,test/pituitary/1610.jpg
image(46).jpg,pituitary,test,test/pituitary/image(46).jpg
p (439).jpg,pituitary,test,test/pituitary/p (439).jpg
1572.jpg,pituitary,test,test/pituitary/1572.jpg
1566.jpg,pituitary,test,test/pituitary/1566.jpg
1228.jpg,pituitary,test,test/pituitary/1228.jpg
1599.jpg,pituitary,test,test/pituitary/1599.jpg
p (383).jpg,pituitary,test,test/pituitary/p (383).jpg
1598.jpg,pituitary,test,test/pituitary/1598.jpg
1229.jpg,pituitary,test,test/pituitary/1229.jpg
p (415).jpg,pituitary,test,test/pituitary/p (415).jpg
1201.jpg,pituitary,test,test/pituitary/1201.jpg
1567.jpg,pituitary,test,test/pituitary/1567.jpg
image(93).jpg,pituitary,test,test/pituitary/image(93).jpg
1573.jpg,pituitary,test,test/pituitary/1573.jpg
p (40).jpg,pituitary,test,test/pituitary/p (40).jpg
p (442).jpg,pituitary,test,test/pituitary/p (442).jpg
p (56).jpg,pituitary,test,test/pituitary/p (56).jpg
p (454).jpg,pituitary,test,test/pituitary/p (454).jpg
1611.jpg,pituitary,test,test/pituitary/1611.jpg
1605.jpg,pituitary,test,test/pituitary/1605.jpg
p (395).jpg,pituitary,test,test/pituitary/p (395).jpg
1349.jpg,pituitary,test,test/pituitary/1349.jpg
p (403).jpg,pituitary,test,test/pituitary/p (403).jpg
1375.jpg,pituitary,test,test/pituitary/1375.jpg
1413.jpg,pituitary,test,test/pituitary/1413.jpg
1407.jpg,pituitary,test,test/pituitary/1407.jpg
1361.jpg,pituitary,test,test/pituitary/1361.jpg
1411.jpg,pituitary,test,test/pituitary/1411.jpg
1377.jpg,pituitary,test,test/pituitary/1377.jpg
1363.jpg,pituitary,test,test/pituitary/1363.jpg
1405.jpg,pituitary,test,test/pituitary/1405.jpg
1439.jpg,pituitary,test,test/pituitary/1439.jpg
p (474).jpg,pituitary,test,test/pituitary/p (474).jpg
1388.jpg,pituitary,test,test/pituitary/1388.jpg
1613.jpg,pituitary,test,test/pituitary/1613.jpg
1607.jpg,pituitary,test,test/pituitary/1607.jpg
p (423).jpg,pituitary,test,test/pituitary/p (423).jpg
image(2).jpg,pituitary,test,test/pituitary/image(2).jpg
image.jpg,pituitary,test,test/pituitary/image.jpg
p (435).jpg,pituitary,test,test/pituitary/p (435).jpg
p (37).jpg,pituitary,test,test/pituitary/p (37).jpg
1565.jpg,pituitary,test,test/pituitary/1565.jpg
1203.jpg,pituitary,test,test/pituitary/1203.jpg
1571.jpg,pituitary,test,test/pituitary/1571.jpg
1559.jpg,pituitary,test,test/pituitary/1559.jpg
p (462).jpg,pituitary,test,test/pituitary/p (462).jpg
p (419).jpg,pituitary,test,test/pituitary/p (419).jpg
1558.jpg,pituitary,test,test/pituitary/1558.jpg
1570.jpg,pituitary,test,test/pituitary/1570.jpg
1564.jpg,pituitary,test,test/pituitary/1564.jpg
1202.jpg,pituitary,test,test/pituitary/1202.jpg
image(27).jpg,pituitary,test,test/pituitary/image(27).jpg
p (337).jpg,pituitary,test,test/pituitary/p (337).jpg
p (458).jpg,pituitary,test,test/pituitary/p (458).jpg
image(31).jpg,pituitary,test,test/pituitary/image(31).jpg
1606.jpg,pituitary,test,test/pituitary/1606.jpg
1612.jpg,pituitary,test,test/pituitary/1612.jpg
1389.jpg,pituitary,test,test/pituitary/1389.jpg
image(89).jpg,pituitary,test,test/pituitary/image(89).jpg
p (399).jpg,pituitary,test,test/pituitary/p (399).jpg
1438.jpg,pituitary,test,test/pituitary/1438.jpg
1362.jpg,pituitary,test,test/pituitary/1362.jpg
1404.jpg,pituitary,test,test/pituitary/1404.jpg
1410.jpg,pituitary,test,test/pituitary/1410.jpg
p (376).jpg,pituitary,test,test/pituitary/p (376).jpg
1376.jpg,pituitary,test,test/pituitary/1376.jpg
1409.jpg,notumor,test,test/notumor/1409.jpg
1353.jpg,notumor,test,test/notumor/1353.jpg
1435.jpg,notumor,test,test/notumor/1435.jpg
1421.jpg,notumor,test,test/notumor/1421.jpg
1347.jpg,notumor,test,test/notumor/1347.jpg
1390.jpg,notumor,test,test/notumor/1390.jpg
1384.jpg,notumor,test,test/notumor/1384.jpg
1179.jpg,notumor,test,test/notumor/1179.jpg
1151.jpg,notumor,test,test/notumor/1151.jpg
1145.jpg,notumor,test,test/notumor/1145.jpg
1192.jpg,notumor,test,test/notumor/1192.jpg
1186.jpg,notumor,test,test/notumor/1186.jpg
1569.jpg,notumor,test,test/notumor/1569.jpg
1227.jpg,notumor,test,test/notumor/1227.jpg
1541.jpg,notumor,test,test/notumor/1541.jpg
1555.jpg,notumor,test,test/notumor/1555.jpg
1233.jpg,notumor,test,test/notumor/1233.jpg
41 no.jpg,notumor,test,test/notumor/41 no.jpg
1582.jpg,notumor,test,test/notumor/1582.jpg
1583.jpg,notumor,test,test/notumor/1583.jpg
1554.jpg,notumor,test,test/notumor/1554.jpg
1232.jpg,notumor,test,test/notumor/1232.jpg
1226.jpg,notumor,test,test/notumor/1226.jpg
1540.jpg,notumor,test,test/notumor/1540.jpg
1568.jpg,notumor,test,test/notumor/1568.jpg
1187.jpg,notumor,test,test/notumor/1187.jpg
1193.jpg,notumor,test,test/notumor/1193.jpg
1144.jpg,notumor,test,test/notumor/1144.jpg
1150.jpg,notumor,test,test/notumor/1150.jpg
1178.jpg,notumor,test,test/notumor/1178.jpg
1385.jpg,notumor,test,test/notumor/1385.jpg
1391.jpg,notumor,test,test/notumor/1391.jpg
1420.jpg,notumor,test,test/notumor/1420.jpg
1346.jpg,notumor,test,test/notumor/1346.jpg
1352.jpg,notumor,test,test/notumor/1352.jpg
1434.jpg,notumor,test,test/notumor/1434.jpg
1408.jpg,notumor,test,test/notumor/1408.jpg
1378.jpg,notumor,test,test/notumor/1378.jpg
1344.jpg,notumor,test,test/notumor/1344.jpg
1422.jpg,notumor,test,test/notumor/1422.jpg
1436.jpg,notumor,test,test/notumor/1436.jpg
1350.jpg,notumor,test,test/notumor/1350.jpg
1387.jpg,notumor,test,test/notumor/1387.jpg
1393.jpg,notumor,test,test/notumor/1393.jpg
1146.jpg,notumor,test,test/notumor/1146.jpg
1152.jpg,notumor,test,test/notumor/1152.jpg
1185.jpg,notumor,test,test/notumor/1185.jpg
1191.jpg,notumor,test,test/notumor/1191.jpg
1218.jpg,notumor,test,test/notumor/1218.jpg
1230.jpg,notumor,test,test/notumor/1230.jpg
1556.jpg,notumor,test,test/notumor/1556.jpg
1542.jpg,notumor,test,test/notumor/1542.jpg
1224.jpg,notumor,test,test/notumor/1224.jpg
1581.jpg,notumor,test,test/notumor/1581.jpg
1580.jpg,notumor,test,test/notumor/1580.jpg
1543.jpg,notumor,test,test/notumor/1543.jpg
1225.jpg,notumor,test,test/notumor/1225.jpg
1231.jpg,notumor,test,test/notumor/1231.jpg
1557.jpg,notumor,test,test/notumor/1557.jpg
1219.jpg,notumor,test,test/notumor/1219.jpg
1190.jpg,notumor,test,test/notumor/1190.jpg
1184.jpg,notumor,test,test/notumor/1184.jpg
1153.jpg,notumor,test,test/notumor/1153.jpg
1392.jpg,notumor,test,test/notumor/1392.jpg
1386.jpg,notumor,test,test/notumor/1386.jpg
1437.jpg,notumor,test,test/notumor/1437.jpg
1351.jpg,notumor,test,test/notumor/1351.jpg
1345.jpg,notumor,test,test/notumor/1345.jpg
1423.jpg,notumor,test,test/notumor/1423.jpg
1379.jpg,notumor,test,test/notumor/1379.jpg
1427.jpg,notumor,test,test/notumor/1427.jpg
1341.jpg,notumor,test,test/notumor/1341.jpg
1355.jpg,notumor,test,test/notumor/1355.jpg
1433.jpg,notumor,test,test/notumor/1433.jpg
1369.jpg,notumor,test,test/notumor/1369.jpg
1382.jpg,notumor,test,test/notumor/1382.jpg
1396.jpg,notumor,test,test/notumor/1396.jpg
1143.jpg,notumor,test,test/notumor/1143.jpg
1157.jpg,notumor,test,test/notumor/1157.jpg
1180.jpg,notumor,test,test/notumor/1180.jpg
1194.jpg,notumor,test,test/notumor/1194.jpg
1553.jpg,notumor,test,test/notumor/1553.jpg
1235.jpg,notumor,test,test/notumor/1235.jpg
1221.jpg,notumor,test,test/notumor/1221.jpg
1547.jpg,notumor,test,test/notumor/1547.jpg
1209.jpg,notumor,test,test/notumor/1209.jpg
1584.jpg,notumor,test,test/notumor/1584.jpg
1585.jpg,notumor,test,test/notumor/1585.jpg
1208.jpg,notumor,test,test/notumor/1208.jpg
1220.jpg,notumor,test,test/notumor/1220.jpg
1546.jpg,notumor,test,test/notumor/1546.jpg
1552.jpg,notumor,test,test/notumor/1552.jpg
1234.jpg,notumor,test,test/notumor/1234.jpg
1195.jpg,notumor,test,test/notumor/1195.jpg
1181.jpg,notumor,test,test/notumor/1181.jpg
1156.jpg,notumor,test,test/notumor/1156.jpg
1142.jpg,notumor,test,test/notumor/1142.jpg
1397.jpg,notumor,test,test/notumor/1397.jpg
1383.jpg,notumor,test,test/notumor/1383.jpg
1368.jpg,notumor,test,test/notumor/1368.jpg
1354.jpg,notumor,test,test/notumor/1354.jpg
1432.jpg,notumor,test,test/notumor/1432.jpg
1426.jpg,notumor,test,test/notumor/1426.jpg
1340.jpg,notumor,test,test/notumor/1340.jpg
1430.jpg,notumor,test,test/notumor/1430.jpg
1356.jpg,notumor,test,test/notumor/1356.jpg
1342.jpg,notumor,test,test/notumor/1342.jpg
1424.jpg,notumor,test,test/notumor/1424.jpg
1418.jpg,notumor,test,test/notumor/1418.jpg
1395.jpg,notumor,test,test/notumor/1395.jpg
1381.jpg,notumor,test,test/notumor/1381.jpg
43 no.jpg,notumor,test,test/notumor/43 no.jpg
1154.jpg,notumor,test,test/notumor/1154.jpg
1140.jpg,notumor,test,test/notumor/1140.jpg
1168.jpg,notumor,test,test/notumor/1168.jpg
1197.jpg,notumor,test,test/notumor/1197.jpg
1183.jpg,notumor,test,test/notumor/1183.jpg
1544.jpg,notumor,test,test/notumor/1544.jpg
1222.jpg,notumor,test,test/notumor/1222.jpg
1236.jpg,notumor,test,test/notumor/1236.jpg
1550.jpg,notumor,test,test/notumor/1550.jpg
1578.jpg,notumor,test,test/notumor/1578.jpg
1586.jpg,notumor,test,test/notumor/1586.jpg
1579.jpg,notumor,test,test/notumor/1579.jpg
1237.jpg,notumor,test,test/notumor/1237.jpg
1551.jpg,notumor,test,test/notumor/1551.jpg
1545.jpg,notumor,test,test/notumor/1545.jpg
1223.jpg,notumor,test,test/notumor/1223.jpg
1182.jpg,notumor,test,test/notumor/1182.jpg
1196.jpg,notumor,test,test/notumor/1196.jpg
1169.jpg,notumor,test,test/notumor/1169.jpg
1141.jpg,notumor,test,test/notumor/1141.jpg
1155.jpg,notumor,test,test/notumor/1155.jpg
1380.jpg,notumor,test,test/notumor/1380.jpg
1394.jpg,notumor,test,test/notumor/1394.jpg
1419.jpg,notumor,test,test/notumor/1419.jpg
1343.jpg,notumor,test,test/notumor/1343.jpg
1425.jpg,notumor,test,test/notumor/1425.jpg
1431.jpg,notumor,test,test/notumor/1431.jpg
1357.jpg,notumor,test,test/notumor/1357.jpg
1318.jpg,notumor,test,test/notumor/1318.jpg
1456.jpg,notumor,test,test/notumor/1456.jpg
1330.jpg,notumor,test,test/notumor/1330.jpg
1324.jpg,notumor,test,test/notumor/1324.jpg
1442.jpg,notumor,test,test/notumor/1442.jpg
1495.jpg,notumor,test,test/notumor/1495.jpg
1481.jpg,notumor,test,test/notumor/1481.jpg
1132.jpg,notumor,test,test/notumor/1132.jpg
1126.jpg,notumor,test,test/notumor/1126.jpg
1278.jpg,notumor,test,test/notumor/1278.jpg
1522.jpg,notumor,test,test/notumor/1522.jpg
1244.jpg,notumor,test,test/notumor/1244.jpg
1250.jpg,notumor,test,test/notumor/1250.jpg
1536.jpg,notumor,test,test/notumor/1536.jpg
1287.jpg,notumor,test,test/notumor/1287.jpg
1293.jpg,notumor,test,test/notumor/1293.jpg
1292.jpg,notumor,test,test/notumor/1292.jpg
1286.jpg,notumor,test,test/notumor/1286.jpg
1251.jpg,notumor,test,test/notumor/1251.jpg
1537.jpg,notumor,test,test/notumor/1537.jpg
1523.jpg,notumor,test,test/notumor/1523.jpg
1245.jpg,notumor,test,test/notumor/1245.jpg
1279.jpg,notumor,test,test/notumor/1279.jpg
1127.jpg,notumor,test,test/notumor/1127.jpg
1133.jpg,notumor,test,test/notumor/1133.jpg
1480.jpg,notumor,test,test/notumor/1480.jpg
1494.jpg,notumor,test,test/notumor/1494.jpg
1325.jpg,notumor,test,test/notumor/1325.jpg
1443.jpg,notumor,test,test/notumor/1443.jpg
1457.jpg,notumor,test,test/notumor/1457.jpg
1331.jpg,notumor,test,test/notumor/1331.jpg
1319.jpg,notumor,test,test/notumor/1319.jpg
1469.jpg,notumor,test,test/notumor/1469.jpg
1441.jpg,notumor,test,test/notumor/1441.jpg
1327.jpg,notumor,test,test/notumor/1327.jpg
1333.jpg,notumor,test,test/notumor/1333.jpg
1455.jpg,notumor,test,test/notumor/1455.jpg
1482.jpg,notumor,test,test/notumor/1482.jpg
1496.jpg,notumor,test,test/notumor/1496.jpg
1119.jpg,notumor,test,test/notumor/1119.jpg
1125.jpg,notumor,test,test/notumor/1125.jpg
1131.jpg,notumor,test,test/notumor/1131.jpg
1509.jpg,notumor,test,test/notumor/1509.jpg
1535.jpg,notumor,test,test/notumor/1535.jpg
1253.jpg,notumor,test,test/notumor/1253.jpg
1247.jpg,notumor,test,test/notumor/1247.jpg
1521.jpg,notumor,test,test/notumor/1521.jpg
1290.jpg,notumor,test,test/notumor/1290.jpg
44no.jpg,notumor,test,test/notumor/44no.jpg
1284.jpg,notumor,test,test/notumor/1284.jpg
1285.jpg,notumor,test,test/notumor/1285.jpg
1291.jpg,notumor,test,test/notumor/1291.jpg
1246.jpg,notumor,test,test/notumor/1246.jpg
1520.jpg,notumor,test,test/notumor/1520.jpg
1534.jpg,notumor,test,test/notumor/1534.jpg
1252.jpg,notumor,test,test/notumor/1252.jpg
1508.jpg,notumor,test,test/notumor/1508.jpg
47 no.jpg,notumor,test,test/notumor/47 no.jpg
1130.jpg,notumor,test,test/notumor/1130.jpg
1124.jpg,notumor,test,test/notumor/1124.jpg
1118.jpg,notumor,test,test/notumor/1118.jpg
1497.jpg,notumor,test,test/notumor/1497.jpg
1483.jpg,notumor,test,test/notumor/1483.jpg
1332.jpg,notumor,test,test/notumor/1332.jpg
1454.jpg,notumor,test,test/notumor/1454.jpg
1440.jpg,notumor,test,test/notumor/1440.jpg
1326.jpg,notumor,test,test/notumor/1326.jpg
1468.jpg,notumor,test,test/notumor/1468.jpg
1322.jpg,notumor,test,test/notumor/1322.jpg
1444.jpg,notumor,test,test/notumor/1444.jpg
1450.jpg,notumor,test,test/notumor/1450.jpg
1336.jpg,notumor,test,test/notumor/1336.jpg
1478.jpg,notumor,test,test/notumor/1478.jpg
1487.jpg,notumor,test,test/notumor/1487.jpg
1493.jpg,notumor,test,test/notumor/1493.jpg
1120.jpg,notumor,test,test/notumor/1120.jpg
1134.jpg,notumor,test,test/notumor/1134.jpg
1108.jpg,notumor,test,test/notumor/1108.jpg
1256.jpg,notumor,test,test/notumor/1256.jpg
1530.jpg,notumor,test,test/notumor/1530.jpg
1524.jpg,notumor,test,test/notumor/1524.jpg
1242.jpg,notumor,test,test/notumor/1242.jpg
1518.jpg,notumor,test,test/notumor/1518.jpg
1295.jpg,notumor,test,test/notumor/1295.jpg
1281.jpg,notumor,test,test/notumor/1281.jpg
1280.jpg,notumor,test,test/notumor/1280.jpg
1294.jpg,notumor,test,test/notumor/1294.jpg
1519.jpg,notumor,test,test/notumor/1519.jpg
1525.jpg,notumor,test,test/notumor/1525.jpg
1243.jpg,notumor,test,test/notumor/1243.jpg
1257.jpg,notumor,test,test/notumor/1257.jpg
1531.jpg,notumor,test,test/notumor/1531.jpg
45 no.jpg,notumor,test,test/notumor/45 no.jpg
49 no.jpg,notumor,test,test/notumor/49 no.jpg
1109.jpg,notumor,test,test/notumor/1109.jpg
1135.jpg,notumor,test,test/notumor/1135.jpg
1121.jpg,notumor,test,test/notumor/1121.jpg
1492.jpg,notumor,test,test/notumor/1492.jpg
1486.jpg,notumor,test,test/notumor/1486.jpg
1479.jpg,notumor,test,test/notumor/1479.jpg
1451.jpg,notumor,test,test/notumor/1451.jpg
1337.jpg,notumor,test,test/notumor/1337.jpg
1323.jpg,notumor,test,test/notumor/1323.jpg
1445.jpg,notumor,test,test/notumor/1445.jpg
1335.jpg,notumor,test,test/notumor/1335.jpg
1453.jpg,notumor,test,test/notumor/1453.jpg
1447.jpg,notumor,test,test/notumor/1447.jpg
1321.jpg,notumor,test,test/notumor/1321.jpg
1309.jpg,notumor,test,test/notumor/1309.jpg
1490.jpg,notumor,test,test/notumor/1490.jpg
1484.jpg,notumor,test,test/notumor/1484.jpg
1137.jpg,notumor,test,test/notumor/1137.jpg
1123.jpg,notumor,test,test/notumor/1123.jpg
1241.jpg,notumor,test,test/notumor/1241.jpg
1527.jpg,notumor,test,test/notumor/1527.jpg
1533.jpg,notumor,test,test/notumor/1533.jpg
1255.jpg,notumor,test,test/notumor/1255.jpg
1269.jpg,notumor,test,test/notumor/1269.jpg
1282.jpg,notumor,test,test/notumor/1282.jpg
1296.jpg,notumor,test,test/notumor/1296.jpg
1297.jpg,notumor,test,test/notumor/1297.jpg
1283.jpg,notumor,test,test/notumor/1283.jpg
1268.jpg,notumor,test,test/notumor/1268.jpg
1532.jpg,notumor,test,test/notumor/1532.jpg
1254.jpg,notumor,test,test/notumor/1254.jpg
1240.jpg,notumor,test,test/notumor/1240.jpg
1526.jpg,notumor,test,test/notumor/1526.jpg
1122.jpg,notumor,test,test/notumor/1122.jpg
1136.jpg,notumor,test,test/notumor/1136.jpg
1485.jpg,notumor,test,test/notumor/1485.jpg
1491.jpg,notumor,test,test/notumor/1491.jpg
1308.jpg,notumor,test,test/notumor/1308.jpg
1446.jpg,notumor,test,test/notumor/1446.jpg
1320.jpg,notumor,test,test/notumor/1320.jpg
1334.jpg,notumor,test,test/notumor/1334.jpg
1452.jpg,notumor,test,test/notumor/1452.jpg
1339.jpg,notumor,test,test/notumor/1339.jpg
1477.jpg,notumor,test,test/notumor/1477.jpg
1311.jpg,notumor,test,test/notumor/1311.jpg
1305.jpg,notumor,test,test/notumor/1305.jpg
1463.jpg,notumor,test,test/notumor/1463.jpg
1488.jpg,notumor,test,test/notumor/1488.jpg
1113.jpg,notumor,test,test/notumor/1113.jpg
1107.jpg,notumor,test,test/notumor/1107.jpg
1259.jpg,notumor,test,test/notumor/1259.jpg
1503.jpg,notumor,test,test/notumor/1503.jpg
1265.jpg,notumor,test,test/notumor/1265.jpg
1271.jpg,notumor,test,test/notumor/1271.jpg
1517.jpg,notumor,test,test/notumor/1517.jpg
1270.jpg,notumor,test,test/notumor/1270.jpg
1516.jpg,notumor,test,test/notumor/1516.jpg
1502.jpg,notumor,test,test/notumor/1502.jpg
1264.jpg,notumor,test,test/notumor/1264.jpg
1258.jpg,notumor,test,test/notumor/1258.jpg
1112.jpg,notumor,test,test/notumor/1112.jpg
1489.jpg,notumor,test,test/notumor/1489.jpg
1304.jpg,notumor,test,test/notumor/1304.jpg
1462.jpg,notumor,test,test/notumor/1462.jpg
1476.jpg,notumor,test,test/notumor/1476.jpg
1310.jpg,notumor,test,test/notumor/1310.jpg
1338.jpg,notumor,test,test/notumor/1338.jpg
1448.jpg,notumor,test,test/notumor/1448.jpg
1460.jpg,notumor,test,test/notumor/1460.jpg
1306.jpg,notumor,test,test/notumor/1306.jpg
1312.jpg,notumor,test,test/notumor/1312.jpg
1474.jpg,notumor,test,test/notumor/1474.jpg
1138.jpg,notumor,test,test/notumor/1138.jpg
1110.jpg,notumor,test,test/notumor/1110.jpg
1528.jpg,notumor,test,test/notumor/1528.jpg
1514.jpg,notumor,test,test/notumor/1514.jpg
1272.jpg,notumor,test,test/notumor/1272.jpg
1266.jpg,notumor,test,test/notumor/1266.jpg
1500.jpg,notumor,test,test/notumor/1500.jpg
1299.jpg,notumor,test,test/notumor/1299.jpg
1298.jpg,notumor,test,test/notumor/1298.jpg
1267.jpg,notumor,test,test/notumor/1267.jpg
1501.jpg,notumor,test,test/notumor/1501.jpg
1515.jpg,notumor,test,test/notumor/1515.jpg
1273.jpg,notumor,test,test/notumor/1273.jpg
1529.jpg,notumor,test,test/notumor/1529.jpg
1111.jpg,notumor,test,test/notumor/1111.jpg
1139.jpg,notumor,test,test/notumor/1139.jpg
1313.jpg,notumor,test,test/notumor/1313.jpg
1475.jpg,notumor,test,test/notumor/1475.jpg
1461.jpg,notumor,test,test/notumor/1461.jpg
1307.jpg,notumor,test,test/notumor/1307.jpg
1449.jpg,notumor,test,test/notumor/1449.jpg
1303.jpg,notumor,test,test/notumor/1303.jpg
1465.jpg,notumor,test,test/notumor/1465.jpg
1471.jpg,notumor,test,test/notumor/1471.jpg
1317.jpg,notumor,test,test/notumor/1317.jpg
1459.jpg,notumor,test,test/notumor/1459.jpg
1115.jpg,notumor,test,test/notumor/1115.jpg
1129.jpg,notumor,test,test/notumor/1129.jpg
1277.jpg,notumor,test,test/notumor/1277.jpg
1511.jpg,notumor,test,test/notumor/1511.jpg
1505.jpg,notumor,test,test/notumor/1505.jpg
1263.jpg,notumor,test,test/notumor/1263.jpg
1539.jpg,notumor,test,test/notumor/1539.jpg
1288.jpg,notumor,test,test/notumor/1288.jpg
1289.jpg,notumor,test,test/notumor/1289.jpg
1538.jpg,notumor,test,test/notumor/1538.jpg
1504.jpg,notumor,test,test/notumor/1504.jpg
1262.jpg,notumor,test,test/notumor/1262.jpg
1276.jpg,notumor,test,test/notumor/1276.jpg
1510.jpg,notumor,test,test/notumor/1510.jpg
42 no.jpg,notumor,test,test/notumor/42 no.jpg
1128.jpg,notumor,test,test/notumor/1128.jpg
1114.jpg,notumor,test,test/notumor/1114.jpg
1458.jpg,notumor,test,test/notumor/1458.jpg
1470.jpg,notumor,test,test/notumor/1470.jpg
1316.jpg,notumor,test,test/notumor/1316.jpg
1302.jpg,notumor,test,test/notumor/1302.jpg
1464.jpg,notumor,test,test/notumor/1464.jpg
1314.jpg,notumor,test,test/notumor/1314.jpg
1472.jpg,notumor,test,test/notumor/1472.jpg
1466.jpg,notumor,test,test/notumor/1466.jpg
1300.jpg,notumor,test,test/notumor/1300.jpg
1328.jpg,notumor,test,test/notumor/1328.jpg
1499.jpg,notumor,test,test/notumor/1499.jpg
1116.jpg,notumor,test,test/notumor/1116.jpg
1260.jpg,notumor,test,test/notumor/1260.jpg
1506.jpg,notumor,test,test/notumor/1506.jpg
1512.jpg,notumor,test,test/notumor/1512.jpg
1274.jpg,notumor,test,test/notumor/1274.jpg
1248.jpg,notumor,test,test/notumor/1248.jpg
1249.jpg,notumor,test,test/notumor/1249.jpg
1513.jpg,notumor,test,test/notumor/1513.jpg
1275.jpg,notumor,test,test/notumor/1275.jpg
1261.jpg,notumor,test,test/notumor/1261.jpg
1507.jpg,notumor,test,test/notumor/1507.jpg
1117.jpg,notumor,test,test/notumor/1117.jpg
1498.jpg,notumor,test,test/notumor/1498.jpg
1329.jpg,notumor,test,test/notumor/1329.jpg
1467.jpg,notumor,test,test/notumor/1467.jpg
1301.jpg,notumor,test,test/notumor/1301.jpg
1315.jpg,notumor,test,test/notumor/1315.jpg
1473.jpg,notumor,test,test/notumor/1473.jpg
1428.jpg,notumor,test,test/notumor/1428.jpg
1372.jpg,notumor,test,test/notumor/1372.jpg
1414.jpg,notumor,test,test/notumor/1414.jpg
1400.jpg,notumor,test,test/notumor/1400.jpg
1366.jpg,notumor,test,test/notumor/1366.jpg
1399.jpg,notumor,test,test/notumor/1399.jpg
1158.jpg,notumor,test,test/notumor/1158.jpg
1170.jpg,notumor,test,test/notumor/1170.jpg
1164.jpg,notumor,test,test/notumor/1164.jpg
1548.jpg,notumor,test,test/notumor/1548.jpg
1206.jpg,notumor,test,test/notumor/1206.jpg
1560.jpg,notumor,test,test/notumor/1560.jpg
1574.jpg,notumor,test,test/notumor/1574.jpg
1212.jpg,notumor,test,test/notumor/1212.jpg
46 no.jpg,notumor,test,test/notumor/46 no.jpg
1575.jpg,notumor,test,test/notumor/1575.jpg
1213.jpg,notumor,test,test/notumor/1213.jpg
1207.jpg,notumor,test,test/notumor/1207.jpg
1561.jpg,notumor,test,test/notumor/1561.jpg
1549.jpg,notumor,test,test/notumor/1549.jpg
1165.jpg,notumor,test,test/notumor/1165.jpg
1171.jpg,notumor,test,test/notumor/1171.jpg
1159.jpg,notumor,test,test/notumor/1159.jpg
1398.jpg,notumor,test,test/notumor/1398.jpg
1401.jpg,notumor,test,test/notumor/1401.jpg
1367.jpg,notumor,test,test/notumor/1367.jpg
1373.jpg,notumor,test,test/notumor/1373.jpg
1415.jpg,notumor,test,test/notumor/1415.jpg
1429.jpg,notumor,test,test/notumor/1429.jpg
1359.jpg,notumor,test,test/notumor/1359.jpg
1365.jpg,notumor,test,test/notumor/1365.jpg
1403.jpg,notumor,test,test/notumor/1403.jpg
1417.jpg,notumor,test,test/notumor/1417.jpg
1371.jpg,notumor,test,test/notumor/1371.jpg
1167.jpg,notumor,test,test/notumor/1167.jpg
1173.jpg,notumor,test,test/notumor/1173.jpg
1198.jpg,notumor,test,test/notumor/1198.jpg
1239.jpg,notumor,test,test/notumor/1239.jpg
1211.jpg,notumor,test,test/notumor/1211.jpg
1577.jpg,notumor,test,test/notumor/1577.jpg
1563.jpg,notumor,test,test/notumor/1563.jpg
1205.jpg,notumor,test,test/notumor/1205.jpg
1562.jpg,notumor,test,test/notumor/1562.jpg
1204.jpg,notumor,test,test/notumor/1204.jpg
1210.jpg,notumor,test,test/notumor/1210.jpg
1576.jpg,notumor,test,test/notumor/1576.jpg
1238.jpg,notumor,test,test/notumor/1238.jpg
1199.jpg,notumor,test,test/notumor/1199.jpg
1172.jpg,notumor,test,test/notumor/1172.jpg
1166.jpg,notumor,test,test/notumor/1166.jpg
1416.jpg,notumor,test,test/notumor/1416.jpg
1370.jpg,notumor,test,test/notumor/1370.jpg
1364.jpg,notumor,test,test/notumor/1364.jpg
1402.jpg,notumor,test,test/notumor/1402.jpg
1358.jpg,notumor,test,test/notumor/1358.jpg
1406.jpg,notumor,test,test/notumor/1406.jpg
1360.jpg,notumor,test,test/notumor/1360.jpg
1374.jpg,notumor,test,test/notumor/1374.jpg
1412.jpg,notumor,test,test/notumor/1412.jpg
1348.jpg,notumor,test,test/notumor/1348.jpg
1162.jpg,notumor,test,test/notumor/1162.jpg
1176.jpg,notumor,test,test/notumor/1176.jpg
1189.jpg,notumor,test,test/notumor/1189.jpg
1572.jpg,notumor,test,test/notumor/1572.jpg
1214.jpg,notumor,test,test/notumor/1214.jpg
1200.jpg,notumor,test,test/notumor/1200.jpg
1566.jpg,notumor,test,test/notumor/1566.jpg
1228.jpg,notumor,test,test/notumor/1228.jpg
1229.jpg,notumor,test,test/notumor/1229.jpg
1201.jpg,notumor,test,test/notumor/1201.jpg
1567.jpg,notumor,test,test/notumor/1567.jpg
1573.jpg,notumor,test,test/notumor/1573.jpg
1215.jpg,notumor,test,test/notumor/1215.jpg
1188.jpg,notumor,test,test/notumor/1188.jpg
1177.jpg,notumor,test,test/notumor/1177.jpg
1163.jpg,notumor,test,test/notumor/1163.jpg
1349.jpg,notumor,test,test/notumor/1349.jpg
1375.jpg,notumor,test,test/notumor/1375.jpg
1413.jpg,notumor,test,test/notumor/1413.jpg
1407.jpg,notumor,test,test/notumor/1407.jpg
1361.jpg,notumor,test,test/notumor/1361.jpg
1411.jpg,notumor,test,test/notumor/1411.jpg
1377.jpg,notumor,test,test/notumor/1377.jpg
1363.jpg,notumor,test,test/notumor/1363.jpg
1405.jpg,notumor,test,test/notumor/1405.jpg
1439.jpg,notumor,test,test/notumor/1439.jpg
1388.jpg,notumor,test,test/notumor/1388.jpg
1175.jpg,notumor,test,test/notumor/1175.jpg
1161.jpg,notumor,test,test/notumor/1161.jpg
1149.jpg,notumor,test,test/notumor/1149.jpg
1565.jpg,notumor,test,test/notumor/1565.jpg
1203.jpg,notumor,test,test/notumor/1203.jpg
1217.jpg,notumor,test,test/notumor/1217.jpg
1571.jpg,notumor,test,test/notumor/1571.jpg
1559.jpg,notumor,test,test/notumor/1559.jpg
48 no.jpeg,notumor,test,test/notumor/48 no.jpeg
1558.jpg,notumor,test,test/notumor/1558.jpg
1216.jpg,notumor,test,test/notumor/1216.jpg
1570.jpg,notumor,test,test/notumor/1570.jpg
1564.jpg,notumor,test,test/notumor/1564.jpg
1202.jpg,notumor,test,test/notumor/1202.jpg
1160.jpg,notumor,test,test/notumor/1160.jpg
1174.jpg,notumor,test,test/notumor/1174.jpg
1389.jpg,notumor,test,test/notumor/1389.jpg
1438.jpg,notumor,test,test/notumor/1438.jpg
1362.jpg,notumor,test,test/notumor/1362.jpg
1404.jpg,notumor,test,test/notumor/1404.jpg
1410.jpg,notumor,test,test/notumor/1410.jpg
1376.jpg,notumor,test,test/notumor/1376.jpg
1409.jpg,glioma,test,test/glioma/1409.jpg
1353.jpg,glioma,test,test/glioma/1353.jpg
G_698_RO_.jpg,glioma,test,test/glioma/G_698_RO_.jpg
1435.jpg,glioma,test,test/glioma/1435.jpg
1421.jpg,glioma,test,test/glioma/1421.jpg
1347.jpg,glioma,test,test/glioma/1347.jpg
G_675_SP_.jpg,glioma,test,test/glioma/G_675_SP_.jpg
G_688_RO_.jpg,glioma,test,test/glioma/G_688_RO_.jpg
1390.jpg,glioma,test,test/glioma/1390.jpg
G_696.jpg,glioma,test,test/glioma/G_696.jpg
G_682.jpg,glioma,test,test/glioma/G_682.jpg
1384.jpg,glioma,test,test/glioma/1384.jpg
1179.jpg,glioma,test,test/glioma/1179.jpg
G_696_VF_.jpg,glioma,test,test/glioma/G_696_VF_.jpg
G_74_DA_.jpg,glioma,test,test/glioma/G_74_DA_.jpg
1151.jpg,glioma,test,test/glioma/1151.jpg
G_686_VF_.jpg,glioma,test,test/glioma/G_686_VF_.jpg
1145.jpg,glioma,test,test/glioma/1145.jpg
1192.jpg,glioma,test,test/glioma/1192.jpg
1186.jpg,glioma,test,test/glioma/1186.jpg
G_82_SP_.jpg,glioma,test,test/glioma/G_82_SP_.jpg
1227.jpg,glioma,test,test/glioma/1227.jpg
G_71_VF_.jpg,glioma,test,test/glioma/G_71_VF_.jpg
G_693_DA_.jpg,glioma,test,test/glioma/G_693_DA_.jpg
1233.jpg,glioma,test,test/glioma/1233.jpg
G_683_DA_.jpg,glioma,test,test/glioma/G_683_DA_.jpg
G_677_DA_.jpg,glioma,test,test/glioma/G_677_DA_.jpg
1232.jpg,glioma,test,test/glioma/1232.jpg
1226.jpg,glioma,test,test/glioma/1226.jpg
G_694_HF_.jpg,glioma,test,test/glioma/G_694_HF_.jpg
G_684_HF_.jpg,glioma,test,test/glioma/G_684_HF_.jpg
G_76_SP_.jpg,glioma,test,test/glioma/G_76_SP_.jpg
1187.jpg,glioma,test,test/glioma/1187.jpg
1193.jpg,glioma,test,test/glioma/1193.jpg
1144.jpg,glioma,test,test/glioma/1144.jpg
G_688_BR_.jpg,glioma,test,test/glioma/G_688_BR_.jpg
G_80_DA_.jpg,glioma,test,test/glioma/G_80_DA_.jpg
G_698_BR_.jpg,glioma,test,test/glioma/G_698_BR_.jpg
1150.jpg,glioma,test,test/glioma/1150.jpg
G_73_HF_.jpg,glioma,test,test/glioma/G_73_HF_.jpg
1178.jpg,glioma,test,test/glioma/1178.jpg
1385.jpg,glioma,test,test/glioma/1385.jpg
G_683.jpg,glioma,test,test/glioma/G_683.jpg
G_697.jpg,glioma,test,test/glioma/G_697.jpg
1391.jpg,glioma,test,test/glioma/1391.jpg
1420.jpg,glioma,test,test/glioma/1420.jpg
G_681_SP_.jpg,glioma,test,test/glioma/G_681_SP_.jpg
1346.jpg,glioma,test,test/glioma/1346.jpg
1352.jpg,glioma,test,test/glioma/1352.jpg
G_691_SP_.jpg,glioma,test,test/glioma/G_691_SP_.jpg
1434.jpg,glioma,test,test/glioma/1434.jpg
1408.jpg,glioma,test,test/glioma/1408.jpg
1378.jpg,glioma,test,test/glioma/1378.jpg
1344.jpg,glioma,test,test/glioma/1344.jpg
1422.jpg,glioma,test,test/glioma/1422.jpg
G_76_RO_.jpg,glioma,test,test/glioma/G_76_RO_.jpg
1436.jpg,glioma,test,test/glioma/1436.jpg
1350.jpg,glioma,test,test/glioma/1350.jpg
G_681.jpg,glioma,test,test/glioma/G_681.jpg
1387.jpg,glioma,test,test/glioma/1387.jpg
1393.jpg,glioma,test,test/glioma/1393.jpg
G_695.jpg,glioma,test,test/glioma/G_695.jpg
G_701_HF_.jpg,glioma,test,test/glioma/G_701_HF_.jpg
G_68_VF_.jpg,glioma,test,test/glioma/G_68_VF_.jpg
1146.jpg,glioma,test,test/glioma/1146.jpg
1152.jpg,glioma,test,test/glioma/1152.jpg
G_82_BR_.jpg,glioma,test,test/glioma/G_82_BR_.jpg
G_78_VF_.jpg,glioma,test,test/glioma/G_78_VF_.jpg
1185.jpg,glioma,test,test/glioma/1185.jpg
1191.jpg,glioma,test,test/glioma/1191.jpg
G_681_RO_.jpg,glioma,test,test/glioma/G_681_RO_.jpg
G_691_RO_.jpg,glioma,test,test/glioma/G_691_RO_.jpg
1218.jpg,glioma,test,test/glioma/1218.jpg
1230.jpg,glioma,test,test/glioma/1230.jpg
G_7_VF_.jpg,glioma,test,test/glioma/G_7_VF_.jpg
1224.jpg,glioma,test,test/glioma/1224.jpg
G_691_BR_.jpg,glioma,test,test/glioma/G_691_BR_.jpg
1225.jpg,glioma,test,test/glioma/1225.jpg
1231.jpg,glioma,test,test/glioma/1231.jpg
G_703_VF_.jpg,glioma,test,test/glioma/G_703_VF_.jpg
G_681_BR_.jpg,glioma,test,test/glioma/G_681_BR_.jpg
1219.jpg,glioma,test,test/glioma/1219.jpg
G_698_SP_.jpg,glioma,test,test/glioma/G_698_SP_.jpg
G_675_RO_.jpg,glioma,test,test/glioma/G_675_RO_.jpg
G_688_SP_.jpg,glioma,test,test/glioma/G_688_SP_.jpg
1190.jpg,glioma,test,test/glioma/1190.jpg
1184.jpg,glioma,test,test/glioma/1184.jpg
G_76_BR_.jpg,glioma,test,test/glioma/G_76_BR_.jpg
1153.jpg,glioma,test,test/glioma/1153.jpg
1147.jpg,glioma,test,test/glioma/1147.jpg
G_694.jpg,glioma,test,test/glioma/G_694.jpg
1392.jpg,glioma,test,test/glioma/1392.jpg
1386.jpg,glioma,test,test/glioma/1386.jpg
1437.jpg,glioma,test,test/glioma/1437.jpg
G_82_RO_.jpg,glioma,test,test/glioma/G_82_RO_.jpg
1351.jpg,glioma,test,test/glioma/1351.jpg
1345.jpg,glioma,test,test/glioma/1345.jpg
1423.jpg,glioma,test,test/glioma/1423.jpg
1379.jpg,glioma,test,test/glioma/1379.jpg
G_79_VF_.jpg,glioma,test,test/glioma/G_79_VF_.jpg
1427.jpg,glioma,test,test/glioma/1427.jpg
1341.jpg,glioma,test,test/glioma/1341.jpg
G_83_BR_.jpg,glioma,test,test/glioma/G_83_BR_.jpg
1355.jpg,glioma,test,test/glioma/1355.jpg
G_69_VF_.jpg,glioma,test,test/glioma/G_69_VF_.jpg
1433.jpg,glioma,test,test/glioma/1433.jpg
G_700_HF_.jpg,glioma,test,test/glioma/G_700_HF_.jpg
1369.jpg,glioma,test,test/glioma/1369.jpg
G_684.jpg,glioma,test,test/glioma/G_684.jpg
1382.jpg,glioma,test,test/glioma/1382.jpg
1396.jpg,glioma,test,test/glioma/1396.jpg
G_690.jpg,glioma,test,test/glioma/G_690.jpg
1143.jpg,glioma,test,test/glioma/1143.jpg
G_77_RO_.jpg,glioma,test,test/glioma/G_77_RO_.jpg
1157.jpg,glioma,test,test/glioma/1157.jpg
G_67_RO_.jpg,glioma,test,test/glioma/G_67_RO_.jpg
1180.jpg,glioma,test,test/glioma/1180.jpg
1194.jpg,glioma,test,test/glioma/1194.jpg
G_6_VF_.jpg,glioma,test,test/glioma/G_6_VF_.jpg
G_690_RO_.jpg,glioma,test,test/glioma/G_690_RO_.jpg
1235.jpg,glioma,test,test/glioma/1235.jpg
1221.jpg,glioma,test,test/glioma/1221.jpg
1209.jpg,glioma,test,test/glioma/1209.jpg
1208.jpg,glioma,test,test/glioma/1208.jpg
1220.jpg,glioma,test,test/glioma/1220.jpg
G_689_SP_.jpg,glioma,test,test/glioma/G_689_SP_.jpg
G_699_SP_.jpg,glioma,test,test/glioma/G_699_SP_.jpg
1234.jpg,glioma,test,test/glioma/1234.jpg
G_702_VF_.jpg,glioma,test,test/glioma/G_702_VF_.jpg
G_690_BR_.jpg,glioma,test,test/glioma/G_690_BR_.jpg
1195.jpg,glioma,test,test/glioma/1195.jpg
1181.jpg,glioma,test,test/glioma/1181.jpg
G_7.jpg,glioma,test,test/glioma/G_7.jpg
1156.jpg,glioma,test,test/glioma/1156.jpg
1142.jpg,glioma,test,test/glioma/1142.jpg
G_83_RO_.jpg,glioma,test,test/glioma/G_83_RO_.jpg
G_691.jpg,glioma,test,test/glioma/G_691.jpg
1397.jpg,glioma,test,test/glioma/1397.jpg
1383.jpg,glioma,test,test/glioma/1383.jpg
G_685.jpg,glioma,test,test/glioma/G_685.jpg
1368.jpg,glioma,test,test/glioma/1368.jpg
1354.jpg,glioma,test,test/glioma/1354.jpg
1432.jpg,glioma,test,test/glioma/1432.jpg
G_67_BR_.jpg,glioma,test,test/glioma/G_67_BR_.jpg
1426.jpg,glioma,test,test/glioma/1426.jpg
G_77_BR_.jpg,glioma,test,test/glioma/G_77_BR_.jpg
1340.jpg,glioma,test,test/glioma/1340.jpg
1430.jpg,glioma,test,test/glioma/1430.jpg
1356.jpg,glioma,test,test/glioma/1356.jpg
G_687_VF_.jpg,glioma,test,test/glioma/G_687_VF_.jpg
1342.jpg,glioma,test,test/glioma/1342.jpg
G_75_DA_.jpg,glioma,test,test/glioma/G_75_DA_.jpg
G_697_VF_.jpg,glioma,test,test/glioma/G_697_VF_.jpg
1424.jpg,glioma,test,test/glioma/1424.jpg
G_678.jpg,glioma,test,test/glioma/G_678.jpg
1418.jpg,glioma,test,test/glioma/1418.jpg
1395.jpg,glioma,test,test/glioma/1395.jpg
G_693.jpg,glioma,test,test/glioma/G_693.jpg
G_687.jpg,glioma,test,test/glioma/G_687.jpg
1381.jpg,glioma,test,test/glioma/1381.jpg
1154.jpg,glioma,test,test/glioma/1154.jpg
G_689_RO_.jpg,glioma,test,test/glioma/G_689_RO_.jpg
G_699_RO_.jpg,glioma,test,test/glioma/G_699_RO_.jpg
1140.jpg,glioma,test,test/glioma/1140.jpg
1168.jpg,glioma,test,test/glioma/1168.jpg
1197.jpg,glioma,test,test/glioma/1197.jpg
1183.jpg,glioma,test,test/glioma/1183.jpg
G_682_DA_.jpg,glioma,test,test/glioma/G_682_DA_.jpg
G_692_DA_.jpg,glioma,test,test/glioma/G_692_DA_.jpg
G_70_VF_.jpg,glioma,test,test/glioma/G_70_VF_.jpg
1222.jpg,glioma,test,test/glioma/1222.jpg
1236.jpg,glioma,test,test/glioma/1236.jpg
G_83_SP_.jpg,glioma,test,test/glioma/G_83_SP_.jpg
1237.jpg,glioma,test,test/glioma/1237.jpg
G_77_SP_.jpg,glioma,test,test/glioma/G_77_SP_.jpg
1223.jpg,glioma,test,test/glioma/1223.jpg
G_67_SP_.jpg,glioma,test,test/glioma/G_67_SP_.jpg
G_685_HF_.jpg,glioma,test,test/glioma/G_685_HF_.jpg
G_695_HF_.jpg,glioma,test,test/glioma/G_695_HF_.jpg
G_84_VF_.jpg,glioma,test,test/glioma/G_84_VF_.jpg
G_676_DA_.jpg,glioma,test,test/glioma/G_676_DA_.jpg
1182.jpg,glioma,test,test/glioma/1182.jpg
1196.jpg,glioma,test,test/glioma/1196.jpg
1169.jpg,glioma,test,test/glioma/1169.jpg
G_690_SP_.jpg,glioma,test,test/glioma/G_690_SP_.jpg
1141.jpg,glioma,test,test/glioma/1141.jpg
1155.jpg,glioma,test,test/glioma/1155.jpg
1380.jpg,glioma,test,test/glioma/1380.jpg
G_686.jpg,glioma,test,test/glioma/G_686.jpg
G_692.jpg,glioma,test,test/glioma/G_692.jpg
1394.jpg,glioma,test,test/glioma/1394.jpg
1419.jpg,glioma,test,test/glioma/1419.jpg
G_72_HF_.jpg,glioma,test,test/glioma/G_72_HF_.jpg
G_699_BR_.jpg,glioma,test,test/glioma/G_699_BR_.jpg
1343.jpg,glioma,test,test/glioma/1343.jpg
1425.jpg,glioma,test,test/glioma/1425.jpg
G_81_DA_.jpg,glioma,test,test/glioma/G_81_DA_.jpg
1431.jpg,glioma,test,test/glioma/1431.jpg
G_689_BR_.jpg,glioma,test,test/glioma/G_689_BR_.jpg
1357.jpg,glioma,test,test/glioma/1357.jpg
1318.jpg,glioma,test,test/glioma/1318.jpg
1456.jpg,glioma,test,test/glioma/1456.jpg
1330.jpg,glioma,test,test/glioma/1330.jpg
1324.jpg,glioma,test,test/glioma/1324.jpg
1442.jpg,glioma,test,test/glioma/1442.jpg
1495.jpg,glioma,test,test/glioma/1495.jpg
G_676_BR_.jpg,glioma,test,test/glioma/G_676_BR_.jpg
1481.jpg,glioma,test,test/glioma/1481.jpg
1132.jpg,glioma,test,test/glioma/1132.jpg
1126.jpg,glioma,test,test/glioma/1126.jpg
G_682_RO_.jpg,glioma,test,test/glioma/G_682_RO_.jpg
G_692_RO_.jpg,glioma,test,test/glioma/G_692_RO_.jpg
G_75.jpg,glioma,test,test/glioma/G_75.jpg
1052.jpg,glioma,test,test/glioma/1052.jpg
G_702_HF_.jpg,glioma,test,test/glioma/G_702_HF_.jpg
G_689_DA_.jpg,glioma,test,test/glioma/G_689_DA_.jpg
G_699_DA_.jpg,glioma,test,test/glioma/G_699_DA_.jpg
G_81_BR_.jpg,glioma,test,test/glioma/G_81_BR_.jpg
1091.jpg,glioma,test,test/glioma/1091.jpg
1278.jpg,glioma,test,test/glioma/1278.jpg
1244.jpg,glioma,test,test/glioma/1244.jpg
1250.jpg,glioma,test,test/glioma/1250.jpg
1287.jpg,glioma,test,test/glioma/1287.jpg
1293.jpg,glioma,test,test/glioma/1293.jpg
G_75_RO_.jpg,glioma,test,test/glioma/G_75_RO_.jpg
1292.jpg,glioma,test,test/glioma/1292.jpg
G_81_RO_.jpg,glioma,test,test/glioma/G_81_RO_.jpg
1286.jpg,glioma,test,test/glioma/1286.jpg
1251.jpg,glioma,test,test/glioma/1251.jpg
1523.jpg,glioma,test,test/glioma/1523.jpg
1245.jpg,glioma,test,test/glioma/1245.jpg
1279.jpg,glioma,test,test/glioma/1279.jpg
1090.jpg,glioma,test,test/glioma/1090.jpg
G_75_BR_.jpg,glioma,test,test/glioma/G_75_BR_.jpg
G_6_HF_.jpg,glioma,test,test/glioma/G_6_HF_.jpg
1053.jpg,glioma,test,test/glioma/1053.jpg
G_74.jpg,glioma,test,test/glioma/G_74.jpg
G_676_RO_.jpg,glioma,test,test/glioma/G_676_RO_.jpg
1127.jpg,glioma,test,test/glioma/1127.jpg
1133.jpg,glioma,test,test/glioma/1133.jpg
G_692_BR_.jpg,glioma,test,test/glioma/G_692_BR_.jpg
1480.jpg,glioma,test,test/glioma/1480.jpg
G_682_BR_.jpg,glioma,test,test/glioma/G_682_BR_.jpg
G_700_VF_.jpg,glioma,test,test/glioma/G_700_VF_.jpg
1494.jpg,glioma,test,test/glioma/1494.jpg
G_69_HF_.jpg,glioma,test,test/glioma/G_69_HF_.jpg
G_79_HF_.jpg,glioma,test,test/glioma/G_79_HF_.jpg
1325.jpg,glioma,test,test/glioma/1325.jpg
1443.jpg,glioma,test,test/glioma/1443.jpg
1457.jpg,glioma,test,test/glioma/1457.jpg
1331.jpg,glioma,test,test/glioma/1331.jpg
1319.jpg,glioma,test,test/glioma/1319.jpg
1469.jpg,glioma,test,test/glioma/1469.jpg
1441.jpg,glioma,test,test/glioma/1441.jpg
1327.jpg,glioma,test,test/glioma/1327.jpg
1333.jpg,glioma,test,test/glioma/1333.jpg
1455.jpg,glioma,test,test/glioma/1455.jpg
G_72_VF_.jpg,glioma,test,test/glioma/G_72_VF_.jpg
1482.jpg,glioma,test,test/glioma/1482.jpg
G_690_DA_.jpg,glioma,test,test/glioma/G_690_DA_.jpg
1496.jpg,glioma,test,test/glioma/1496.jpg
1119.jpg,glioma,test,test/glioma/1119.jpg
1125.jpg,glioma,test,test/glioma/1125.jpg
1131.jpg,glioma,test,test/glioma/1131.jpg
G_81_SP_.jpg,glioma,test,test/glioma/G_81_SP_.jpg
G_76.jpg,glioma,test,test/glioma/G_76.jpg
1051.jpg,glioma,test,test/glioma/1051.jpg
G_84_HF_.jpg,glioma,test,test/glioma/G_84_HF_.jpg
1092.jpg,glioma,test,test/glioma/1092.jpg
G_695_VF_.jpg,glioma,test,test/glioma/G_695_VF_.jpg
G_77_DA_.jpg,glioma,test,test/glioma/G_77_DA_.jpg
G_685_VF_.jpg,glioma,test,test/glioma/G_685_VF_.jpg
G_67_DA_.jpg,glioma,test,test/glioma/G_67_DA_.jpg
1253.jpg,glioma,test,test/glioma/1253.jpg
1247.jpg,glioma,test,test/glioma/1247.jpg
1290.jpg,glioma,test,test/glioma/1290.jpg
1284.jpg,glioma,test,test/glioma/1284.jpg
G_676_SP_.jpg,glioma,test,test/glioma/G_676_SP_.jpg
G_682_SP_.jpg,glioma,test,test/glioma/G_682_SP_.jpg
1285.jpg,glioma,test,test/glioma/1285.jpg
G_692_SP_.jpg,glioma,test,test/glioma/G_692_SP_.jpg
1291.jpg,glioma,test,test/glioma/1291.jpg
1246.jpg,glioma,test,test/glioma/1246.jpg
1252.jpg,glioma,test,test/glioma/1252.jpg
1093.jpg,glioma,test,test/glioma/1093.jpg
G_83_DA_.jpg,glioma,test,test/glioma/G_83_DA_.jpg
G_70_HF_.jpg,glioma,test,test/glioma/G_70_HF_.jpg
1050.jpg,glioma,test,test/glioma/1050.jpg
G_77.jpg,glioma,test,test/glioma/G_77.jpg
G_75_SP_.jpg,glioma,test,test/glioma/G_75_SP_.jpg
1130.jpg,glioma,test,test/glioma/1130.jpg
1124.jpg,glioma,test,test/glioma/1124.jpg
1118.jpg,glioma,test,test/glioma/1118.jpg
1497.jpg,glioma,test,test/glioma/1497.jpg
1483.jpg,glioma,test,test/glioma/1483.jpg
G_697_HF_.jpg,glioma,test,test/glioma/G_697_HF_.jpg
G_687_HF_.jpg,glioma,test,test/glioma/G_687_HF_.jpg
1332.jpg,glioma,test,test/glioma/1332.jpg
1454.jpg,glioma,test,test/glioma/1454.jpg
1440.jpg,glioma,test,test/glioma/1440.jpg
1326.jpg,glioma,test,test/glioma/1326.jpg
1468.jpg,glioma,test,test/glioma/1468.jpg
1322.jpg,glioma,test,test/glioma/1322.jpg
1444.jpg,glioma,test,test/glioma/1444.jpg
1450.jpg,glioma,test,test/glioma/1450.jpg
1336.jpg,glioma,test,test/glioma/1336.jpg
1478.jpg,glioma,test,test/glioma/1478.jpg
1487.jpg,glioma,test,test/glioma/1487.jpg
G_80_SP_.jpg,glioma,test,test/glioma/G_80_SP_.jpg
1493.jpg,glioma,test,test/glioma/1493.jpg
1120.jpg,glioma,test,test/glioma/1120.jpg
1134.jpg,glioma,test,test/glioma/1134.jpg
1108.jpg,glioma,test,test/glioma/1108.jpg
G_681_DA_.jpg,glioma,test,test/glioma/G_681_DA_.jpg
G_691_DA_.jpg,glioma,test,test/glioma/G_691_DA_.jpg
G_73_VF_.jpg,glioma,test,test/glioma/G_73_VF_.jpg
1054.jpg,glioma,test,test/glioma/1054.jpg
G_73.jpg,glioma,test,test/glioma/G_73.jpg
G_677_SP_.jpg,glioma,test,test/glioma/G_677_SP_.jpg
1097.jpg,glioma,test,test/glioma/1097.jpg
1256.jpg,glioma,test,test/glioma/1256.jpg
1524.jpg,glioma,test,test/glioma/1524.jpg
1242.jpg,glioma,test,test/glioma/1242.jpg
1295.jpg,glioma,test,test/glioma/1295.jpg
G_684_VF_.jpg,glioma,test,test/glioma/G_684_VF_.jpg
G_76_DA_.jpg,glioma,test,test/glioma/G_76_DA_.jpg
G_694_VF_.jpg,glioma,test,test/glioma/G_694_VF_.jpg
1281.jpg,glioma,test,test/glioma/1281.jpg
G_85_HF_.jpg,glioma,test,test/glioma/G_85_HF_.jpg
G_71_HF_.jpg,glioma,test,test/glioma/G_71_HF_.jpg
G_82_DA_.jpg,glioma,test,test/glioma/G_82_DA_.jpg
1280.jpg,glioma,test,test/glioma/1280.jpg
1294.jpg,glioma,test,test/glioma/1294.jpg
1525.jpg,glioma,test,test/glioma/1525.jpg
1243.jpg,glioma,test,test/glioma/1243.jpg
1257.jpg,glioma,test,test/glioma/1257.jpg
G_693_SP_.jpg,glioma,test,test/glioma/G_693_SP_.jpg
1096.jpg,glioma,test,test/glioma/1096.jpg
G_683_SP_.jpg,glioma,test,test/glioma/G_683_SP_.jpg
G_72.jpg,glioma,test,test/glioma/G_72.jpg
1055.jpg,glioma,test,test/glioma/1055.jpg
G_686_HF_.jpg,glioma,test,test/glioma/G_686_HF_.jpg
G_696_HF_.jpg,glioma,test,test/glioma/G_696_HF_.jpg
G_675_DA_.jpg,glioma,test,test/glioma/G_675_DA_.jpg
1109.jpg,glioma,test,test/glioma/1109.jpg
1135.jpg,glioma,test,test/glioma/1135.jpg
1121.jpg,glioma,test,test/glioma/1121.jpg
1492.jpg,glioma,test,test/glioma/1492.jpg
G_74_SP_.jpg,glioma,test,test/glioma/G_74_SP_.jpg
1486.jpg,glioma,test,test/glioma/1486.jpg
1479.jpg,glioma,test,test/glioma/1479.jpg
1451.jpg,glioma,test,test/glioma/1451.jpg
1337.jpg,glioma,test,test/glioma/1337.jpg
1323.jpg,glioma,test,test/glioma/1323.jpg
1445.jpg,glioma,test,test/glioma/1445.jpg
1335.jpg,glioma,test,test/glioma/1335.jpg
1453.jpg,glioma,test,test/glioma/1453.jpg
1447.jpg,glioma,test,test/glioma/1447.jpg
1321.jpg,glioma,test,test/glioma/1321.jpg
1309.jpg,glioma,test,test/glioma/1309.jpg
1490.jpg,glioma,test,test/glioma/1490.jpg
G_693_RO_.jpg,glioma,test,test/glioma/G_693_RO_.jpg
1484.jpg,glioma,test,test/glioma/1484.jpg
G_683_RO_.jpg,glioma,test,test/glioma/G_683_RO_.jpg
1137.jpg,glioma,test,test/glioma/1137.jpg
1123.jpg,glioma,test,test/glioma/1123.jpg
G_677_BR_.jpg,glioma,test,test/glioma/G_677_BR_.jpg
G_70.jpg,glioma,test,test/glioma/G_70.jpg
G_74_RO_.jpg,glioma,test,test/glioma/G_74_RO_.jpg
1094.jpg,glioma,test,test/glioma/1094.jpg
1241.jpg,glioma,test,test/glioma/1241.jpg
1527.jpg,glioma,test,test/glioma/1527.jpg
1255.jpg,glioma,test,test/glioma/1255.jpg
1269.jpg,glioma,test,test/glioma/1269.jpg
G_80_BR_.jpg,glioma,test,test/glioma/G_80_BR_.jpg
1282.jpg,glioma,test,test/glioma/1282.jpg
G_698_DA_.jpg,glioma,test,test/glioma/G_698_DA_.jpg
G_688_DA_.jpg,glioma,test,test/glioma/G_688_DA_.jpg
1296.jpg,glioma,test,test/glioma/1296.jpg
G_703_HF_.jpg,glioma,test,test/glioma/G_703_HF_.jpg
G_7_HF_.jpg,glioma,test,test/glioma/G_7_HF_.jpg
1297.jpg,glioma,test,test/glioma/1297.jpg
1283.jpg,glioma,test,test/glioma/1283.jpg
G_74_BR_.jpg,glioma,test,test/glioma/G_74_BR_.jpg
1268.jpg,glioma,test,test/glioma/1268.jpg
1254.jpg,glioma,test,test/glioma/1254.jpg
1240.jpg,glioma,test,test/glioma/1240.jpg
1526.jpg,glioma,test,test/glioma/1526.jpg
1095.jpg,glioma,test,test/glioma/1095.jpg
G_80_RO_.jpg,glioma,test,test/glioma/G_80_RO_.jpg
G_71.jpg,glioma,test,test/glioma/G_71.jpg
G_78_HF_.jpg,glioma,test,test/glioma/G_78_HF_.jpg
G_68_HF_.jpg,glioma,test,test/glioma/G_68_HF_.jpg
G_683_BR_.jpg,glioma,test,test/glioma/G_683_BR_.jpg
G_701_VF_.jpg,glioma,test,test/glioma/G_701_VF_.jpg
G_693_BR_.jpg,glioma,test,test/glioma/G_693_BR_.jpg
1122.jpg,glioma,test,test/glioma/1122.jpg
1136.jpg,glioma,test,test/glioma/1136.jpg
1485.jpg,glioma,test,test/glioma/1485.jpg
G_677_RO_.jpg,glioma,test,test/glioma/G_677_RO_.jpg
1491.jpg,glioma,test,test/glioma/1491.jpg
1308.jpg,glioma,test,test/glioma/1308.jpg
1446.jpg,glioma,test,test/glioma/1446.jpg
1320.jpg,glioma,test,test/glioma/1320.jpg
1334.jpg,glioma,test,test/glioma/1334.jpg
1452.jpg,glioma,test,test/glioma/1452.jpg
1339.jpg,glioma,test,test/glioma/1339.jpg
1477.jpg,glioma,test,test/glioma/1477.jpg
1311.jpg,glioma,test,test/glioma/1311.jpg
1305.jpg,glioma,test,test/glioma/1305.jpg
1463.jpg,glioma,test,test/glioma/1463.jpg
1488.jpg,glioma,test,test/glioma/1488.jpg
G_71_BR_.jpg,glioma,test,test/glioma/G_71_BR_.jpg
G_701_DA_.jpg,glioma,test,test/glioma/G_701_DA_.jpg
1113.jpg,glioma,test,test/glioma/1113.jpg
1107.jpg,glioma,test,test/glioma/1107.jpg
G_78_SP_.jpg,glioma,test,test/glioma/G_78_SP_.jpg
G_68_SP_.jpg,glioma,test,test/glioma/G_68_SP_.jpg
G_68.jpg,glioma,test,test/glioma/G_68.jpg
1098.jpg,glioma,test,test/glioma/1098.jpg
G_83.jpg,glioma,test,test/glioma/G_83.jpg
G_696_BR_.jpg,glioma,test,test/glioma/G_696_BR_.jpg
G_686_BR_.jpg,glioma,test,test/glioma/G_686_BR_.jpg
1259.jpg,glioma,test,test/glioma/1259.jpg
1503.jpg,glioma,test,test/glioma/1503.jpg
1265.jpg,glioma,test,test/glioma/1265.jpg
1271.jpg,glioma,test,test/glioma/1271.jpg
G_7_SP_.jpg,glioma,test,test/glioma/G_7_SP_.jpg
G_703_SP_.jpg,glioma,test,test/glioma/G_703_SP_.jpg
G_686_RO_.jpg,glioma,test,test/glioma/G_686_RO_.jpg
G_696_RO_.jpg,glioma,test,test/glioma/G_696_RO_.jpg
1270.jpg,glioma,test,test/glioma/1270.jpg
1502.jpg,glioma,test,test/glioma/1502.jpg
1264.jpg,glioma,test,test/glioma/1264.jpg
1258.jpg,glioma,test,test/glioma/1258.jpg
G_688_VF_.jpg,glioma,test,test/glioma/G_688_VF_.jpg
G_698_VF_.jpg,glioma,test,test/glioma/G_698_VF_.jpg
1099.jpg,glioma,test,test/glioma/1099.jpg
G_82.jpg,glioma,test,test/glioma/G_82.jpg
G_69.jpg,glioma,test,test/glioma/G_69.jpg
G_71_RO_.jpg,glioma,test,test/glioma/G_71_RO_.jpg
1106.jpg,glioma,test,test/glioma/1106.jpg
1112.jpg,glioma,test,test/glioma/1112.jpg
G_85_BR_.jpg,glioma,test,test/glioma/G_85_BR_.jpg
1489.jpg,glioma,test,test/glioma/1489.jpg
1304.jpg,glioma,test,test/glioma/1304.jpg
1462.jpg,glioma,test,test/glioma/1462.jpg
1476.jpg,glioma,test,test/glioma/1476.jpg
1310.jpg,glioma,test,test/glioma/1310.jpg
1338.jpg,glioma,test,test/glioma/1338.jpg
1448.jpg,glioma,test,test/glioma/1448.jpg
1460.jpg,glioma,test,test/glioma/1460.jpg
1306.jpg,glioma,test,test/glioma/1306.jpg
1312.jpg,glioma,test,test/glioma/1312.jpg
1474.jpg,glioma,test,test/glioma/1474.jpg
G_74_HF_.jpg,glioma,test,test/glioma/G_74_HF_.jpg
G_675_VF_.jpg,glioma,test,test/glioma/G_675_VF_.jpg
G_7_BR_.jpg,glioma,test,test/glioma/G_7_BR_.jpg
1138.jpg,glioma,test,test/glioma/1138.jpg
1104.jpg,glioma,test,test/glioma/1104.jpg
1110.jpg,glioma,test,test/glioma/1110.jpg
G_703_RO_.jpg,glioma,test,test/glioma/G_703_RO_.jpg
G_686_SP_.jpg,glioma,test,test/glioma/G_686_SP_.jpg
G_696_SP_.jpg,glioma,test,test/glioma/G_696_SP_.jpg
G_693_HF_.jpg,glioma,test,test/glioma/G_693_HF_.jpg
G_80.jpg,glioma,test,test/glioma/G_80.jpg
G_683_HF_.jpg,glioma,test,test/glioma/G_683_HF_.jpg
G_68_BR_.jpg,glioma,test,test/glioma/G_68_BR_.jpg
G_78_BR_.jpg,glioma,test,test/glioma/G_78_BR_.jpg
G_82_VF_.jpg,glioma,test,test/glioma/G_82_VF_.jpg
1528.jpg,glioma,test,test/glioma/1528.jpg
1272.jpg,glioma,test,test/glioma/1272.jpg
1266.jpg,glioma,test,test/glioma/1266.jpg
1500.jpg,glioma,test,test/glioma/1500.jpg
1299.jpg,glioma,test,test/glioma/1299.jpg
G_71_SP_.jpg,glioma,test,test/glioma/G_71_SP_.jpg
G_78_RO_.jpg,glioma,test,test/glioma/G_78_RO_.jpg
G_68_RO_.jpg,glioma,test,test/glioma/G_68_RO_.jpg
1298.jpg,glioma,test,test/glioma/1298.jpg
1267.jpg,glioma,test,test/glioma/1267.jpg
1501.jpg,glioma,test,test/glioma/1501.jpg
1273.jpg,glioma,test,test/glioma/1273.jpg
1529.jpg,glioma,test,test/glioma/1529.jpg
G_694_DA_.jpg,glioma,test,test/glioma/G_694_DA_.jpg
G_76_VF_.jpg,glioma,test,test/glioma/G_76_VF_.jpg
G_684_DA_.jpg,glioma,test,test/glioma/G_684_DA_.jpg
G_81.jpg,glioma,test,test/glioma/G_81.jpg
G_677_HF_.jpg,glioma,test,test/glioma/G_677_HF_.jpg
G_7_RO_.jpg,glioma,test,test/glioma/G_7_RO_.jpg
1111.jpg,glioma,test,test/glioma/1111.jpg
1105.jpg,glioma,test,test/glioma/1105.jpg
1139.jpg,glioma,test,test/glioma/1139.jpg
G_73_DA_.jpg,glioma,test,test/glioma/G_73_DA_.jpg
G_691_VF_.jpg,glioma,test,test/glioma/G_691_VF_.jpg
G_703_BR_.jpg,glioma,test,test/glioma/G_703_BR_.jpg
G_681_VF_.jpg,glioma,test,test/glioma/G_681_VF_.jpg
G_80_HF_.jpg,glioma,test,test/glioma/G_80_HF_.jpg
1313.jpg,glioma,test,test/glioma/1313.jpg
1475.jpg,glioma,test,test/glioma/1475.jpg
1461.jpg,glioma,test,test/glioma/1461.jpg
1307.jpg,glioma,test,test/glioma/1307.jpg
1449.jpg,glioma,test,test/glioma/1449.jpg
1303.jpg,glioma,test,test/glioma/1303.jpg
1465.jpg,glioma,test,test/glioma/1465.jpg
1471.jpg,glioma,test,test/glioma/1471.jpg
1317.jpg,glioma,test,test/glioma/1317.jpg
1459.jpg,glioma,test,test/glioma/1459.jpg
G_697_SP_.jpg,glioma,test,test/glioma/G_697_SP_.jpg
G_687_SP_.jpg,glioma,test,test/glioma/G_687_SP_.jpg
G_702_RO_.jpg,glioma,test,test/glioma/G_702_RO_.jpg
1101.jpg,glioma,test,test/glioma/1101.jpg
1115.jpg,glioma,test,test/glioma/1115.jpg
1129.jpg,glioma,test,test/glioma/1129.jpg
G_6_BR_.jpg,glioma,test,test/glioma/G_6_BR_.jpg
G_75_HF_.jpg,glioma,test,test/glioma/G_75_HF_.jpg
1049.jpg,glioma,test,test/glioma/1049.jpg
G_70_SP_.jpg,glioma,test,test/glioma/G_70_SP_.jpg
G_85.jpg,glioma,test,test/glioma/G_85.jpg
1277.jpg,glioma,test,test/glioma/1277.jpg
1263.jpg,glioma,test,test/glioma/1263.jpg
G_83_VF_.jpg,glioma,test,test/glioma/G_83_VF_.jpg
G_79_BR_.jpg,glioma,test,test/glioma/G_79_BR_.jpg
G_69_BR_.jpg,glioma,test,test/glioma/G_69_BR_.jpg
1288.jpg,glioma,test,test/glioma/1288.jpg
G_682_HF_.jpg,glioma,test,test/glioma/G_682_HF_.jpg
G_692_HF_.jpg,glioma,test,test/glioma/G_692_HF_.jpg
G_676_HF_.jpg,glioma,test,test/glioma/G_676_HF_.jpg
1289.jpg,glioma,test,test/glioma/1289.jpg
G_67_VF_.jpg,glioma,test,test/glioma/G_67_VF_.jpg
G_685_DA_.jpg,glioma,test,test/glioma/G_685_DA_.jpg
G_77_VF_.jpg,glioma,test,test/glioma/G_77_VF_.jpg
G_695_DA_.jpg,glioma,test,test/glioma/G_695_DA_.jpg
1262.jpg,glioma,test,test/glioma/1262.jpg
1276.jpg,glioma,test,test/glioma/1276.jpg
G_84.jpg,glioma,test,test/glioma/G_84.jpg
G_69_RO_.jpg,glioma,test,test/glioma/G_69_RO_.jpg
G_79_RO_.jpg,glioma,test,test/glioma/G_79_RO_.jpg
G_84_SP_.jpg,glioma,test,test/glioma/G_84_SP_.jpg
G_81_HF_.jpg,glioma,test,test/glioma/G_81_HF_.jpg
G_702_BR_.jpg,glioma,test,test/glioma/G_702_BR_.jpg
G_690_VF_.jpg,glioma,test,test/glioma/G_690_VF_.jpg
G_72_DA_.jpg,glioma,test,test/glioma/G_72_DA_.jpg
1128.jpg,glioma,test,test/glioma/1128.jpg
1114.jpg,glioma,test,test/glioma/1114.jpg
1100.jpg,glioma,test,test/glioma/1100.jpg
G_6_RO_.jpg,glioma,test,test/glioma/G_6_RO_.jpg
1458.jpg,glioma,test,test/glioma/1458.jpg
1470.jpg,glioma,test,test/glioma/1470.jpg
1316.jpg,glioma,test,test/glioma/1316.jpg
1302.jpg,glioma,test,test/glioma/1302.jpg
1464.jpg,glioma,test,test/glioma/1464.jpg
1314.jpg,glioma,test,test/glioma/1314.jpg
1472.jpg,glioma,test,test/glioma/1472.jpg
1466.jpg,glioma,test,test/glioma/1466.jpg
1300.jpg,glioma,test,test/glioma/1300.jpg
1328.jpg,glioma,test,test/glioma/1328.jpg
G_69_SP_.jpg,glioma,test,test/glioma/G_69_SP_.jpg
G_79_SP_.jpg,glioma,test,test/glioma/G_79_SP_.jpg
G_84_RO_.jpg,glioma,test,test/glioma/G_84_RO_.jpg
1499.jpg,glioma,test,test/glioma/1499.jpg
1116.jpg,glioma,test,test/glioma/1116.jpg
1102.jpg,glioma,test,test/glioma/1102.jpg
G_700_DA_.jpg,glioma,test,test/glioma/G_700_DA_.jpg
G_70_BR_.jpg,glioma,test,test/glioma/G_70_BR_.jpg
G_79.jpg,glioma,test,test/glioma/G_79.jpg
G_6_SP_.jpg,glioma,test,test/glioma/G_6_SP_.jpg
1089.jpg,glioma,test,test/glioma/1089.jpg
1260.jpg,glioma,test,test/glioma/1260.jpg
1274.jpg,glioma,test,test/glioma/1274.jpg
1248.jpg,glioma,test,test/glioma/1248.jpg
G_687_BR_.jpg,glioma,test,test/glioma/G_687_BR_.jpg
G_697_BR_.jpg,glioma,test,test/glioma/G_697_BR_.jpg
G_699_VF_.jpg,glioma,test,test/glioma/G_699_VF_.jpg
G_689_VF_.jpg,glioma,test,test/glioma/G_689_VF_.jpg
1249.jpg,glioma,test,test/glioma/1249.jpg
1275.jpg,glioma,test,test/glioma/1275.jpg
1261.jpg,glioma,test,test/glioma/1261.jpg
G_697_RO_.jpg,glioma,test,test/glioma/G_697_RO_.jpg
G_687_RO_.jpg,glioma,test,test/glioma/G_687_RO_.jpg
G_702_SP_.jpg,glioma,test,test/glioma/G_702_SP_.jpg
G_78.jpg,glioma,test,test/glioma/G_78.jpg
G_84_BR_.jpg,glioma,test,test/glioma/G_84_BR_.jpg
1103.jpg,glioma,test,test/glioma/1103.jpg
1117.jpg,glioma,test,test/glioma/1117.jpg
1498.jpg,glioma,test,test/glioma/1498.jpg
G_70_RO_.jpg,glioma,test,test/glioma/G_70_RO_.jpg
1329.jpg,glioma,test,test/glioma/1329.jpg
1467.jpg,glioma,test,test/glioma/1467.jpg
1301.jpg,glioma,test,test/glioma/1301.jpg
1315.jpg,glioma,test,test/glioma/1315.jpg
1473.jpg,glioma,test,test/glioma/1473.jpg
1428.jpg,glioma,test,test/glioma/1428.jpg
1372.jpg,glioma,test,test/glioma/1372.jpg
1414.jpg,glioma,test,test/glioma/1414.jpg
1400.jpg,glioma,test,test/glioma/1400.jpg
1366.jpg,glioma,test,test/glioma/1366.jpg
G_72_SP_.jpg,glioma,test,test/glioma/G_72_SP_.jpg
1399.jpg,glioma,test,test/glioma/1399.jpg
G_690_HF_.jpg,glioma,test,test/glioma/G_690_HF_.jpg
1158.jpg,glioma,test,test/glioma/1158.jpg
1170.jpg,glioma,test,test/glioma/1170.jpg
G_81_VF_.jpg,glioma,test,test/glioma/G_81_VF_.jpg
1164.jpg,glioma,test,test/glioma/1164.jpg
G_685_SP_.jpg,glioma,test,test/glioma/G_685_SP_.jpg
G_700_RO_.jpg,glioma,test,test/glioma/G_700_RO_.jpg
G_695_SP_.jpg,glioma,test,test/glioma/G_695_SP_.jpg
G_77_HF_.jpg,glioma,test,test/glioma/G_77_HF_.jpg
G_67_HF_.jpg,glioma,test,test/glioma/G_67_HF_.jpg
1206.jpg,glioma,test,test/glioma/1206.jpg
G_700.jpg,glioma,test,test/glioma/G_700.jpg
G_676_VF_.jpg,glioma,test,test/glioma/G_676_VF_.jpg
G_84_DA_.jpg,glioma,test,test/glioma/G_84_DA_.jpg
1212.jpg,glioma,test,test/glioma/1212.jpg
1213.jpg,glioma,test,test/glioma/1213.jpg
G_70_DA_.jpg,glioma,test,test/glioma/G_70_DA_.jpg
G_692_VF_.jpg,glioma,test,test/glioma/G_692_VF_.jpg
G_701.jpg,glioma,test,test/glioma/G_701.jpg
G_678_BR_.jpg,glioma,test,test/glioma/G_678_BR_.jpg
1207.jpg,glioma,test,test/glioma/1207.jpg
G_682_VF_.jpg,glioma,test,test/glioma/G_682_VF_.jpg
G_700_BR_.jpg,glioma,test,test/glioma/G_700_BR_.jpg
G_83_HF_.jpg,glioma,test,test/glioma/G_83_HF_.jpg
G_697_DA_.jpg,glioma,test,test/glioma/G_697_DA_.jpg
1165.jpg,glioma,test,test/glioma/1165.jpg
G_75_VF_.jpg,glioma,test,test/glioma/G_75_VF_.jpg
G_687_DA_.jpg,glioma,test,test/glioma/G_687_DA_.jpg
1171.jpg,glioma,test,test/glioma/1171.jpg
G_8.jpg,glioma,test,test/glioma/G_8.jpg
1159.jpg,glioma,test,test/glioma/1159.jpg
1398.jpg,glioma,test,test/glioma/1398.jpg
1401.jpg,glioma,test,test/glioma/1401.jpg
1367.jpg,glioma,test,test/glioma/1367.jpg
1373.jpg,glioma,test,test/glioma/1373.jpg
1415.jpg,glioma,test,test/glioma/1415.jpg
1429.jpg,glioma,test,test/glioma/1429.jpg
1359.jpg,glioma,test,test/glioma/1359.jpg
1365.jpg,glioma,test,test/glioma/1365.jpg
1403.jpg,glioma,test,test/glioma/1403.jpg
1417.jpg,glioma,test,test/glioma/1417.jpg
1371.jpg,glioma,test,test/glioma/1371.jpg
G_677.jpg,glioma,test,test/glioma/G_677.jpg
G_688.jpg,glioma,test,test/glioma/G_688.jpg
G_695_BR_.jpg,glioma,test,test/glioma/G_695_BR_.jpg
1167.jpg,glioma,test,test/glioma/1167.jpg
G_685_BR_.jpg,glioma,test,test/glioma/G_685_BR_.jpg
1173.jpg,glioma,test,test/glioma/1173.jpg
1198.jpg,glioma,test,test/glioma/1198.jpg
G_689_HF_.jpg,glioma,test,test/glioma/G_689_HF_.jpg
G_699_HF_.jpg,glioma,test,test/glioma/G_699_HF_.jpg
1239.jpg,glioma,test,test/glioma/1239.jpg
1211.jpg,glioma,test,test/glioma/1211.jpg
G_72_BR_.jpg,glioma,test,test/glioma/G_72_BR_.jpg
1205.jpg,glioma,test,test/glioma/1205.jpg
G_702_DA_.jpg,glioma,test,test/glioma/G_702_DA_.jpg
G_703.jpg,glioma,test,test/glioma/G_703.jpg
G_702.jpg,glioma,test,test/glioma/G_702.jpg
1204.jpg,glioma,test,test/glioma/1204.jpg
1210.jpg,glioma,test,test/glioma/1210.jpg
G_6_DA_.jpg,glioma,test,test/glioma/G_6_DA_.jpg
1238.jpg,glioma,test,test/glioma/1238.jpg
G_72_RO_.jpg,glioma,test,test/glioma/G_72_RO_.jpg
1199.jpg,glioma,test,test/glioma/1199.jpg
1172.jpg,glioma,test,test/glioma/1172.jpg
G_69_DA_.jpg,glioma,test,test/glioma/G_69_DA_.jpg
G_79_DA_.jpg,glioma,test,test/glioma/G_79_DA_.jpg
1166.jpg,glioma,test,test/glioma/1166.jpg
G_689.jpg,glioma,test,test/glioma/G_689.jpg
1416.jpg,glioma,test,test/glioma/1416.jpg
G_685_RO_.jpg,glioma,test,test/glioma/G_685_RO_.jpg
G_676.jpg,glioma,test,test/glioma/G_676.jpg
G_700_SP_.jpg,glioma,test,test/glioma/G_700_SP_.jpg
1370.jpg,glioma,test,test/glioma/1370.jpg
1364.jpg,glioma,test,test/glioma/1364.jpg
G_695_RO_.jpg,glioma,test,test/glioma/G_695_RO_.jpg
1402.jpg,glioma,test,test/glioma/1402.jpg
1358.jpg,glioma,test,test/glioma/1358.jpg
1406.jpg,glioma,test,test/glioma/1406.jpg
G_684_BR_.jpg,glioma,test,test/glioma/G_684_BR_.jpg
1360.jpg,glioma,test,test/glioma/1360.jpg
1374.jpg,glioma,test,test/glioma/1374.jpg
G_694_BR_.jpg,glioma,test,test/glioma/G_694_BR_.jpg
1412.jpg,glioma,test,test/glioma/1412.jpg
1348.jpg,glioma,test,test/glioma/1348.jpg
G_699.jpg,glioma,test,test/glioma/G_699.jpg
1162.jpg,glioma,test,test/glioma/1162.jpg
1176.jpg,glioma,test,test/glioma/1176.jpg
1189.jpg,glioma,test,test/glioma/1189.jpg
G_703_DA_.jpg,glioma,test,test/glioma/G_703_DA_.jpg
G_73_BR_.jpg,glioma,test,test/glioma/G_73_BR_.jpg
G_698_HF_.jpg,glioma,test,test/glioma/G_698_HF_.jpg
G_688_HF_.jpg,glioma,test,test/glioma/G_688_HF_.jpg
1214.jpg,glioma,test,test/glioma/1214.jpg
1200.jpg,glioma,test,test/glioma/1200.jpg
1228.jpg,glioma,test,test/glioma/1228.jpg
1229.jpg,glioma,test,test/glioma/1229.jpg
1201.jpg,glioma,test,test/glioma/1201.jpg
G_73_RO_.jpg,glioma,test,test/glioma/G_73_RO_.jpg
1215.jpg,glioma,test,test/glioma/1215.jpg
G_7_DA_.jpg,glioma,test,test/glioma/G_7_DA_.jpg
1188.jpg,glioma,test,test/glioma/1188.jpg
1177.jpg,glioma,test,test/glioma/1177.jpg
G_694_RO_.jpg,glioma,test,test/glioma/G_694_RO_.jpg
1163.jpg,glioma,test,test/glioma/1163.jpg
G_701_SP_.jpg,glioma,test,test/glioma/G_701_SP_.jpg
G_684_RO_.jpg,glioma,test,test/glioma/G_684_RO_.jpg
G_698.jpg,glioma,test,test/glioma/G_698.jpg
1349.jpg,glioma,test,test/glioma/1349.jpg
G_78_DA_.jpg,glioma,test,test/glioma/G_78_DA_.jpg
1375.jpg,glioma,test,test/glioma/1375.jpg
1413.jpg,glioma,test,test/glioma/1413.jpg
G_68_DA_.jpg,glioma,test,test/glioma/G_68_DA_.jpg
1407.jpg,glioma,test,test/glioma/1407.jpg
1361.jpg,glioma,test,test/glioma/1361.jpg
1411.jpg,glioma,test,test/glioma/1411.jpg
1377.jpg,glioma,test,test/glioma/1377.jpg
G_80_VF_.jpg,glioma,test,test/glioma/G_80_VF_.jpg
1363.jpg,glioma,test,test/glioma/1363.jpg
1405.jpg,glioma,test,test/glioma/1405.jpg
G_681_HF_.jpg,glioma,test,test/glioma/G_681_HF_.jpg
1439.jpg,glioma,test,test/glioma/1439.jpg
G_691_HF_.jpg,glioma,test,test/glioma/G_691_HF_.jpg
1388.jpg,glioma,test,test/glioma/1388.jpg
G_73_SP_.jpg,glioma,test,test/glioma/G_73_SP_.jpg
1175.jpg,glioma,test,test/glioma/1175.jpg
1161.jpg,glioma,test,test/glioma/1161.jpg
1149.jpg,glioma,test,test/glioma/1149.jpg
G_85_DA_.jpg,glioma,test,test/glioma/G_85_DA_.jpg
G_677_VF_.jpg,glioma,test,test/glioma/G_677_VF_.jpg
G_76_HF_.jpg,glioma,test,test/glioma/G_76_HF_.jpg
1203.jpg,glioma,test,test/glioma/1203.jpg
G_694_SP_.jpg,glioma,test,test/glioma/G_694_SP_.jpg
G_701_RO_.jpg,glioma,test,test/glioma/G_701_RO_.jpg
1217.jpg,glioma,test,test/glioma/1217.jpg
G_684_SP_.jpg,glioma,test,test/glioma/G_684_SP_.jpg
1216.jpg,glioma,test,test/glioma/1216.jpg
G_704.jpg,glioma,test,test/glioma/G_704.jpg
1202.jpg,glioma,test,test/glioma/1202.jpg
G_82_HF_.jpg,glioma,test,test/glioma/G_82_HF_.jpg
G_683_VF_.jpg,glioma,test,test/glioma/G_683_VF_.jpg
G_701_BR_.jpg,glioma,test,test/glioma/G_701_BR_.jpg
G_693_VF_.jpg,glioma,test,test/glioma/G_693_VF_.jpg
G_71_DA_.jpg,glioma,test,test/glioma/G_71_DA_.jpg
1148.jpg,glioma,test,test/glioma/1148.jpg
1160.jpg,glioma,test,test/glioma/1160.jpg
1174.jpg,glioma,test,test/glioma/1174.jpg
1389.jpg,glioma,test,test/glioma/1389.jpg
1438.jpg,glioma,test,test/glioma/1438.jpg
G_675_HF_.jpg,glioma,test,test/glioma/G_675_HF_.jpg
1362.jpg,glioma,test,test/glioma/1362.jpg
G_686_DA_.jpg,glioma,test,test/glioma/G_686_DA_.jpg
1404.jpg,glioma,test,test/glioma/1404.jpg
1410.jpg,glioma,test,test/glioma/1410.jpg
G_74_VF_.jpg,glioma,test,test/glioma/G_74_VF_.jpg
G_696_DA_.jpg,glioma,test,test/glioma/G_696_DA_.jpg
1376.jpg,glioma,test,test/glioma/1376.jpg
M_811_RO_.jpg,meningioma,test,test/meningioma/M_811_RO_.jpg
M_801_RO_.jpg,meningioma,test,test/meningioma/M_801_RO_.jpg
M_790_BR_.jpg,meningioma,test,test/meningioma/M_790_BR_.jpg
M_780_BR_.jpg,meningioma,test,test/meningioma/M_780_BR_.jpg
M_805.jpg,meningioma,test,test/meningioma/M_805.jpg
M_811.jpg,meningioma,test,test/meningioma/M_811.jpg
image(49).jpg,meningioma,test,test/meningioma/image(49).jpg
M_799_SP_.jpg,meningioma,test,test/meningioma/M_799_SP_.jpg
image(1).jpg,meningioma,test,test/meningioma/image(1).jpg
M_789_SP_.jpg,meningioma,test,test/meningioma/M_789_SP_.jpg
M_82_DA_.jpg,meningioma,test,test/meningioma/M_82_DA_.jpg
M_795.jpg,meningioma,test,test/meningioma/M_795.jpg
M_781.jpg,meningioma,test,test/meningioma/M_781.jpg
1541.jpg,meningioma,test,test/meningioma/1541.jpg
M_88.jpg,meningioma,test,test/meningioma/M_88.jpg
M_7_HF_.jpg,meningioma,test,test/meningioma/M_7_HF_.jpg
M_87_VF_.jpg,meningioma,test,test/meningioma/M_87_VF_.jpg
1554.jpg,meningioma,test,test/meningioma/1554.jpg
1540.jpg,meningioma,test,test/meningioma/1540.jpg
M_80_SP_.jpg,meningioma,test,test/meningioma/M_80_SP_.jpg
M_778_HF_.jpg,meningioma,test,test/meningioma/M_778_HF_.jpg
image(24).jpg,meningioma,test,test/meningioma/image(24).jpg
M_780.jpg,meningioma,test,test/meningioma/M_780.jpg
M_794.jpg,meningioma,test,test/meningioma/M_794.jpg
M_780_RO_.jpg,meningioma,test,test/meningioma/M_780_RO_.jpg
M_790_RO_.jpg,meningioma,test,test/meningioma/M_790_RO_.jpg
M_85_HF_.jpg,meningioma,test,test/meningioma/M_85_HF_.jpg
M_801_BR_.jpg,meningioma,test,test/meningioma/M_801_BR_.jpg
M_811_BR_.jpg,meningioma,test,test/meningioma/M_811_BR_.jpg
M_810.jpg,meningioma,test,test/meningioma/M_810.jpg
M_804.jpg,meningioma,test,test/meningioma/M_804.jpg
image(65).jpg,meningioma,test,test/meningioma/image(65).jpg
M_808_SP_.jpg,meningioma,test,test/meningioma/M_808_SP_.jpg
M_818_SP_.jpg,meningioma,test,test/meningioma/M_818_SP_.jpg
M_776_DA_.jpg,meningioma,test,test/meningioma/M_776_DA_.jpg
image(12).jpg,meningioma,test,test/meningioma/image(12).jpg
M_795_HF_.jpg,meningioma,test,test/meningioma/M_795_HF_.jpg
M_80_RO_.jpg,meningioma,test,test/meningioma/M_80_RO_.jpg
M_785_HF_.jpg,meningioma,test,test/meningioma/M_785_HF_.jpg
M_812.jpg,meningioma,test,test/meningioma/M_812.jpg
M_806.jpg,meningioma,test,test/meningioma/M_806.jpg
M_803_DA_.jpg,meningioma,test,test/meningioma/M_803_DA_.jpg
M_813_DA_.jpg,meningioma,test,test/meningioma/M_813_DA_.jpg
image(45).jpg,meningioma,test,test/meningioma/image(45).jpg
M_808_RO_.jpg,meningioma,test,test/meningioma/M_808_RO_.jpg
M_782.jpg,meningioma,test,test/meningioma/M_782.jpg
M_796.jpg,meningioma,test,test/meningioma/M_796.jpg
M_818_RO_.jpg,meningioma,test,test/meningioma/M_818_RO_.jpg
M_789_BR_.jpg,meningioma,test,test/meningioma/M_789_BR_.jpg
M_799_BR_.jpg,meningioma,test,test/meningioma/M_799_BR_.jpg
image(53).jpg,meningioma,test,test/meningioma/image(53).jpg
M_806_VF_.jpg,meningioma,test,test/meningioma/M_806_VF_.jpg
1542.jpg,meningioma,test,test/meningioma/1542.jpg
M_816_VF_.jpg,meningioma,test,test/meningioma/M_816_VF_.jpg
M_780_SP_.jpg,meningioma,test,test/meningioma/M_780_SP_.jpg
M_8.jpg,meningioma,test,test/meningioma/M_8.jpg
M_790_SP_.jpg,meningioma,test,test/meningioma/M_790_SP_.jpg
M_78_HF_.jpg,meningioma,test,test/meningioma/M_78_HF_.jpg
M_799_RO_.jpg,meningioma,test,test/meningioma/M_799_RO_.jpg
M_789_RO_.jpg,meningioma,test,test/meningioma/M_789_RO_.jpg
M_818_BR_.jpg,meningioma,test,test/meningioma/M_818_BR_.jpg
1543.jpg,meningioma,test,test/meningioma/1543.jpg
M_808_BR_.jpg,meningioma,test,test/meningioma/M_808_BR_.jpg
M_797_VF_.jpg,meningioma,test,test/meningioma/M_797_VF_.jpg
M_787_VF_.jpg,meningioma,test,test/meningioma/M_787_VF_.jpg
M_811_SP_.jpg,meningioma,test,test/meningioma/M_811_SP_.jpg
M_797.jpg,meningioma,test,test/meningioma/M_797.jpg
M_801_SP_.jpg,meningioma,test,test/meningioma/M_801_SP_.jpg
M_783.jpg,meningioma,test,test/meningioma/M_783.jpg
M_80_BR_.jpg,meningioma,test,test/meningioma/M_80_BR_.jpg
M_804_HF_.jpg,meningioma,test,test/meningioma/M_804_HF_.jpg
M_807.jpg,meningioma,test,test/meningioma/M_807.jpg
M_814_HF_.jpg,meningioma,test,test/meningioma/M_814_HF_.jpg
M_813.jpg,meningioma,test,test/meningioma/M_813.jpg
M_792_DA_.jpg,meningioma,test,test/meningioma/M_792_DA_.jpg
M_782_DA_.jpg,meningioma,test,test/meningioma/M_782_DA_.jpg
M_812_DA_.jpg,meningioma,test,test/meningioma/M_812_DA_.jpg
M_802_DA_.jpg,meningioma,test,test/meningioma/M_802_DA_.jpg
image(68).jpg,meningioma,test,test/meningioma/image(68).jpg
M_817.jpg,meningioma,test,test/meningioma/M_817.jpg
M_803.jpg,meningioma,test,test/meningioma/M_803.jpg
M_784_HF_.jpg,meningioma,test,test/meningioma/M_784_HF_.jpg
M_81_RO_.jpg,meningioma,test,test/meningioma/M_81_RO_.jpg
M_794_HF_.jpg,meningioma,test,test/meningioma/M_794_HF_.jpg
M_777_DA_.jpg,meningioma,test,test/meningioma/M_777_DA_.jpg
M_787.jpg,meningioma,test,test/meningioma/M_787.jpg
M_817_VF_.jpg,meningioma,test,test/meningioma/M_817_VF_.jpg
M_807_VF_.jpg,meningioma,test,test/meningioma/M_807_VF_.jpg
M_793.jpg,meningioma,test,test/meningioma/M_793.jpg
M_778.jpg,meningioma,test,test/meningioma/M_778.jpg
M_791_SP_.jpg,meningioma,test,test/meningioma/M_791_SP_.jpg
M_79_HF_.jpg,meningioma,test,test/meningioma/M_79_HF_.jpg
M_781_SP_.jpg,meningioma,test,test/meningioma/M_781_SP_.jpg
1553.jpg,meningioma,test,test/meningioma/1553.jpg
1547.jpg,meningioma,test,test/meningioma/1547.jpg
M_809_RO_.jpg,meningioma,test,test/meningioma/M_809_RO_.jpg
M_798_BR_.jpg,meningioma,test,test/meningioma/M_798_BR_.jpg
M_788_BR_.jpg,meningioma,test,test/meningioma/M_788_BR_.jpg
M_786_VF_.jpg,meningioma,test,test/meningioma/M_786_VF_.jpg
M_796_VF_.jpg,meningioma,test,test/meningioma/M_796_VF_.jpg
M_800_SP_.jpg,meningioma,test,test/meningioma/M_800_SP_.jpg
1546.jpg,meningioma,test,test/meningioma/1546.jpg
1552.jpg,meningioma,test,test/meningioma/1552.jpg
M_810_SP_.jpg,meningioma,test,test/meningioma/M_810_SP_.jpg
M_788_RO_.jpg,meningioma,test,test/meningioma/M_788_RO_.jpg
M_779.jpg,meningioma,test,test/meningioma/M_779.jpg
M_798_RO_.jpg,meningioma,test,test/meningioma/M_798_RO_.jpg
image(52).jpg,meningioma,test,test/meningioma/image(52).jpg
M_809_BR_.jpg,meningioma,test,test/meningioma/M_809_BR_.jpg
M_792.jpg,meningioma,test,test/meningioma/M_792.jpg
M_786.jpg,meningioma,test,test/meningioma/M_786.jpg
M_819_BR_.jpg,meningioma,test,test/meningioma/M_819_BR_.jpg
image(44).jpg,meningioma,test,test/meningioma/image(44).jpg
M_783_DA_.jpg,meningioma,test,test/meningioma/M_783_DA_.jpg
M_793_DA_.jpg,meningioma,test,test/meningioma/M_793_DA_.jpg
M_802.jpg,meningioma,test,test/meningioma/M_802.jpg
M_816.jpg,meningioma,test,test/meningioma/M_816.jpg
image(118).jpg,meningioma,test,test/meningioma/image(118).jpg
image(13).jpg,meningioma,test,test/meningioma/image(13).jpg
M_81_BR_.jpg,meningioma,test,test/meningioma/M_81_BR_.jpg
M_815_HF_.jpg,meningioma,test,test/meningioma/M_815_HF_.jpg
M_805_HF_.jpg,meningioma,test,test/meningioma/M_805_HF_.jpg
M_83_DA_.jpg,meningioma,test,test/meningioma/M_83_DA_.jpg
image(64).jpg,meningioma,test,test/meningioma/image(64).jpg
M_788_SP_.jpg,meningioma,test,test/meningioma/M_788_SP_.jpg
M_798_SP_.jpg,meningioma,test,test/meningioma/M_798_SP_.jpg
M_800_RO_.jpg,meningioma,test,test/meningioma/M_800_RO_.jpg
M_810_RO_.jpg,meningioma,test,test/meningioma/M_810_RO_.jpg
M_800.jpg,meningioma,test,test/meningioma/M_800.jpg
M_814.jpg,meningioma,test,test/meningioma/M_814.jpg
M_781_BR_.jpg,meningioma,test,test/meningioma/M_781_BR_.jpg
M_791_BR_.jpg,meningioma,test,test/meningioma/M_791_BR_.jpg
M_790.jpg,meningioma,test,test/meningioma/M_790.jpg
M_784.jpg,meningioma,test,test/meningioma/M_784.jpg
M_86_VF_.jpg,meningioma,test,test/meningioma/M_86_VF_.jpg
image(25).jpg,meningioma,test,test/meningioma/image(25).jpg
1544.jpg,meningioma,test,test/meningioma/1544.jpg
1550.jpg,meningioma,test,test/meningioma/1550.jpg
M_779_HF_.jpg,meningioma,test,test/meningioma/M_779_HF_.jpg
M_81_SP_.jpg,meningioma,test,test/meningioma/M_81_SP_.jpg
image(102).jpg,meningioma,test,test/meningioma/image(102).jpg
1551.jpg,meningioma,test,test/meningioma/1551.jpg
1545.jpg,meningioma,test,test/meningioma/1545.jpg
M_785.jpg,meningioma,test,test/meningioma/M_785.jpg
M_791.jpg,meningioma,test,test/meningioma/M_791.jpg
M_815.jpg,meningioma,test,test/meningioma/M_815.jpg
M_801.jpg,meningioma,test,test/meningioma/M_801.jpg
image(48).jpg,meningioma,test,test/meningioma/image(48).jpg
M_809_SP_.jpg,meningioma,test,test/meningioma/M_809_SP_.jpg
M_84_HF_.jpg,meningioma,test,test/meningioma/M_84_HF_.jpg
M_791_RO_.jpg,meningioma,test,test/meningioma/M_791_RO_.jpg
M_781_RO_.jpg,meningioma,test,test/meningioma/M_781_RO_.jpg
M_77_DA_.jpg,meningioma,test,test/meningioma/M_77_DA_.jpg
M_810_BR_.jpg,meningioma,test,test/meningioma/M_810_BR_.jpg
M_800_BR_.jpg,meningioma,test,test/meningioma/M_800_BR_.jpg
M_783_SP_.jpg,meningioma,test,test/meningioma/M_783_SP_.jpg
M_793_SP_.jpg,meningioma,test,test/meningioma/M_793_SP_.jpg
1456.jpg,meningioma,test,test/meningioma/1456.jpg
image(14).jpg,meningioma,test,test/meningioma/image(14).jpg
1495.jpg,meningioma,test,test/meningioma/1495.jpg
M_805_VF_.jpg,meningioma,test,test/meningioma/M_805_VF_.jpg
M_815_VF_.jpg,meningioma,test,test/meningioma/M_815_VF_.jpg
1481.jpg,meningioma,test,test/meningioma/1481.jpg
image(43).jpg,meningioma,test,test/meningioma/image(43).jpg
M_77_BR_.jpg,meningioma,test,test/meningioma/M_77_BR_.jpg
image(55).jpg,meningioma,test,test/meningioma/image(55).jpg
M_800_DA_.jpg,meningioma,test,test/meningioma/M_800_DA_.jpg
M_810_DA_.jpg,meningioma,test,test/meningioma/M_810_DA_.jpg
M_83_RO_.jpg,meningioma,test,test/meningioma/M_83_RO_.jpg
M_796_HF_.jpg,meningioma,test,test/meningioma/M_796_HF_.jpg
1536.jpg,meningioma,test,test/meningioma/1536.jpg
M_786_HF_.jpg,meningioma,test,test/meningioma/M_786_HF_.jpg
image(109).jpg,meningioma,test,test/meningioma/image(109).jpg
1537.jpg,meningioma,test,test/meningioma/1537.jpg
M_77_RO_.jpg,meningioma,test,test/meningioma/M_77_RO_.jpg
M_791_DA_.jpg,meningioma,test,test/meningioma/M_791_DA_.jpg
M_781_DA_.jpg,meningioma,test,test/meningioma/M_781_DA_.jpg
M_807_HF_.jpg,meningioma,test,test/meningioma/M_807_HF_.jpg
M_817_HF_.jpg,meningioma,test,test/meningioma/M_817_HF_.jpg
M_79_VF_.jpg,meningioma,test,test/meningioma/M_79_VF_.jpg
M_83_BR_.jpg,meningioma,test,test/meningioma/M_83_BR_.jpg
M_812_SP_.jpg,meningioma,test,test/meningioma/M_812_SP_.jpg
M_802_SP_.jpg,meningioma,test,test/meningioma/M_802_SP_.jpg
M_794_VF_.jpg,meningioma,test,test/meningioma/M_794_VF_.jpg
M_784_VF_.jpg,meningioma,test,test/meningioma/M_784_VF_.jpg
1480.jpg,meningioma,test,test/meningioma/1480.jpg
1494.jpg,meningioma,test,test/meningioma/1494.jpg
1457.jpg,meningioma,test,test/meningioma/1457.jpg
M_777_SP_.jpg,meningioma,test,test/meningioma/M_777_SP_.jpg
image(113).jpg,meningioma,test,test/meningioma/image(113).jpg
image(18).jpg,meningioma,test,test/meningioma/image(18).jpg
1469.jpg,meningioma,test,test/meningioma/1469.jpg
M_84_VF_.jpg,meningioma,test,test/meningioma/M_84_VF_.jpg
1455.jpg,meningioma,test,test/meningioma/1455.jpg
1482.jpg,meningioma,test,test/meningioma/1482.jpg
1496.jpg,meningioma,test,test/meningioma/1496.jpg
M_809_DA_.jpg,meningioma,test,test/meningioma/M_809_DA_.jpg
M_77_SP_.jpg,meningioma,test,test/meningioma/M_77_SP_.jpg
image(59).jpg,meningioma,test,test/meningioma/image(59).jpg
M_777_RO_.jpg,meningioma,test,test/meningioma/M_777_RO_.jpg
M_81_DA_.jpg,meningioma,test,test/meningioma/M_81_DA_.jpg
1509.jpg,meningioma,test,test/meningioma/1509.jpg
M_793_BR_.jpg,meningioma,test,test/meningioma/M_793_BR_.jpg
M_783_BR_.jpg,meningioma,test,test/meningioma/M_783_BR_.jpg
1535.jpg,meningioma,test,test/meningioma/1535.jpg
M_812_RO_.jpg,meningioma,test,test/meningioma/M_812_RO_.jpg
M_802_RO_.jpg,meningioma,test,test/meningioma/M_802_RO_.jpg
1520.jpg,meningioma,test,test/meningioma/1520.jpg
1534.jpg,meningioma,test,test/meningioma/1534.jpg
M_777_BR_.jpg,meningioma,test,test/meningioma/M_777_BR_.jpg
1508.jpg,meningioma,test,test/meningioma/1508.jpg
M_802_BR_.jpg,meningioma,test,test/meningioma/M_802_BR_.jpg
M_812_BR_.jpg,meningioma,test,test/meningioma/M_812_BR_.jpg
image(22).jpg,meningioma,test,test/meningioma/image(22).jpg
M_783_RO_.jpg,meningioma,test,test/meningioma/M_783_RO_.jpg
M_86_HF_.jpg,meningioma,test,test/meningioma/M_86_HF_.jpg
M_793_RO_.jpg,meningioma,test,test/meningioma/M_793_RO_.jpg
M_83_SP_.jpg,meningioma,test,test/meningioma/M_83_SP_.jpg
M_788_DA_.jpg,meningioma,test,test/meningioma/M_788_DA_.jpg
M_798_DA_.jpg,meningioma,test,test/meningioma/M_798_DA_.jpg
1497.jpg,meningioma,test,test/meningioma/1497.jpg
1483.jpg,meningioma,test,test/meningioma/1483.jpg
image(63).jpg,meningioma,test,test/meningioma/image(63).jpg
1454.jpg,meningioma,test,test/meningioma/1454.jpg
1468.jpg,meningioma,test,test/meningioma/1468.jpg
1450.jpg,meningioma,test,test/meningioma/1450.jpg
1478.jpg,meningioma,test,test/meningioma/1478.jpg
1487.jpg,meningioma,test,test/meningioma/1487.jpg
1493.jpg,meningioma,test,test/meningioma/1493.jpg
image(62).jpg,meningioma,test,test/meningioma/image(62).jpg
M_85_VF_.jpg,meningioma,test,test/meningioma/M_85_VF_.jpg
M_808_DA_.jpg,meningioma,test,test/meningioma/M_808_DA_.jpg
M_818_DA_.jpg,meningioma,test,test/meningioma/M_818_DA_.jpg
M_782_BR_.jpg,meningioma,test,test/meningioma/M_782_BR_.jpg
M_778_VF_.jpg,meningioma,test,test/meningioma/M_778_VF_.jpg
M_792_BR_.jpg,meningioma,test,test/meningioma/M_792_BR_.jpg
M_803_RO_.jpg,meningioma,test,test/meningioma/M_803_RO_.jpg
M_813_RO_.jpg,meningioma,test,test/meningioma/M_813_RO_.jpg
image(23).jpg,meningioma,test,test/meningioma/image(23).jpg
M_80_DA_.jpg,meningioma,test,test/meningioma/M_80_DA_.jpg
1530.jpg,meningioma,test,test/meningioma/1530.jpg
M_776_RO_.jpg,meningioma,test,test/meningioma/M_776_RO_.jpg
1518.jpg,meningioma,test,test/meningioma/1518.jpg
M_813_BR_.jpg,meningioma,test,test/meningioma/M_813_BR_.jpg
M_803_BR_.jpg,meningioma,test,test/meningioma/M_803_BR_.jpg
M_792_RO_.jpg,meningioma,test,test/meningioma/M_792_RO_.jpg
M_87_HF_.jpg,meningioma,test,test/meningioma/M_87_HF_.jpg
1519.jpg,meningioma,test,test/meningioma/1519.jpg
M_7_VF_.jpg,meningioma,test,test/meningioma/M_7_VF_.jpg
M_782_RO_.jpg,meningioma,test,test/meningioma/M_782_RO_.jpg
1531.jpg,meningioma,test,test/meningioma/1531.jpg
image(58).jpg,meningioma,test,test/meningioma/image(58).jpg
M_776_BR_.jpg,meningioma,test,test/meningioma/M_776_BR_.jpg
1492.jpg,meningioma,test,test/meningioma/1492.jpg
1486.jpg,meningioma,test,test/meningioma/1486.jpg
image(112).jpg,meningioma,test,test/meningioma/image(112).jpg
M_799_DA_.jpg,meningioma,test,test/meningioma/M_799_DA_.jpg
M_789_DA_.jpg,meningioma,test,test/meningioma/M_789_DA_.jpg
image(19).jpg,meningioma,test,test/meningioma/image(19).jpg
1479.jpg,meningioma,test,test/meningioma/1479.jpg
1451.jpg,meningioma,test,test/meningioma/1451.jpg
M_82_SP_.jpg,meningioma,test,test/meningioma/M_82_SP_.jpg
1453.jpg,meningioma,test,test/meningioma/1453.jpg
1447.jpg,meningioma,test,test/meningioma/1447.jpg
1490.jpg,meningioma,test,test/meningioma/1490.jpg
1484.jpg,meningioma,test,test/meningioma/1484.jpg
M_792_SP_.jpg,meningioma,test,test/meningioma/M_792_SP_.jpg
M_782_SP_.jpg,meningioma,test,test/meningioma/M_782_SP_.jpg
M_814_VF_.jpg,meningioma,test,test/meningioma/M_814_VF_.jpg
M_804_VF_.jpg,meningioma,test,test/meningioma/M_804_VF_.jpg
M_787_HF_.jpg,meningioma,test,test/meningioma/M_787_HF_.jpg
M_797_HF_.jpg,meningioma,test,test/meningioma/M_797_HF_.jpg
M_82_RO_.jpg,meningioma,test,test/meningioma/M_82_RO_.jpg
1533.jpg,meningioma,test,test/meningioma/1533.jpg
M_811_DA_.jpg,meningioma,test,test/meningioma/M_811_DA_.jpg
M_801_DA_.jpg,meningioma,test,test/meningioma/M_801_DA_.jpg
M_816_HF_.jpg,meningioma,test,test/meningioma/M_816_HF_.jpg
M_806_HF_.jpg,meningioma,test,test/meningioma/M_806_HF_.jpg
M_82_BR_.jpg,meningioma,test,test/meningioma/M_82_BR_.jpg
1532.jpg,meningioma,test,test/meningioma/1532.jpg
M_78_VF_.jpg,meningioma,test,test/meningioma/M_78_VF_.jpg
image(54).jpg,meningioma,test,test/meningioma/image(54).jpg
M_780_DA_.jpg,meningioma,test,test/meningioma/M_780_DA_.jpg
M_790_DA_.jpg,meningioma,test,test/meningioma/M_790_DA_.jpg
M_776_SP_.jpg,meningioma,test,test/meningioma/M_776_SP_.jpg
image(15).jpg,meningioma,test,test/meningioma/image(15).jpg
1485.jpg,meningioma,test,test/meningioma/1485.jpg
M_803_SP_.jpg,meningioma,test,test/meningioma/M_803_SP_.jpg
M_813_SP_.jpg,meningioma,test,test/meningioma/M_813_SP_.jpg
1491.jpg,meningioma,test,test/meningioma/1491.jpg
M_785_VF_.jpg,meningioma,test,test/meningioma/M_785_VF_.jpg
M_795_VF_.jpg,meningioma,test,test/meningioma/M_795_VF_.jpg
1452.jpg,meningioma,test,test/meningioma/1452.jpg
1477.jpg,meningioma,test,test/meningioma/1477.jpg
M_87_BR_.jpg,meningioma,test,test/meningioma/M_87_BR_.jpg
1463.jpg,meningioma,test,test/meningioma/1463.jpg
1488.jpg,meningioma,test,test/meningioma/1488.jpg
M_803_HF_.jpg,meningioma,test,test/meningioma/M_803_HF_.jpg
M_813_HF_.jpg,meningioma,test,test/meningioma/M_813_HF_.jpg
M_795_DA_.jpg,meningioma,test,test/meningioma/M_795_DA_.jpg
M_785_DA_.jpg,meningioma,test,test/meningioma/M_785_DA_.jpg
M_776_HF_.jpg,meningioma,test,test/meningioma/M_776_HF_.jpg
M_78_DA_.jpg,meningioma,test,test/meningioma/M_78_DA_.jpg
M_790_VF_.jpg,meningioma,test,test/meningioma/M_790_VF_.jpg
M_780_VF_.jpg,meningioma,test,test/meningioma/M_780_VF_.jpg
1503.jpg,meningioma,test,test/meningioma/1503.jpg
1265.jpg,meningioma,test,test/meningioma/1265.jpg
1517.jpg,meningioma,test,test/meningioma/1517.jpg
M_816_SP_.jpg,meningioma,test,test/meningioma/M_816_SP_.jpg
M_806_SP_.jpg,meningioma,test,test/meningioma/M_806_SP_.jpg
1516.jpg,meningioma,test,test/meningioma/1516.jpg
1502.jpg,meningioma,test,test/meningioma/1502.jpg
1264.jpg,meningioma,test,test/meningioma/1264.jpg
M_801_VF_.jpg,meningioma,test,test/meningioma/M_801_VF_.jpg
M_811_VF_.jpg,meningioma,test,test/meningioma/M_811_VF_.jpg
image(57).jpg,meningioma,test,test/meningioma/image(57).jpg
M_787_SP_.jpg,meningioma,test,test/meningioma/M_787_SP_.jpg
M_797_SP_.jpg,meningioma,test,test/meningioma/M_797_SP_.jpg
M_87_RO_.jpg,meningioma,test,test/meningioma/M_87_RO_.jpg
M_792_HF_.jpg,meningioma,test,test/meningioma/M_792_HF_.jpg
M_782_HF_.jpg,meningioma,test,test/meningioma/M_782_HF_.jpg
M_804_DA_.jpg,meningioma,test,test/meningioma/M_804_DA_.jpg
M_814_DA_.jpg,meningioma,test,test/meningioma/M_814_DA_.jpg
1489.jpg,meningioma,test,test/meningioma/1489.jpg
image(16).jpg,meningioma,test,test/meningioma/image(16).jpg
1462.jpg,meningioma,test,test/meningioma/1462.jpg
1476.jpg,meningioma,test,test/meningioma/1476.jpg
M_787_RO_.jpg,meningioma,test,test/meningioma/M_787_RO_.jpg
M_82_HF_.jpg,meningioma,test,test/meningioma/M_82_HF_.jpg
M_797_RO_.jpg,meningioma,test,test/meningioma/M_797_RO_.jpg
1448.jpg,meningioma,test,test/meningioma/1448.jpg
1460.jpg,meningioma,test,test/meningioma/1460.jpg
1474.jpg,meningioma,test,test/meningioma/1474.jpg
image(61).jpg,meningioma,test,test/meningioma/image(61).jpg
M_806_BR_.jpg,meningioma,test,test/meningioma/M_806_BR_.jpg
M_816_BR_.jpg,meningioma,test,test/meningioma/M_816_BR_.jpg
M_789_VF_.jpg,meningioma,test,test/meningioma/M_789_VF_.jpg
M_799_VF_.jpg,meningioma,test,test/meningioma/M_799_VF_.jpg
M_7_DA_.jpg,meningioma,test,test/meningioma/M_7_DA_.jpg
image(20).jpg,meningioma,test,test/meningioma/image(20).jpg
M_87_SP_.jpg,meningioma,test,test/meningioma/M_87_SP_.jpg
1514.jpg,meningioma,test,test/meningioma/1514.jpg
1266.jpg,meningioma,test,test/meningioma/1266.jpg
1500.jpg,meningioma,test,test/meningioma/1500.jpg
1298.jpg,meningioma,test,test/meningioma/1298.jpg
1267.jpg,meningioma,test,test/meningioma/1267.jpg
1501.jpg,meningioma,test,test/meningioma/1501.jpg
1515.jpg,meningioma,test,test/meningioma/1515.jpg
image(107).jpg,meningioma,test,test/meningioma/image(107).jpg
M_778_DA_.jpg,meningioma,test,test/meningioma/M_778_DA_.jpg
M_80_VF_.jpg,meningioma,test,test/meningioma/M_80_VF_.jpg
M_816_RO_.jpg,meningioma,test,test/meningioma/M_816_RO_.jpg
M_806_RO_.jpg,meningioma,test,test/meningioma/M_806_RO_.jpg
M_797_BR_.jpg,meningioma,test,test/meningioma/M_797_BR_.jpg
M_787_BR_.jpg,meningioma,test,test/meningioma/M_787_BR_.jpg
M_818_VF_.jpg,meningioma,test,test/meningioma/M_818_VF_.jpg
M_808_VF_.jpg,meningioma,test,test/meningioma/M_808_VF_.jpg
1475.jpg,meningioma,test,test/meningioma/1475.jpg
1461.jpg,meningioma,test,test/meningioma/1461.jpg
M_85_DA_.jpg,meningioma,test,test/meningioma/M_85_DA_.jpg
1449.jpg,meningioma,test,test/meningioma/1449.jpg
1465.jpg,meningioma,test,test/meningioma/1465.jpg
1471.jpg,meningioma,test,test/meningioma/1471.jpg
M_798_VF_.jpg,meningioma,test,test/meningioma/M_798_VF_.jpg
1459.jpg,meningioma,test,test/meningioma/1459.jpg
M_788_VF_.jpg,meningioma,test,test/meningioma/M_788_VF_.jpg
M_796_RO_.jpg,meningioma,test,test/meningioma/M_796_RO_.jpg
M_83_HF_.jpg,meningioma,test,test/meningioma/M_83_HF_.jpg
M_786_RO_.jpg,meningioma,test,test/meningioma/M_786_RO_.jpg
M_817_BR_.jpg,meningioma,test,test/meningioma/M_817_BR_.jpg
M_807_BR_.jpg,meningioma,test,test/meningioma/M_807_BR_.jpg
M_86_SP_.jpg,meningioma,test,test/meningioma/M_86_SP_.jpg
1511.jpg,meningioma,test,test/meningioma/1511.jpg
1505.jpg,meningioma,test,test/meningioma/1505.jpg
1263.jpg,meningioma,test,test/meningioma/1263.jpg
image(106).jpg,meningioma,test,test/meningioma/image(106).jpg
1539.jpg,meningioma,test,test/meningioma/1539.jpg
1538.jpg,meningioma,test,test/meningioma/1538.jpg
M_81_VF_.jpg,meningioma,test,test/meningioma/M_81_VF_.jpg
1504.jpg,meningioma,test,test/meningioma/1504.jpg
1510.jpg,meningioma,test,test/meningioma/1510.jpg
image(21).jpg,meningioma,test,test/meningioma/image(21).jpg
M_779_DA_.jpg,meningioma,test,test/meningioma/M_779_DA_.jpg
M_809_VF_.jpg,meningioma,test,test/meningioma/M_809_VF_.jpg
M_77_HF_.jpg,meningioma,test,test/meningioma/M_77_HF_.jpg
M_84_DA_.jpg,meningioma,test,test/meningioma/M_84_DA_.jpg
image(60).jpg,meningioma,test,test/meningioma/image(60).jpg
M_807_RO_.jpg,meningioma,test,test/meningioma/M_807_RO_.jpg
M_817_RO_.jpg,meningioma,test,test/meningioma/M_817_RO_.jpg
M_786_BR_.jpg,meningioma,test,test/meningioma/M_786_BR_.jpg
M_796_BR_.jpg,meningioma,test,test/meningioma/M_796_BR_.jpg
1458.jpg,meningioma,test,test/meningioma/1458.jpg
1470.jpg,meningioma,test,test/meningioma/1470.jpg
1464.jpg,meningioma,test,test/meningioma/1464.jpg
1472.jpg,meningioma,test,test/meningioma/1472.jpg
1466.jpg,meningioma,test,test/meningioma/1466.jpg
1300.jpg,meningioma,test,test/meningioma/1300.jpg
M_777_HF_.jpg,meningioma,test,test/meningioma/M_777_HF_.jpg
M_784_DA_.jpg,meningioma,test,test/meningioma/M_784_DA_.jpg
M_794_DA_.jpg,meningioma,test,test/meningioma/M_794_DA_.jpg
1499.jpg,meningioma,test,test/meningioma/1499.jpg
image(17).jpg,meningioma,test,test/meningioma/image(17).jpg
M_86_BR_.jpg,meningioma,test,test/meningioma/M_86_BR_.jpg
M_812_HF_.jpg,meningioma,test,test/meningioma/M_812_HF_.jpg
M_802_HF_.jpg,meningioma,test,test/meningioma/M_802_HF_.jpg
M_781_VF_.jpg,meningioma,test,test/meningioma/M_781_VF_.jpg
M_791_VF_.jpg,meningioma,test,test/meningioma/M_791_VF_.jpg
M_807_SP_.jpg,meningioma,test,test/meningioma/M_807_SP_.jpg
M_817_SP_.jpg,meningioma,test,test/meningioma/M_817_SP_.jpg
image(56).jpg,meningioma,test,test/meningioma/image(56).jpg
1506.jpg,meningioma,test,test/meningioma/1506.jpg
M_79_DA_.jpg,meningioma,test,test/meningioma/M_79_DA_.jpg
1512.jpg,meningioma,test,test/meningioma/1512.jpg
M_810_VF_.jpg,meningioma,test,test/meningioma/M_810_VF_.jpg
M_800_VF_.jpg,meningioma,test,test/meningioma/M_800_VF_.jpg
M_796_SP_.jpg,meningioma,test,test/meningioma/M_796_SP_.jpg
M_786_SP_.jpg,meningioma,test,test/meningioma/M_786_SP_.jpg
1513.jpg,meningioma,test,test/meningioma/1513.jpg
1507.jpg,meningioma,test,test/meningioma/1507.jpg
M_815_DA_.jpg,meningioma,test,test/meningioma/M_815_DA_.jpg
M_805_DA_.jpg,meningioma,test,test/meningioma/M_805_DA_.jpg
1498.jpg,meningioma,test,test/meningioma/1498.jpg
1467.jpg,meningioma,test,test/meningioma/1467.jpg
M_783_HF_.jpg,meningioma,test,test/meningioma/M_783_HF_.jpg
M_793_HF_.jpg,meningioma,test,test/meningioma/M_793_HF_.jpg
M_86_RO_.jpg,meningioma,test,test/meningioma/M_86_RO_.jpg
1473.jpg,meningioma,test,test/meningioma/1473.jpg
image(67).jpg,meningioma,test,test/meningioma/image(67).jpg
M_79_RO_.jpg,meningioma,test,test/meningioma/M_79_RO_.jpg
M_84_SP_.jpg,meningioma,test,test/meningioma/M_84_SP_.jpg
M_809_HF_.jpg,meningioma,test,test/meningioma/M_809_HF_.jpg
M_818.jpg,meningioma,test,test/meningioma/M_818.jpg
M_77_VF_.jpg,meningioma,test,test/meningioma/M_77_VF_.jpg
M_788.jpg,meningioma,test,test/meningioma/M_788.jpg
image(26).jpg,meningioma,test,test/meningioma/image(26).jpg
M_777.jpg,meningioma,test,test/meningioma/M_777.jpg
1548.jpg,meningioma,test,test/meningioma/1548.jpg
M_805_BR_.jpg,meningioma,test,test/meningioma/M_805_BR_.jpg
M_815_BR_.jpg,meningioma,test,test/meningioma/M_815_BR_.jpg
M_784_RO_.jpg,meningioma,test,test/meningioma/M_784_RO_.jpg
M_779_SP_.jpg,meningioma,test,test/meningioma/M_779_SP_.jpg
M_794_RO_.jpg,meningioma,test,test/meningioma/M_794_RO_.jpg
M_81_HF_.jpg,meningioma,test,test/meningioma/M_81_HF_.jpg
M_81.jpg,meningioma,test,test/meningioma/M_81.jpg
M_80.jpg,meningioma,test,test/meningioma/M_80.jpg
M_86_DA_.jpg,meningioma,test,test/meningioma/M_86_DA_.jpg
1549.jpg,meningioma,test,test/meningioma/1549.jpg
M_794_BR_.jpg,meningioma,test,test/meningioma/M_794_BR_.jpg
M_784_BR_.jpg,meningioma,test,test/meningioma/M_784_BR_.jpg
M_815_RO_.jpg,meningioma,test,test/meningioma/M_815_RO_.jpg
M_805_RO_.jpg,meningioma,test,test/meningioma/M_805_RO_.jpg
M_789.jpg,meningioma,test,test/meningioma/M_789.jpg
M_83_VF_.jpg,meningioma,test,test/meningioma/M_83_VF_.jpg
M_79_BR_.jpg,meningioma,test,test/meningioma/M_79_BR_.jpg
M_819.jpg,meningioma,test,test/meningioma/M_819.jpg
M_788_HF_.jpg,meningioma,test,test/meningioma/M_788_HF_.jpg
M_798_HF_.jpg,meningioma,test,test/meningioma/M_798_HF_.jpg
M_815_SP_.jpg,meningioma,test,test/meningioma/M_815_SP_.jpg
M_805_SP_.jpg,meningioma,test,test/meningioma/M_805_SP_.jpg
M_793_VF_.jpg,meningioma,test,test/meningioma/M_793_VF_.jpg
M_783_VF_.jpg,meningioma,test,test/meningioma/M_783_VF_.jpg
M_779_BR_.jpg,meningioma,test,test/meningioma/M_779_BR_.jpg
image(121).jpg,meningioma,test,test/meningioma/image(121).jpg
M_796_DA_.jpg,meningioma,test,test/meningioma/M_796_DA_.jpg
M_786_DA_.jpg,meningioma,test,test/meningioma/M_786_DA_.jpg
M_800_HF_.jpg,meningioma,test,test/meningioma/M_800_HF_.jpg
M_810_HF_.jpg,meningioma,test,test/meningioma/M_810_HF_.jpg
M_82.jpg,meningioma,test,test/meningioma/M_82.jpg
M_84_BR_.jpg,meningioma,test,test/meningioma/M_84_BR_.jpg
M_83.jpg,meningioma,test,test/meningioma/M_83.jpg
M_807_DA_.jpg,meningioma,test,test/meningioma/M_807_DA_.jpg
M_817_DA_.jpg,meningioma,test,test/meningioma/M_817_DA_.jpg
M_79_SP_.jpg,meningioma,test,test/meningioma/M_79_SP_.jpg
M_791_HF_.jpg,meningioma,test,test/meningioma/M_791_HF_.jpg
M_84_RO_.jpg,meningioma,test,test/meningioma/M_84_RO_.jpg
M_781_HF_.jpg,meningioma,test,test/meningioma/M_781_HF_.jpg
image(51).jpg,meningioma,test,test/meningioma/image(51).jpg
M_784_SP_.jpg,meningioma,test,test/meningioma/M_784_SP_.jpg
M_779_RO_.jpg,meningioma,test,test/meningioma/M_779_RO_.jpg
image(47).jpg,meningioma,test,test/meningioma/image(47).jpg
M_794_SP_.jpg,meningioma,test,test/meningioma/M_794_SP_.jpg
M_802_VF_.jpg,meningioma,test,test/meningioma/M_802_VF_.jpg
M_812_VF_.jpg,meningioma,test,test/meningioma/M_812_VF_.jpg
M_777_VF_.jpg,meningioma,test,test/meningioma/M_777_VF_.jpg
image(10).jpg,meningioma,test,test/meningioma/image(10).jpg
image(11).jpg,meningioma,test,test/meningioma/image(11).jpg
M_804_SP_.jpg,meningioma,test,test/meningioma/M_804_SP_.jpg
M_814_SP_.jpg,meningioma,test,test/meningioma/M_814_SP_.jpg
M_778_BR_.jpg,meningioma,test,test/meningioma/M_778_BR_.jpg
M_782_VF_.jpg,meningioma,test,test/meningioma/M_782_VF_.jpg
M_7_RO_.jpg,meningioma,test,test/meningioma/M_7_RO_.jpg
image(46).jpg,meningioma,test,test/meningioma/image(46).jpg
M_792_VF_.jpg,meningioma,test,test/meningioma/M_792_VF_.jpg
M_811_HF_.jpg,meningioma,test,test/meningioma/M_811_HF_.jpg
M_801_HF_.jpg,meningioma,test,test/meningioma/M_801_HF_.jpg
M_85_BR_.jpg,meningioma,test,test/meningioma/M_85_BR_.jpg
image(50).jpg,meningioma,test,test/meningioma/image(50).jpg
M_78.jpg,meningioma,test,test/meningioma/M_78.jpg
M_87.jpg,meningioma,test,test/meningioma/M_87.jpg
M_787_DA_.jpg,meningioma,test,test/meningioma/M_787_DA_.jpg
M_797_DA_.jpg,meningioma,test,test/meningioma/M_797_DA_.jpg
M_780_HF_.jpg,meningioma,test,test/meningioma/M_780_HF_.jpg
M_78_SP_.jpg,meningioma,test,test/meningioma/M_78_SP_.jpg
M_86.jpg,meningioma,test,test/meningioma/M_86.jpg
M_85_RO_.jpg,meningioma,test,test/meningioma/M_85_RO_.jpg
M_790_HF_.jpg,meningioma,test,test/meningioma/M_790_HF_.jpg
M_79.jpg,meningioma,test,test/meningioma/M_79.jpg
image(120).jpg,meningioma,test,test/meningioma/image(120).jpg
M_816_DA_.jpg,meningioma,test,test/meningioma/M_816_DA_.jpg
M_806_DA_.jpg,meningioma,test,test/meningioma/M_806_DA_.jpg
M_776_VF_.jpg,meningioma,test,test/meningioma/M_776_VF_.jpg
M_7_BR_.jpg,meningioma,test,test/meningioma/M_7_BR_.jpg
M_795_SP_.jpg,meningioma,test,test/meningioma/M_795_SP_.jpg
M_785_SP_.jpg,meningioma,test,test/meningioma/M_785_SP_.jpg
M_778_RO_.jpg,meningioma,test,test/meningioma/M_778_RO_.jpg
M_813_VF_.jpg,meningioma,test,test/meningioma/M_813_VF_.jpg
M_803_VF_.jpg,meningioma,test,test/meningioma/M_803_VF_.jpg
M_808_HF_.jpg,meningioma,test,test/meningioma/M_808_HF_.jpg
M_818_HF_.jpg,meningioma,test,test/meningioma/M_818_HF_.jpg
M_809.jpg,meningioma,test,test/meningioma/M_809.jpg
M_78_RO_.jpg,meningioma,test,test/meningioma/M_78_RO_.jpg
M_85_SP_.jpg,meningioma,test,test/meningioma/M_85_SP_.jpg
image(2).jpg,meningioma,test,test/meningioma/image(2).jpg
M_814_BR_.jpg,meningioma,test,test/meningioma/M_814_BR_.jpg
M_804_BR_.jpg,meningioma,test,test/meningioma/M_804_BR_.jpg
M_799.jpg,meningioma,test,test/meningioma/M_799.jpg
M_80_HF_.jpg,meningioma,test,test/meningioma/M_80_HF_.jpg
M_795_RO_.jpg,meningioma,test,test/meningioma/M_795_RO_.jpg
M_785_RO_.jpg,meningioma,test,test/meningioma/M_785_RO_.jpg
M_778_SP_.jpg,meningioma,test,test/meningioma/M_778_SP_.jpg
image(100).jpg,meningioma,test,test/meningioma/image(100).jpg
M_84.jpg,meningioma,test,test/meningioma/M_84.jpg
M_785_BR_.jpg,meningioma,test,test/meningioma/M_785_BR_.jpg
M_7_SP_.jpg,meningioma,test,test/meningioma/M_7_SP_.jpg
M_795_BR_.jpg,meningioma,test,test/meningioma/M_795_BR_.jpg
M_85.jpg,meningioma,test,test/meningioma/M_85.jpg
M_804_RO_.jpg,meningioma,test,test/meningioma/M_804_RO_.jpg
M_814_RO_.jpg,meningioma,test,test/meningioma/M_814_RO_.jpg
M_87_DA_.jpg,meningioma,test,test/meningioma/M_87_DA_.jpg
M_798.jpg,meningioma,test,test/meningioma/M_798.jpg
M_799_HF_.jpg,meningioma,test,test/meningioma/M_799_HF_.jpg
M_789_HF_.jpg,meningioma,test,test/meningioma/M_789_HF_.jpg
M_808.jpg,meningioma,test,test/meningioma/M_808.jpg
image(66).jpg,meningioma,test,test/meningioma/image(66).jpg
M_78_BR_.jpg,meningioma,test,test/meningioma/M_78_BR_.jpg
M_82_VF_.jpg,meningioma,test,test/meningioma/M_82_VF_.jpg
